1,non-ag,1.0
1,low,1.0
1,tail,0.7777777777777778
1,head,0.2222222222222222
1,agriculture,0.0
1,high,0.0
211,non-ag,1.0
211,low,1.0
211,tail,0.1111111111111111
211,head,0.8888888888888888
211,agriculture,0.0
211,high,0.0
3874,non-ag,1.0
3874,low,0.7916666666666667
3874,tail,0.4166666666666667
3874,head,0.5833333333333334
3874,agriculture,0.0
3874,high,0.2083333333333333
3187,non-ag,1.0
3187,low,1.0
3187,tail,0.2857142857142857
3187,head,0.7142857142857143
3187,agriculture,0.0
3187,high,0.0
4966,non-ag,0.6666666666666666
4966,low,1.0
4966,tail,0.1666666666666666
4966,head,0.8333333333333334
4966,agriculture,0.3333333333333333
4966,high,0.0
5811,non-ag,1.0
5811,low,1.0
5811,tail,0.6250000000000001
5811,head,0.375
5811,agriculture,0.0
5811,high,0.0
11002,non-ag,0.8734693877551021
11002,low,1.0
11002,tail,0.4775510204081633
11002,head,0.5224489795918368
11002,agriculture,0.1265306122448979
11002,high,0.0
23,non-ag,1.0
23,low,1.0
23,tail,0.631578947368421
23,head,0.3684210526315789
23,agriculture,0.0
23,high,0.0
3447,non-ag,0.6666666666666666
3447,low,1.0
3447,tail,0.5
3447,head,0.5
3447,agriculture,0.3333333333333333
3447,high,0.0
28,non-ag,0.8571428571428571
28,low,1.0
28,tail,1.0
28,head,0.0
28,agriculture,0.1428571428571428
28,high,0.0
5326,non-ag,1.0
5326,low,1.0
5326,tail,0.6666666666666667
5326,head,0.3333333333333333
5326,agriculture,0.0
5326,high,0.0
7109,non-ag,0.6666666666666666
7109,low,1.0
7109,tail,0.1111111111111111
7109,head,0.888888888888889
7109,agriculture,0.3333333333333333
7109,high,0.0
18688,non-ag,1.0
18688,low,1.0
18688,tail,0.2857142857142857
18688,head,0.7142857142857143
18688,agriculture,0.0
18688,high,0.0
30,non-ag,0.906896551724138
30,low,1.0
30,tail,0.6241379310344828
30,head,0.3758620689655172
30,agriculture,0.093103448275862
30,high,0.0
2405,non-ag,1.0
2405,low,1.0
2405,tail,0.8
2405,head,0.2
2405,agriculture,0.0
2405,high,0.0
7290,non-ag,1.0
7290,low,1.0
7290,tail,0.0588235294117647
7290,head,0.9411764705882352
7290,agriculture,0.0
7290,high,0.0
7724,non-ag,1.0
7724,low,1.0
7724,tail,0.1666666666666666
7724,head,0.8333333333333334
7724,agriculture,0.0
7724,high,0.0
9089,non-ag,0.8695652173913042
9089,low,1.0
9089,tail,0.217391304347826
9089,head,0.7826086956521737
9089,agriculture,0.1304347826086956
9089,high,0.0
6754,non-ag,1.0
6754,low,1.0
6754,tail,0.3333333333333333
6754,head,0.6666666666666666
6754,agriculture,0.0
6754,high,0.0
8769,non-ag,0.6000000000000001
8769,low,1.0
8769,tail,0.8
8769,head,0.2
8769,agriculture,0.4
8769,high,0.0
1519,non-ag,1.0
1519,low,0.8
1519,tail,0.0
1519,head,1.0
1519,agriculture,0.0
1519,high,0.2
1652,non-ag,1.0
1652,low,0.875
1652,tail,0.5625
1652,head,0.4375
1652,agriculture,0.0
1652,high,0.125
5650,non-ag,0.5847457627118645
5650,low,1.0
5650,tail,0.3728813559322034
5650,head,0.6271186440677966
5650,agriculture,0.4152542372881356
5650,high,0.0
11479,non-ag,1.0
11479,low,0.8
11479,tail,0.2
11479,head,0.8
11479,agriculture,0.0
11479,high,0.2
3635,non-ag,0.6666666666666667
3635,low,1.0
3635,tail,0.4666666666666667
3635,head,0.5333333333333334
3635,agriculture,0.3333333333333333
3635,high,0.0
19699,non-ag,1.0
19699,low,0.7777777777777777
19699,tail,0.2407407407407407
19699,head,0.7592592592592594
19699,agriculture,0.0
19699,high,0.2222222222222222
22296,non-ag,1.0
22296,low,0.8333333333333334
22296,tail,0.1666666666666666
22296,head,0.8333333333333334
22296,agriculture,0.0
22296,high,0.1666666666666666
6536,non-ag,1.0
6536,low,1.0
6536,tail,0.1
6536,head,0.9
6536,agriculture,0.0
6536,high,0.0
1399,non-ag,1.0
1399,low,1.0
1399,tail,0.7755102040816327
1399,head,0.2244897959183673
1399,agriculture,0.0
1399,high,0.0
62,non-ag,0.9805194805194806
62,low,1.0
62,tail,0.3506493506493507
62,head,0.6493506493506495
62,agriculture,0.0194805194805194
62,high,0.0
7457,non-ag,1.0
7457,low,0.6666666666666666
7457,tail,0.1666666666666666
7457,head,0.8333333333333334
7457,agriculture,0.0
7457,high,0.3333333333333333
19017,non-ag,0.9615384615384616
19017,low,0.9615384615384616
19017,tail,0.0
19017,head,1.0
19017,agriculture,0.0384615384615384
19017,high,0.0384615384615384
7643,non-ag,1.0
7643,low,0.761904761904762
7643,tail,0.1904761904761905
7643,head,0.8095238095238095
7643,agriculture,0.0
7643,high,0.2380952380952381
3003,non-ag,1.0
3003,low,0.9514563106796116
3003,tail,0.1067961165048543
3003,head,0.8932038834951456
3003,agriculture,0.0
3003,high,0.0485436893203883
12484,non-ag,0.9166666666666666
12484,low,1.0
12484,tail,0.0833333333333333
12484,head,0.9166666666666666
12484,agriculture,0.0833333333333333
12484,high,0.0
5125,non-ag,1.0
5125,low,1.0
5125,tail,0.5384615384615385
5125,head,0.4615384615384615
5125,agriculture,0.0
5125,high,0.0
25,non-ag,1.0
25,low,0.1428571428571428
25,tail,0.0571428571428571
25,head,0.942857142857143
25,agriculture,0.0
25,high,0.8571428571428571
2988,non-ag,1.0
2988,low,0.5833333333333334
2988,tail,0.1666666666666666
2988,head,0.8333333333333334
2988,agriculture,0.0
2988,high,0.4166666666666667
8617,non-ag,1.0
8617,low,0.0
8617,tail,0.0
8617,head,1.0
8617,agriculture,0.0
8617,high,1.0
12222,non-ag,1.0
12222,low,0.0
12222,tail,0.0
12222,head,1.0
12222,agriculture,0.0
12222,high,1.0
166,non-ag,1.0
166,low,0.6764705882352942
166,tail,0.2058823529411765
166,head,0.7941176470588236
166,agriculture,0.0
166,high,0.3235294117647059
3463,non-ag,1.0
3463,low,1.0
3463,tail,0.7777777777777778
3463,head,0.2222222222222222
3463,agriculture,0.0
3463,high,0.0
3440,non-ag,1.0
3440,low,0.8666666666666668
3440,tail,0.3333333333333333
3440,head,0.6666666666666667
3440,agriculture,0.0
3440,high,0.1333333333333333
9675,non-ag,1.0
9675,low,1.0
9675,tail,0.1666666666666666
9675,head,0.8333333333333334
9675,agriculture,0.0
9675,high,0.0
12746,non-ag,1.0
12746,low,1.0
12746,tail,0.25
12746,head,0.75
12746,agriculture,0.0
12746,high,0.0
91,non-ag,1.0
91,low,1.0
91,tail,0.6470588235294118
91,head,0.3529411764705882
91,agriculture,0.0
91,high,0.0
10341,non-ag,1.0
10341,low,0.7333333333333334
10341,tail,0.2666666666666666
10341,head,0.7333333333333334
10341,agriculture,0.0
10341,high,0.2666666666666666
22232,non-ag,1.0
22232,low,1.0
22232,tail,0.303030303030303
22232,head,0.696969696969697
22232,agriculture,0.0
22232,high,0.0
3263,non-ag,1.0
3263,low,1.0
3263,tail,0.1666666666666666
3263,head,0.8333333333333334
3263,agriculture,0.0
3263,high,0.0
2778,non-ag,0.711864406779661
2778,low,1.0
2778,tail,0.576271186440678
2778,head,0.423728813559322
2778,agriculture,0.288135593220339
2778,high,0.0
1256,non-ag,1.0
1256,low,1.0
1256,tail,0.6363636363636365
1256,head,0.3636363636363636
1256,agriculture,0.0
1256,high,0.0
5050,non-ag,1.0
5050,low,1.0
5050,tail,0.6666666666666666
5050,head,0.3333333333333333
5050,agriculture,0.0
5050,high,0.0
15954,non-ag,1.0
15954,low,1.0
15954,tail,0.2857142857142857
15954,head,0.7142857142857143
15954,agriculture,0.0
15954,high,0.0
1703,non-ag,1.0
1703,low,1.0
1703,tail,0.1666666666666666
1703,head,0.8333333333333334
1703,agriculture,0.0
1703,high,0.0
7208,non-ag,0.4
7208,low,1.0
7208,tail,0.4
7208,head,0.6000000000000001
7208,agriculture,0.6000000000000001
7208,high,0.0
12447,non-ag,1.0
12447,low,0.7906976744186048
12447,tail,0.1395348837209302
12447,head,0.8604651162790697
12447,agriculture,0.0
12447,high,0.2093023255813953
23455,non-ag,1.0
23455,low,0.8333333333333334
23455,tail,0.0
23455,head,1.0
23455,agriculture,0.0
23455,high,0.1666666666666666
27751,non-ag,1.0
27751,low,0.8333333333333334
27751,tail,0.3333333333333333
27751,head,0.6666666666666666
27751,agriculture,0.0
27751,high,0.1666666666666666
12178,non-ag,1.0
12178,low,0.8333333333333334
12178,tail,0.4166666666666667
12178,head,0.5833333333333334
12178,agriculture,0.0
12178,high,0.1666666666666666
4698,non-ag,1.0
4698,low,0.8461538461538461
4698,tail,0.0769230769230769
4698,head,0.9230769230769232
4698,agriculture,0.0
4698,high,0.1538461538461538
125,non-ag,1.0
125,low,0.6000000000000001
125,tail,0.0
125,head,1.0
125,agriculture,0.0
125,high,0.4
3917,non-ag,1.0
3917,low,0.6985645933014355
3917,tail,0.2535885167464115
3917,head,0.7464114832535885
3917,agriculture,0.0
3917,high,0.3014354066985646
8534,non-ag,1.0
8534,low,1.0
8534,tail,0.2280701754385964
8534,head,0.7719298245614036
8534,agriculture,0.0
8534,high,0.0
6447,non-ag,1.0
6447,low,0.6976744186046512
6447,tail,0.2093023255813953
6447,head,0.7906976744186048
6447,agriculture,0.0
6447,high,0.3023255813953489
9241,non-ag,1.0
9241,low,0.7500000000000001
9241,tail,0.1666666666666666
9241,head,0.8333333333333334
9241,agriculture,0.0
9241,high,0.25
8637,non-ag,1.0
8637,low,0.6666666666666666
8637,tail,0.1333333333333333
8637,head,0.8666666666666666
8637,agriculture,0.0
8637,high,0.3333333333333333
12044,non-ag,1.0
12044,low,0.3749999999999999
12044,tail,0.0833333333333333
12044,head,0.9166666666666666
12044,agriculture,0.0
12044,high,0.625
498,non-ag,1.0
498,low,0.8936170212765958
498,tail,0.4680851063829788
498,head,0.5319148936170213
498,agriculture,0.0
498,high,0.1063829787234042
8705,non-ag,0.6250000000000001
8705,low,1.0
8705,tail,0.5
8705,head,0.5
8705,agriculture,0.375
8705,high,0.0
3428,non-ag,1.0
3428,low,1.0
3428,tail,0.7142857142857144
3428,head,0.2857142857142857
3428,agriculture,0.0
3428,high,0.0
193,non-ag,1.0
193,low,0.9333333333333332
193,tail,0.3666666666666667
193,head,0.6333333333333333
193,agriculture,0.0
193,high,0.0666666666666666
151,non-ag,1.0
151,low,0.25
151,tail,0.0
151,head,1.0
151,agriculture,0.0
151,high,0.75
1893,non-ag,1.0
1893,low,0.6
1893,tail,0.0
1893,head,1.0
1893,agriculture,0.0
1893,high,0.4
2066,non-ag,1.0
2066,low,0.8571428571428575
2066,tail,0.1428571428571429
2066,head,0.8571428571428575
2066,agriculture,0.0
2066,high,0.1428571428571429
2360,non-ag,1.0
2360,low,0.2
2360,tail,0.0
2360,head,1.0
2360,agriculture,0.0
2360,high,0.8
4558,non-ag,1.0
4558,low,0.6000000000000001
4558,tail,0.2
4558,head,0.8
4558,agriculture,0.0
4558,high,0.4
8086,non-ag,1.0
8086,low,0.7241379310344828
8086,tail,0.2413793103448275
8086,head,0.7586206896551725
8086,agriculture,0.0
8086,high,0.2758620689655172
9770,non-ag,1.0
9770,low,0.4
9770,tail,0.0
9770,head,1.0
9770,agriculture,0.0
9770,high,0.6000000000000001
10472,non-ag,1.0
10472,low,0.0
10472,tail,0.0
10472,head,1.0
10472,agriculture,0.0
10472,high,1.0
11808,non-ag,1.0
11808,low,0.4074074074074074
11808,tail,0.0
11808,head,1.0
11808,agriculture,0.0
11808,high,0.5925925925925926
12006,non-ag,1.0
12006,low,0.6363636363636364
12006,tail,0.1818181818181818
12006,head,0.8181818181818182
12006,agriculture,0.0
12006,high,0.3636363636363637
10159,non-ag,1.0
10159,low,0.875
10159,tail,0.125
10159,head,0.875
10159,agriculture,0.0
10159,high,0.125
7807,non-ag,1.0
7807,low,0.8888888888888888
7807,tail,0.3809523809523809
7807,head,0.6190476190476191
7807,agriculture,0.0
7807,high,0.1111111111111111
16573,non-ag,1.0
16573,low,0.4285714285714286
16573,tail,0.2857142857142857
16573,head,0.7142857142857144
16573,agriculture,0.0
16573,high,0.5714285714285715
10898,non-ag,1.0
10898,low,0.4
10898,tail,0.6000000000000001
10898,head,0.4
10898,agriculture,0.0
10898,high,0.6000000000000001
17905,non-ag,1.0
17905,low,0.5238095238095241
17905,tail,0.1904761904761905
17905,head,0.8095238095238096
17905,agriculture,0.0
17905,high,0.4761904761904763
18571,non-ag,1.0
18571,low,0.0
18571,tail,0.2
18571,head,0.8
18571,agriculture,0.0
18571,high,1.0
20446,non-ag,0.6666666666666666
20446,low,0.8333333333333334
20446,tail,0.0
20446,head,1.0
20446,agriculture,0.3333333333333333
20446,high,0.1666666666666666
156,non-ag,1.0
156,low,1.0
156,tail,0.7142857142857143
156,head,0.2857142857142857
156,agriculture,0.0
156,high,0.0
6345,non-ag,1.0
6345,low,0.8571428571428571
6345,tail,0.5714285714285714
6345,head,0.4285714285714285
6345,agriculture,0.0
6345,high,0.1428571428571428
13363,non-ag,1.0
13363,low,1.0
13363,tail,0.4
13363,head,0.6000000000000001
13363,agriculture,0.0
13363,high,0.0
164,non-ag,1.0
164,low,0.9285714285714288
164,tail,0.6428571428571429
164,head,0.3571428571428571
164,agriculture,0.0
164,high,0.0714285714285714
29849,non-ag,1.0
29849,low,0.7500000000000001
29849,tail,0.1666666666666666
29849,head,0.8333333333333334
29849,agriculture,0.0
29849,high,0.25
29629,non-ag,1.0
29629,low,0.8333333333333334
29629,tail,0.3333333333333333
29629,head,0.6666666666666666
29629,agriculture,0.0
29629,high,0.1666666666666666
6563,non-ag,1.0
6563,low,1.0
6563,tail,0.5
6563,head,0.5
6563,agriculture,0.0
6563,high,0.0
2368,non-ag,0.8148148148148149
2368,low,1.0
2368,tail,0.3703703703703704
2368,head,0.6296296296296297
2368,agriculture,0.1851851851851852
2368,high,0.0
6313,non-ag,1.0
6313,low,1.0
6313,tail,0.4375
6313,head,0.5625
6313,agriculture,0.0
6313,high,0.0
1258,non-ag,1.0
1258,low,0.5555555555555556
1258,tail,0.1111111111111111
1258,head,0.888888888888889
1258,agriculture,0.0
1258,high,0.4444444444444445
6093,non-ag,1.0
6093,low,0.8666666666666666
6093,tail,0.0666666666666666
6093,head,0.9333333333333336
6093,agriculture,0.0
6093,high,0.1333333333333333
3785,non-ag,1.0
3785,low,0.7777777777777778
3785,tail,0.0
3785,head,1.0
3785,agriculture,0.0
3785,high,0.2222222222222222
167,non-ag,1.0
167,low,1.0
167,tail,0.5714285714285714
167,head,0.4285714285714285
167,agriculture,0.0
167,high,0.0
258,non-ag,1.0
258,low,0.75
258,tail,0.0
258,head,1.0
258,agriculture,0.0
258,high,0.25
670,non-ag,1.0
670,low,1.0
670,tail,0.6000000000000001
670,head,0.4
670,agriculture,0.0
670,high,0.0
2290,non-ag,1.0
2290,low,1.0
2290,tail,0.1428571428571428
2290,head,0.8571428571428571
2290,agriculture,0.0
2290,high,0.0
2986,non-ag,1.0
2986,low,1.0
2986,tail,0.0
2986,head,1.0
2986,agriculture,0.0
2986,high,0.0
3254,non-ag,1.0
3254,low,1.0
3254,tail,0.0
3254,head,1.0
3254,agriculture,0.0
3254,high,0.0
4052,non-ag,1.0
4052,low,1.0
4052,tail,0.0
4052,head,1.0
4052,agriculture,0.0
4052,high,0.0
4669,non-ag,1.0
4669,low,1.0
4669,tail,0.3333333333333333
4669,head,0.6666666666666666
4669,agriculture,0.0
4669,high,0.0
5637,non-ag,1.0
5637,low,0.8
5637,tail,0.0
5637,head,1.0
5637,agriculture,0.0
5637,high,0.2
6004,non-ag,1.0
6004,low,1.0
6004,tail,0.0
6004,head,1.0
6004,agriculture,0.0
6004,high,0.0
11195,non-ag,1.0
11195,low,1.0
11195,tail,0.4
11195,head,0.6000000000000001
11195,agriculture,0.0
11195,high,0.0
2585,non-ag,1.0
2585,low,0.6428571428571429
2585,tail,0.2857142857142857
2585,head,0.7142857142857143
2585,agriculture,0.0
2585,high,0.3571428571428571
2335,non-ag,1.0
2335,low,1.0
2335,tail,0.4285714285714285
2335,head,0.5714285714285714
2335,agriculture,0.0
2335,high,0.0
3571,non-ag,1.0
3571,low,1.0
3571,tail,0.4444444444444444
3571,head,0.5555555555555556
3571,agriculture,0.0
3571,high,0.0
4576,non-ag,0.8333333333333333
4576,low,1.0
4576,tail,0.1666666666666666
4576,head,0.8333333333333333
4576,agriculture,0.1666666666666666
4576,high,0.0
7814,non-ag,0.8947368421052629
7814,low,1.0
7814,tail,0.3421052631578947
7814,head,0.6578947368421053
7814,agriculture,0.1052631578947368
7814,high,0.0
2193,non-ag,0.9200000000000002
2193,low,1.0
2193,tail,0.2
2193,head,0.7999999999999999
2193,agriculture,0.08
2193,high,0.0
2156,non-ag,0.8571428571428571
2156,low,1.0
2156,tail,0.5714285714285714
2156,head,0.4285714285714285
2156,agriculture,0.1428571428571428
2156,high,0.0
2824,non-ag,1.0
2824,low,1.0
2824,tail,0.4
2824,head,0.6000000000000001
2824,agriculture,0.0
2824,high,0.0
3227,non-ag,1.0
3227,low,0.8
3227,tail,0.4
3227,head,0.6000000000000001
3227,agriculture,0.0
3227,high,0.2
180,non-ag,1.0
180,low,1.0
180,tail,0.5185185185185185
180,head,0.4814814814814814
180,agriculture,0.0
180,high,0.0
5759,non-ag,0.9401709401709402
5759,low,1.0
5759,tail,0.7008547008547009
5759,head,0.2991452991452991
5759,agriculture,0.0598290598290598
5759,high,0.0
12280,non-ag,1.0
12280,low,1.0
12280,tail,0.1666666666666666
12280,head,0.8333333333333334
12280,agriculture,0.0
12280,high,0.0
185,non-ag,1.0
185,low,1.0
185,tail,0.125
185,head,0.8750000000000001
185,agriculture,0.0
185,high,0.0
1527,non-ag,1.0
1527,low,1.0
1527,tail,0.2
1527,head,0.8
1527,agriculture,0.0
1527,high,0.0
744,non-ag,1.0
744,low,1.0
744,tail,0.1111111111111111
744,head,0.888888888888889
744,agriculture,0.0
744,high,0.0
3191,non-ag,1.0
3191,low,1.0
3191,tail,0.0714285714285714
3191,head,0.9285714285714286
3191,agriculture,0.0
3191,high,0.0
183,non-ag,1.0
183,low,1.0
183,tail,0.2
183,head,0.8
183,agriculture,0.0
183,high,0.0
10848,non-ag,1.0
10848,low,1.0
10848,tail,0.0
10848,head,1.0
10848,agriculture,0.0
10848,high,0.0
1552,non-ag,1.0
1552,low,0.7142857142857142
1552,tail,0.1428571428571428
1552,head,0.8571428571428571
1552,agriculture,0.0
1552,high,0.2857142857142857
186,non-ag,0.6530612244897959
186,low,1.0
186,tail,0.5918367346938775
186,head,0.4081632653061224
186,agriculture,0.3469387755102041
186,high,0.0
285,non-ag,1.0
285,low,1.0
285,tail,0.7647058823529411
285,head,0.2352941176470588
285,agriculture,0.0
285,high,0.0
9100,non-ag,0.0
9100,low,1.0
9100,tail,0.1428571428571428
9100,head,0.8571428571428571
9100,agriculture,1.0
9100,high,0.0
10673,non-ag,1.0
10673,low,0.95
10673,tail,0.15
10673,head,0.85
10673,agriculture,0.0
10673,high,0.05
12498,non-ag,1.0
12498,low,0.9545454545454546
12498,tail,0.2727272727272727
12498,head,0.7272727272727274
12498,agriculture,0.0
12498,high,0.0454545454545454
13105,non-ag,1.0
13105,low,1.0
13105,tail,0.5555555555555556
13105,head,0.4444444444444444
13105,agriculture,0.0
13105,high,0.0
987,non-ag,1.0
987,low,1.0
987,tail,0.2857142857142857
987,head,0.7142857142857143
987,agriculture,0.0
987,high,0.0
3904,non-ag,1.0
3904,low,1.0
3904,tail,0.2
3904,head,0.8
3904,agriculture,0.0
3904,high,0.0
6619,non-ag,1.0
6619,low,1.0
6619,tail,0.0999999999999999
6619,head,0.8999999999999999
6619,agriculture,0.0
6619,high,0.0
1879,non-ag,1.0
1879,low,1.0
1879,tail,0.2941176470588235
1879,head,0.7058823529411765
1879,agriculture,0.0
1879,high,0.0
2362,non-ag,0.8888888888888888
2362,low,1.0
2362,tail,1.0
2362,head,0.0
2362,agriculture,0.1111111111111111
2362,high,0.0
8447,non-ag,0.9090909090909092
8447,low,1.0
8447,tail,0.4545454545454546
8447,head,0.5454545454545455
8447,agriculture,0.0909090909090909
8447,high,0.0
8531,non-ag,0.7
8531,low,1.0
8531,tail,0.4
8531,head,0.6000000000000001
8531,agriculture,0.3
8531,high,0.0
8396,non-ag,1.0
8396,low,1.0
8396,tail,0.2857142857142857
8396,head,0.7142857142857143
8396,agriculture,0.0
8396,high,0.0
5433,non-ag,0.0
5433,low,1.0
5433,tail,0.1111111111111111
5433,head,0.8888888888888888
5433,agriculture,1.0
5433,high,0.0
901,non-ag,1.0
901,low,0.3333333333333333
901,tail,0.1666666666666666
901,head,0.8333333333333334
901,agriculture,0.0
901,high,0.6666666666666666
2134,non-ag,1.0
2134,low,1.0
2134,tail,0.0
2134,head,1.0
2134,agriculture,0.0
2134,high,0.0
21,non-ag,0.9583333333333336
21,low,1.0
21,tail,0.4305555555555556
21,head,0.5694444444444445
21,agriculture,0.0416666666666666
21,high,0.0
9597,non-ag,1.0
9597,low,0.8333333333333334
9597,tail,0.3333333333333333
9597,head,0.6666666666666666
9597,agriculture,0.0
9597,high,0.1666666666666666
15474,non-ag,0.8333333333333334
15474,low,0.6666666666666666
15474,tail,0.0
15474,head,1.0
15474,agriculture,0.1666666666666666
15474,high,0.3333333333333333
7665,non-ag,1.0
7665,low,0.8571428571428571
7665,tail,0.2857142857142857
7665,head,0.7142857142857142
7665,agriculture,0.0
7665,high,0.1428571428571428
21924,non-ag,1.0
21924,low,0.4
21924,tail,0.0
21924,head,1.0
21924,agriculture,0.0
21924,high,0.6000000000000001
22990,non-ag,1.0
22990,low,0.875
22990,tail,0.25
22990,head,0.7500000000000001
22990,agriculture,0.0
22990,high,0.125
2202,non-ag,0.5789473684210527
2202,low,1.0
2202,tail,0.2631578947368421
2202,head,0.7368421052631579
2202,agriculture,0.4210526315789474
2202,high,0.0
7316,non-ag,0.5454545454545455
7316,low,1.0
7316,tail,0.3636363636363637
7316,head,0.6363636363636364
7316,agriculture,0.4545454545454546
7316,high,0.0
15871,non-ag,0.5714285714285714
15871,low,1.0
15871,tail,0.4285714285714285
15871,head,0.5714285714285714
15871,agriculture,0.4285714285714285
15871,high,0.0
3145,non-ag,1.0
3145,low,1.0
3145,tail,0.5
3145,head,0.5
3145,agriculture,0.0
3145,high,0.0
2354,non-ag,0.7142857142857142
2354,low,1.0
2354,tail,0.2857142857142857
2354,head,0.7142857142857142
2354,agriculture,0.2857142857142857
2354,high,0.0
6584,non-ag,0.7500000000000001
6584,low,1.0
6584,tail,0.6250000000000001
6584,head,0.375
6584,agriculture,0.25
6584,high,0.0
2257,non-ag,0.0
2257,low,1.0
2257,tail,0.6153846153846154
2257,head,0.3846153846153846
2257,agriculture,1.0
2257,high,0.0
1206,non-ag,1.0
1206,low,0.8461538461538461
1206,tail,0.0769230769230769
1206,head,0.9230769230769232
1206,agriculture,0.0
1206,high,0.1538461538461538
1869,non-ag,1.0
1869,low,1.0
1869,tail,0.1428571428571428
1869,head,0.8571428571428571
1869,agriculture,0.0
1869,high,0.0
27111,non-ag,1.0
27111,low,1.0
27111,tail,0.2857142857142857
27111,head,0.7142857142857143
27111,agriculture,0.0
27111,high,0.0
16888,non-ag,1.0
16888,low,1.0
16888,tail,0.0
16888,head,1.0
16888,agriculture,0.0
16888,high,0.0
4865,non-ag,0.7
4865,low,1.0
4865,tail,0.7
4865,head,0.3
4865,agriculture,0.3
4865,high,0.0
3455,non-ag,0.7954545454545455
3455,low,1.0
3455,tail,0.2954545454545454
3455,head,0.7045454545454547
3455,agriculture,0.2045454545454545
3455,high,0.0
915,non-ag,1.0
915,low,1.0
915,tail,0.411764705882353
915,head,0.5882352941176471
915,agriculture,0.0
915,high,0.0
779,non-ag,1.0
779,low,1.0
779,tail,0.1
779,head,0.9
779,agriculture,0.0
779,high,0.0
3221,non-ag,1.0
3221,low,1.0
3221,tail,0.5
3221,head,0.5
3221,agriculture,0.0
3221,high,0.0
817,non-ag,0.7692307692307693
817,low,1.0
817,tail,0.0769230769230769
817,head,0.9230769230769232
817,agriculture,0.2307692307692308
817,high,0.0
10118,non-ag,1.0
10118,low,1.0
10118,tail,0.5
10118,head,0.5
10118,agriculture,0.0
10118,high,0.0
11273,non-ag,1.0
11273,low,1.0
11273,tail,0.5
11273,head,0.5
11273,agriculture,0.0
11273,high,0.0
3973,non-ag,0.8
3973,low,1.0
3973,tail,0.2
3973,head,0.8
3973,agriculture,0.2
3973,high,0.0
10264,non-ag,0.8181818181818182
10264,low,1.0
10264,tail,0.4909090909090909
10264,head,0.5090909090909091
10264,agriculture,0.1818181818181818
10264,high,0.0
3696,non-ag,0.8999999999999999
3696,low,1.0
3696,tail,0.3
3696,head,0.7
3696,agriculture,0.1
3696,high,0.0
9080,non-ag,1.0
9080,low,1.0
9080,tail,0.5333333333333334
9080,head,0.4666666666666667
9080,agriculture,0.0
9080,high,0.0
6330,non-ag,0.8260869565217391
6330,low,0.9565217391304348
6330,tail,0.0
6330,head,1.0
6330,agriculture,0.1739130434782609
6330,high,0.0434782608695652
3659,non-ag,0.8333333333333334
3659,low,1.0
3659,tail,0.1666666666666666
3659,head,0.8333333333333334
3659,agriculture,0.1666666666666666
3659,high,0.0
3730,non-ag,1.0
3730,low,1.0
3730,tail,0.7000000000000001
3730,head,0.3
3730,agriculture,0.0
3730,high,0.0
2197,non-ag,0.9081632653061223
2197,low,1.0
2197,tail,0.663265306122449
2197,head,0.336734693877551
2197,agriculture,0.0918367346938775
2197,high,0.0
3175,non-ag,0.7142857142857142
3175,low,1.0
3175,tail,0.4285714285714285
3175,head,0.5714285714285714
3175,agriculture,0.2857142857142857
3175,high,0.0
9856,non-ag,1.0
9856,low,1.0
9856,tail,0.1666666666666666
9856,head,0.8333333333333334
9856,agriculture,0.0
9856,high,0.0
2556,non-ag,0.7142857142857142
2556,low,1.0
2556,tail,0.4285714285714285
2556,head,0.5714285714285714
2556,agriculture,0.2857142857142857
2556,high,0.0
2449,non-ag,1.0
2449,low,1.0
2449,tail,0.2857142857142857
2449,head,0.7142857142857143
2449,agriculture,0.0
2449,high,0.0
3107,non-ag,1.0
3107,low,1.0
3107,tail,0.1111111111111111
3107,head,0.8888888888888888
3107,agriculture,0.0
3107,high,0.0
5106,non-ag,1.0
5106,low,1.0
5106,tail,0.4
5106,head,0.6000000000000001
5106,agriculture,0.0
5106,high,0.0
14107,non-ag,0.5714285714285714
14107,low,1.0
14107,tail,0.7142857142857142
14107,head,0.2857142857142857
14107,agriculture,0.4285714285714285
14107,high,0.0
2624,non-ag,0.8571428571428571
2624,low,1.0
2624,tail,0.5714285714285714
2624,head,0.4285714285714285
2624,agriculture,0.1428571428571428
2624,high,0.0
2828,non-ag,0.7857142857142858
2828,low,1.0
2828,tail,0.3571428571428571
2828,head,0.6428571428571429
2828,agriculture,0.2142857142857142
2828,high,0.0
696,non-ag,1.0
696,low,0.9328859060402684
696,tail,0.3355704697986577
696,head,0.6644295302013422
696,agriculture,0.0
696,high,0.0671140939597315
22757,non-ag,0.9696969696969696
22757,low,1.0
22757,tail,0.2424242424242424
22757,head,0.7575757575757576
22757,agriculture,0.0303030303030303
22757,high,0.0
1561,non-ag,0.8571428571428572
1561,low,0.8571428571428572
1561,tail,0.0
1561,head,1.0
1561,agriculture,0.1428571428571429
1561,high,0.1428571428571429
13394,non-ag,0.9285714285714288
13394,low,1.0
13394,tail,0.8571428571428573
13394,head,0.1428571428571428
13394,agriculture,0.0714285714285714
13394,high,0.0
12941,non-ag,1.0
12941,low,1.0
12941,tail,0.1666666666666666
12941,head,0.8333333333333334
12941,agriculture,0.0
12941,high,0.0
16104,non-ag,1.0
16104,low,0.8832116788321168
16104,tail,0.2043795620437956
16104,head,0.7956204379562044
16104,agriculture,0.0
16104,high,0.1167883211678832
5043,non-ag,0.8
5043,low,1.0
5043,tail,0.6000000000000001
5043,head,0.4
5043,agriculture,0.2
5043,high,0.0
2991,non-ag,0.9838709677419356
2991,low,1.0
2991,tail,0.7580645161290324
2991,head,0.2419354838709677
2991,agriculture,0.0161290322580645
2991,high,0.0
1335,non-ag,1.0
1335,low,1.0
1335,tail,0.5555555555555556
1335,head,0.4444444444444444
1335,agriculture,0.0
1335,high,0.0
12105,non-ag,1.0
12105,low,1.0
12105,tail,0.6000000000000001
12105,head,0.4
12105,agriculture,0.0
12105,high,0.0
8002,non-ag,1.0
8002,low,1.0
8002,tail,0.8421052631578947
8002,head,0.1578947368421052
8002,agriculture,0.0
8002,high,0.0
5970,non-ag,1.0
5970,low,0.6428571428571429
5970,tail,0.3571428571428571
5970,head,0.6428571428571429
5970,agriculture,0.0
5970,high,0.3571428571428571
9184,non-ag,1.0
9184,low,0.2
9184,tail,0.0
9184,head,1.0
9184,agriculture,0.0
9184,high,0.8
25102,non-ag,1.0
25102,low,0.4285714285714285
25102,tail,0.1428571428571428
25102,head,0.8571428571428571
25102,agriculture,0.0
25102,high,0.5714285714285714
11590,non-ag,0.2
11590,low,1.0
11590,tail,0.4
11590,head,0.6000000000000001
11590,agriculture,0.8
11590,high,0.0
18084,non-ag,0.5
18084,low,1.0
18084,tail,0.1666666666666666
18084,head,0.8333333333333334
18084,agriculture,0.5
18084,high,0.0
802,non-ag,1.0
802,low,1.0
802,tail,0.0625
802,head,0.9375
802,agriculture,0.0
802,high,0.0
2563,non-ag,1.0
2563,low,1.0
2563,tail,0.0909090909090909
2563,head,0.9090909090909092
2563,agriculture,0.0
2563,high,0.0
945,non-ag,0.1666666666666666
945,low,1.0
945,tail,0.1333333333333333
945,head,0.8666666666666667
945,agriculture,0.8333333333333333
945,high,0.0
10342,non-ag,1.0
10342,low,0.7777777777777778
10342,tail,0.0
10342,head,1.0
10342,agriculture,0.0
10342,high,0.2222222222222222
8217,non-ag,0.9130434782608696
8217,low,0.9130434782608696
8217,tail,0.0
8217,head,1.0
8217,agriculture,0.0869565217391304
8217,high,0.0869565217391304
14594,non-ag,0.7692307692307693
14594,low,1.0
14594,tail,0.3076923076923076
14594,head,0.6923076923076923
14594,agriculture,0.2307692307692308
14594,high,0.0
19927,non-ag,1.0
19927,low,0.6666666666666666
19927,tail,0.0
19927,head,1.0
19927,agriculture,0.0
19927,high,0.3333333333333333
3203,non-ag,1.0
3203,low,1.0
3203,tail,0.2
3203,head,0.8
3203,agriculture,0.0
3203,high,0.0
2792,non-ag,1.0
2792,low,1.0
2792,tail,0.0909090909090909
2792,head,0.9090909090909092
2792,agriculture,0.0
2792,high,0.0
8074,non-ag,0.6896551724137931
8074,low,1.0
8074,tail,0.1149425287356321
8074,head,0.8850574712643678
8074,agriculture,0.3103448275862069
8074,high,0.0
7405,non-ag,1.0
7405,low,1.0
7405,tail,0.4
7405,head,0.6000000000000001
7405,agriculture,0.0
7405,high,0.0
11145,non-ag,1.0
11145,low,1.0
11145,tail,0.0
11145,head,1.0
11145,agriculture,0.0
11145,high,0.0
9479,non-ag,0.875
9479,low,1.0
9479,tail,0.5
9479,head,0.5
9479,agriculture,0.125
9479,high,0.0
10314,non-ag,1.0
10314,low,0.9047619047619048
10314,tail,0.1904761904761905
10314,head,0.8095238095238095
10314,agriculture,0.0
10314,high,0.0952380952380952
21066,non-ag,1.0
21066,low,0.6923076923076924
21066,tail,0.0
21066,head,1.0
21066,agriculture,0.0
21066,high,0.3076923076923077
7908,non-ag,1.0
7908,low,0.8333333333333334
7908,tail,0.1666666666666666
7908,head,0.8333333333333334
7908,agriculture,0.0
7908,high,0.1666666666666666
2390,non-ag,1.0
2390,low,1.0
2390,tail,0.8750000000000001
2390,head,0.125
2390,agriculture,0.0
2390,high,0.0
1661,non-ag,1.0
1661,low,1.0
1661,tail,0.3333333333333333
1661,head,0.6666666666666666
1661,agriculture,0.0
1661,high,0.0
4394,non-ag,0.7142857142857142
4394,low,1.0
4394,tail,0.4285714285714285
4394,head,0.5714285714285714
4394,agriculture,0.2857142857142857
4394,high,0.0
298,non-ag,0.9230769230769232
298,low,1.0
298,tail,0.6923076923076923
298,head,0.3076923076923077
298,agriculture,0.0769230769230769
298,high,0.0
6019,non-ag,1.0
6019,low,1.0
6019,tail,0.5714285714285714
6019,head,0.4285714285714285
6019,agriculture,0.0
6019,high,0.0
17536,non-ag,1.0
17536,low,0.9166666666666669
17536,tail,0.5833333333333334
17536,head,0.4166666666666667
17536,agriculture,0.0
17536,high,0.0833333333333333
1188,non-ag,1.0
1188,low,1.0
1188,tail,0.0
1188,head,1.0
1188,agriculture,0.0
1188,high,0.0
26340,non-ag,1.0
26340,low,1.0
26340,tail,0.0
26340,head,1.0
26340,agriculture,0.0
26340,high,0.0
26803,non-ag,0.8125
26803,low,1.0
26803,tail,0.125
26803,head,0.875
26803,agriculture,0.1875
26803,high,0.0
3387,non-ag,1.0
3387,low,1.0
3387,tail,0.0
3387,head,1.0
3387,agriculture,0.0
3387,high,0.0
7054,non-ag,0.7777777777777777
7054,low,1.0
7054,tail,0.5555555555555556
7054,head,0.4444444444444445
7054,agriculture,0.2222222222222222
7054,high,0.0
309,non-ag,1.0
309,low,1.0
309,tail,0.7142857142857143
309,head,0.2857142857142857
309,agriculture,0.0
309,high,0.0
3621,non-ag,1.0
3621,low,1.0
3621,tail,0.25
3621,head,0.75
3621,agriculture,0.0
3621,high,0.0
15101,non-ag,1.0
15101,low,1.0
15101,tail,0.4
15101,head,0.6000000000000001
15101,agriculture,0.0
15101,high,0.0
314,non-ag,1.0
314,low,1.0
314,tail,0.6250000000000001
314,head,0.375
314,agriculture,0.0
314,high,0.0
2523,non-ag,1.0
2523,low,1.0
2523,tail,0.0
2523,head,1.0
2523,agriculture,0.0
2523,high,0.0
11667,non-ag,1.0
11667,low,1.0
11667,tail,0.2941176470588235
11667,head,0.7058823529411765
11667,agriculture,0.0
11667,high,0.0
7719,non-ag,0.92
7719,low,1.0
7719,tail,0.22
7719,head,0.7799999999999999
7719,agriculture,0.0799999999999999
7719,high,0.0
20465,non-ag,1.0
20465,low,1.0
20465,tail,0.5384615384615385
20465,head,0.4615384615384615
20465,agriculture,0.0
20465,high,0.0
9495,non-ag,0.975609756097561
9495,low,1.0
9495,tail,0.3414634146341463
9495,head,0.6585365853658537
9495,agriculture,0.024390243902439
9495,high,0.0
3006,non-ag,1.0
3006,low,0.8999999999999999
3006,tail,0.6000000000000001
3006,head,0.4
3006,agriculture,0.0
3006,high,0.1
3174,non-ag,0.8333333333333334
3174,low,1.0
3174,tail,1.0
3174,head,0.0
3174,agriculture,0.1666666666666666
3174,high,0.0
7349,non-ag,1.0
7349,low,0.8
7349,tail,0.4
7349,head,0.6000000000000001
7349,agriculture,0.0
7349,high,0.2
8370,non-ag,1.0
8370,low,0.8333333333333334
8370,tail,0.2777777777777778
8370,head,0.7222222222222222
8370,agriculture,0.0
8370,high,0.1666666666666666
6394,non-ag,0.8636363636363638
6394,low,1.0
6394,tail,0.1363636363636363
6394,head,0.8636363636363638
6394,agriculture,0.1363636363636363
6394,high,0.0
2658,non-ag,1.0
2658,low,0.7
2658,tail,0.1
2658,head,0.8999999999999999
2658,agriculture,0.0
2658,high,0.3
290,non-ag,1.0
290,low,0.8571428571428571
290,tail,0.2857142857142857
290,head,0.7142857142857142
290,agriculture,0.0
290,high,0.1428571428571428
5070,non-ag,1.0
5070,low,0.8
5070,tail,0.2
5070,head,0.8
5070,agriculture,0.0
5070,high,0.2
5075,non-ag,1.0
5075,low,0.4
5075,tail,0.4
5075,head,0.6000000000000001
5075,agriculture,0.0
5075,high,0.6000000000000001
10430,non-ag,0.9545454545454544
10430,low,1.0
10430,tail,0.2727272727272727
10430,head,0.7272727272727272
10430,agriculture,0.0454545454545454
10430,high,0.0
10473,non-ag,1.0
10473,low,0.8518518518518519
10473,tail,0.4444444444444445
10473,head,0.5555555555555556
10473,agriculture,0.0
10473,high,0.1481481481481481
10995,non-ag,1.0
10995,low,0.7735849056603773
10995,tail,0.1320754716981132
10995,head,0.8679245283018868
10995,agriculture,0.0
10995,high,0.2264150943396226
3375,non-ag,1.0
3375,low,1.0
3375,tail,0.2666666666666666
3375,head,0.7333333333333334
3375,agriculture,0.0
3375,high,0.0
1158,non-ag,1.0
1158,low,1.0
1158,tail,0.3225806451612902
1158,head,0.6774193548387095
1158,agriculture,0.0
1158,high,0.0
5729,non-ag,0.8333333333333334
5729,low,1.0
5729,tail,0.0
5729,head,1.0
5729,agriculture,0.1666666666666666
5729,high,0.0
15397,non-ag,1.0
15397,low,1.0
15397,tail,0.6000000000000001
15397,head,0.4
15397,agriculture,0.0
15397,high,0.0
19373,non-ag,1.0
19373,low,1.0
19373,tail,0.1666666666666666
19373,head,0.8333333333333334
19373,agriculture,0.0
19373,high,0.0
7990,non-ag,1.0
7990,low,1.0
7990,tail,0.25
7990,head,0.75
7990,agriculture,0.0
7990,high,0.0
11369,non-ag,1.0
11369,low,1.0
11369,tail,0.0
11369,head,1.0
11369,agriculture,0.0
11369,high,0.0
2939,non-ag,1.0
2939,low,1.0
2939,tail,0.5
2939,head,0.5
2939,agriculture,0.0
2939,high,0.0
6054,non-ag,1.0
6054,low,1.0
6054,tail,0.7272727272727273
6054,head,0.2727272727272727
6054,agriculture,0.0
6054,high,0.0
1706,non-ag,0.896551724137931
1706,low,1.0
1706,tail,0.7241379310344828
1706,head,0.2758620689655172
1706,agriculture,0.1034482758620689
1706,high,0.0
8376,non-ag,1.0
8376,low,1.0
8376,tail,0.6000000000000001
8376,head,0.4
8376,agriculture,0.0
8376,high,0.0
14375,non-ag,0.6799999999999999
14375,low,1.0
14375,tail,0.2
14375,head,0.8
14375,agriculture,0.3199999999999999
14375,high,0.0
18050,non-ag,1.0
18050,low,1.0
18050,tail,0.0
18050,head,1.0
18050,agriculture,0.0
18050,high,0.0
4560,non-ag,0.9629629629629628
4560,low,1.0
4560,tail,0.5555555555555556
4560,head,0.4444444444444445
4560,agriculture,0.037037037037037
4560,high,0.0
889,non-ag,1.0
889,low,0.8441558441558442
889,tail,0.2987012987012987
889,head,0.7012987012987013
889,agriculture,0.0
889,high,0.1558441558441558
5497,non-ag,0.0
5497,low,1.0
5497,tail,0.4705882352941176
5497,head,0.5294117647058825
5497,agriculture,1.0
5497,high,0.0
360,non-ag,0.1666666666666666
360,low,1.0
360,tail,0.0
360,head,1.0
360,agriculture,0.8333333333333334
360,high,0.0
14303,non-ag,0.9473684210526316
14303,low,1.0
14303,tail,0.7368421052631579
14303,head,0.2631578947368421
14303,agriculture,0.0526315789473684
14303,high,0.0
6286,non-ag,0.3333333333333333
6286,low,1.0
6286,tail,0.3333333333333333
6286,head,0.6666666666666666
6286,agriculture,0.6666666666666666
6286,high,0.0
27163,non-ag,0.3888888888888888
27163,low,1.0
27163,tail,0.3888888888888888
27163,head,0.611111111111111
27163,agriculture,0.611111111111111
27163,high,0.0
4985,non-ag,0.9375
4985,low,1.0
4985,tail,0.5416666666666666
4985,head,0.4583333333333334
4985,agriculture,0.0625
4985,high,0.0
11777,non-ag,0.8
11777,low,1.0
11777,tail,0.2
11777,head,0.8
11777,agriculture,0.2
11777,high,0.0
1522,non-ag,1.0
1522,low,1.0
1522,tail,0.6666666666666666
1522,head,0.3333333333333333
1522,agriculture,0.0
1522,high,0.0
2983,non-ag,1.0
2983,low,0.8
2983,tail,0.2
2983,head,0.8
2983,agriculture,0.0
2983,high,0.2
3871,non-ag,1.0
3871,low,0.8333333333333334
3871,tail,0.3333333333333333
3871,head,0.6666666666666666
3871,agriculture,0.0
3871,high,0.1666666666666666
396,non-ag,1.0
396,low,1.0
396,tail,1.0
396,head,0.0
396,agriculture,0.0
396,high,0.0
12460,non-ag,0.875
12460,low,1.0
12460,tail,0.375
12460,head,0.6250000000000001
12460,agriculture,0.125
12460,high,0.0
13425,non-ag,0.8
13425,low,1.0
13425,tail,0.4
13425,head,0.6000000000000001
13425,agriculture,0.2
13425,high,0.0
15877,non-ag,1.0
15877,low,1.0
15877,tail,0.125
15877,head,0.8750000000000001
15877,agriculture,0.0
15877,high,0.0
21080,non-ag,1.0
21080,low,1.0
21080,tail,0.125
21080,head,0.8750000000000001
21080,agriculture,0.0
21080,high,0.0
406,non-ag,0.9230769230769232
406,low,1.0
406,tail,0.4615384615384616
406,head,0.5384615384615384
406,agriculture,0.0769230769230769
406,high,0.0
11414,non-ag,0.9375
11414,low,1.0
11414,tail,0.125
11414,head,0.875
11414,agriculture,0.0625
11414,high,0.0
11943,non-ag,1.0
11943,low,1.0
11943,tail,0.2
11943,head,0.8
11943,agriculture,0.0
11943,high,0.0
25552,non-ag,1.0
25552,low,0.9444444444444444
25552,tail,0.1388888888888888
25552,head,0.861111111111111
25552,agriculture,0.0
25552,high,0.0555555555555555
1239,non-ag,1.0
1239,low,1.0
1239,tail,0.3333333333333333
1239,head,0.6666666666666666
1239,agriculture,0.0
1239,high,0.0
5292,non-ag,1.0
5292,low,1.0
5292,tail,0.5416666666666667
5292,head,0.4583333333333333
5292,agriculture,0.0
5292,high,0.0
437,non-ag,1.0
437,low,1.0
437,tail,0.0
437,head,1.0
437,agriculture,0.0
437,high,0.0
10784,non-ag,0.9871794871794872
10784,low,1.0
10784,tail,0.0641025641025641
10784,head,0.935897435897436
10784,agriculture,0.0128205128205128
10784,high,0.0
12208,non-ag,1.0
12208,low,0.9696969696969696
12208,tail,0.2727272727272726
12208,head,0.7272727272727272
12208,agriculture,0.0
12208,high,0.0303030303030303
439,non-ag,1.0
439,low,1.0
439,tail,0.8333333333333334
439,head,0.1666666666666666
439,agriculture,0.0
439,high,0.0
10137,non-ag,1.0
10137,low,0.6363636363636364
10137,tail,0.0909090909090909
10137,head,0.9090909090909092
10137,agriculture,0.0
10137,high,0.3636363636363637
11451,non-ag,1.0
11451,low,0.875
11451,tail,0.125
11451,head,0.875
11451,agriculture,0.0
11451,high,0.125
17295,non-ag,1.0
17295,low,1.0
17295,tail,0.0714285714285714
17295,head,0.9285714285714286
17295,agriculture,0.0
17295,high,0.0
745,non-ag,0.8888888888888888
745,low,1.0
745,tail,0.0
745,head,1.0
745,agriculture,0.1111111111111111
745,high,0.0
1514,non-ag,1.0
1514,low,0.5555555555555556
1514,tail,0.1111111111111111
1514,head,0.888888888888889
1514,agriculture,0.0
1514,high,0.4444444444444445
2826,non-ag,1.0
2826,low,0.8
2826,tail,0.2
2826,head,0.8
2826,agriculture,0.0
2826,high,0.2
8030,non-ag,1.0
8030,low,1.0
8030,tail,0.0
8030,head,1.0
8030,agriculture,0.0
8030,high,0.0
8758,non-ag,1.0
8758,low,1.0
8758,tail,0.0999999999999999
8758,head,0.8999999999999999
8758,agriculture,0.0
8758,high,0.0
10880,non-ag,1.0
10880,low,1.0
10880,tail,0.3529411764705882
10880,head,0.6470588235294118
10880,agriculture,0.0
10880,high,0.0
10903,non-ag,0.8333333333333334
10903,low,1.0
10903,tail,0.3333333333333333
10903,head,0.6666666666666666
10903,agriculture,0.1666666666666666
10903,high,0.0
4540,non-ag,0.5666666666666667
4540,low,1.0
4540,tail,0.5666666666666667
4540,head,0.4333333333333333
4540,agriculture,0.4333333333333333
4540,high,0.0
8106,non-ag,1.0
8106,low,1.0
8106,tail,0.4838709677419355
8106,head,0.5161290322580646
8106,agriculture,0.0
8106,high,0.0
16279,non-ag,1.0
16279,low,0.5652173913043479
16279,tail,0.3043478260869565
16279,head,0.6956521739130436
16279,agriculture,0.0
16279,high,0.4347826086956522
15116,non-ag,1.0
15116,low,0.6666666666666666
15116,tail,0.1666666666666666
15116,head,0.8333333333333334
15116,agriculture,0.0
15116,high,0.3333333333333333
10425,non-ag,0.4
10425,low,1.0
10425,tail,0.4
10425,head,0.6000000000000001
10425,agriculture,0.6000000000000001
10425,high,0.0
7932,non-ag,1.0
7932,low,1.0
7932,tail,0.2
7932,head,0.8
7932,agriculture,0.0
7932,high,0.0
7660,non-ag,0.7142857142857142
7660,low,1.0
7660,tail,0.1428571428571428
7660,head,0.8571428571428571
7660,agriculture,0.2857142857142857
7660,high,0.0
19593,non-ag,1.0
19593,low,1.0
19593,tail,0.625
19593,head,0.3749999999999999
19593,agriculture,0.0
19593,high,0.0
7378,non-ag,1.0
7378,low,0.9615384615384616
7378,tail,0.7692307692307693
7378,head,0.2307692307692308
7378,agriculture,0.0
7378,high,0.0384615384615384
6545,non-ag,1.0
6545,low,0.875
6545,tail,0.1874999999999999
6545,head,0.8124999999999999
6545,agriculture,0.0
6545,high,0.1249999999999999
2858,non-ag,1.0
2858,low,0.6000000000000001
2858,tail,0.6000000000000001
2858,head,0.4
2858,agriculture,0.0
2858,high,0.4
21275,non-ag,1.0
21275,low,0.8666666666666666
21275,tail,0.5333333333333333
21275,head,0.4666666666666667
21275,agriculture,0.0
21275,high,0.1333333333333333
1295,non-ag,0.8480000000000001
1295,low,1.0
1295,tail,0.644
1295,head,0.356
1295,agriculture,0.152
1295,high,0.0
17411,non-ag,0.9090909090909092
17411,low,1.0
17411,tail,0.5151515151515151
17411,head,0.4848484848484848
17411,agriculture,0.0909090909090909
17411,high,0.0
2116,non-ag,0.8333333333333334
2116,low,1.0
2116,tail,0.8333333333333334
2116,head,0.1666666666666666
2116,agriculture,0.1666666666666666
2116,high,0.0
18262,non-ag,0.3636363636363637
18262,low,1.0
18262,tail,0.4545454545454546
18262,head,0.5454545454545455
18262,agriculture,0.6363636363636364
18262,high,0.0
2882,non-ag,0.7916666666666665
2882,low,1.0
2882,tail,0.5833333333333334
2882,head,0.4166666666666666
2882,agriculture,0.2083333333333333
2882,high,0.0
2964,non-ag,0.8
2964,low,1.0
2964,tail,0.4
2964,head,0.6000000000000001
2964,agriculture,0.2
2964,high,0.0
17018,non-ag,1.0
17018,low,1.0
17018,tail,0.1666666666666666
17018,head,0.8333333333333334
17018,agriculture,0.0
17018,high,0.0
1255,non-ag,1.0
1255,low,0.9642857142857144
1255,tail,0.1785714285714285
1255,head,0.8214285714285715
1255,agriculture,0.0
1255,high,0.0357142857142857
7295,non-ag,0.0
7295,low,1.0
7295,tail,0.0
7295,head,1.0
7295,agriculture,1.0
7295,high,0.0
5541,non-ag,0.25
5541,low,1.0
5541,tail,0.0
5541,head,1.0
5541,agriculture,0.7500000000000002
5541,high,0.0
5572,non-ag,0.2857142857142857
5572,low,1.0
5572,tail,0.4285714285714285
5572,head,0.5714285714285714
5572,agriculture,0.7142857142857142
5572,high,0.0
3624,non-ag,1.0
3624,low,1.0
3624,tail,0.1666666666666666
3624,head,0.8333333333333334
3624,agriculture,0.0
3624,high,0.0
4009,non-ag,1.0
4009,low,0.7777777777777777
4009,tail,0.1111111111111111
4009,head,0.888888888888889
4009,agriculture,0.0
4009,high,0.2222222222222222
10911,non-ag,1.0
10911,low,1.0
10911,tail,0.0
10911,head,1.0
10911,agriculture,0.0
10911,high,0.0
11458,non-ag,1.0
11458,low,1.0
11458,tail,0.0
11458,head,1.0
11458,agriculture,0.0
11458,high,0.0
3446,non-ag,0.1666666666666666
3446,low,1.0
3446,tail,0.75
3446,head,0.2499999999999999
3446,agriculture,0.8333333333333334
3446,high,0.0
5974,non-ag,1.0
5974,low,0.909090909090909
5974,tail,0.2727272727272727
5974,head,0.7272727272727272
5974,agriculture,0.0
5974,high,0.0909090909090909
1285,non-ag,1.0
1285,low,1.0
1285,tail,0.0
1285,head,1.0
1285,agriculture,0.0
1285,high,0.0
23738,non-ag,1.0
23738,low,1.0
23738,tail,0.0
23738,head,1.0
23738,agriculture,0.0
23738,high,0.0
3295,non-ag,0.6666666666666666
3295,low,1.0
3295,tail,0.5833333333333334
3295,head,0.4166666666666667
3295,agriculture,0.3333333333333333
3295,high,0.0
8911,non-ag,0.2222222222222222
8911,low,1.0
8911,tail,0.4444444444444445
8911,head,0.5555555555555556
8911,agriculture,0.7777777777777777
8911,high,0.0
11326,non-ag,1.0
11326,low,0.7500000000000001
11326,tail,0.375
11326,head,0.6250000000000001
11326,agriculture,0.0
11326,high,0.25
12740,non-ag,1.0
12740,low,0.875
12740,tail,0.2083333333333333
12740,head,0.7916666666666667
12740,agriculture,0.0
12740,high,0.125
14463,non-ag,0.875
14463,low,1.0
14463,tail,0.125
14463,head,0.875
14463,agriculture,0.125
14463,high,0.0
11174,non-ag,1.0
11174,low,1.0
11174,tail,0.5454545454545455
11174,head,0.4545454545454546
11174,agriculture,0.0
11174,high,0.0
24849,non-ag,0.8400000000000002
24849,low,1.0
24849,tail,0.32
24849,head,0.68
24849,agriculture,0.16
24849,high,0.0
16009,non-ag,0.9666666666666668
16009,low,1.0
16009,tail,0.6666666666666666
16009,head,0.3333333333333333
16009,agriculture,0.0333333333333333
16009,high,0.0
21680,non-ag,1.0
21680,low,1.0
21680,tail,0.1923076923076922
21680,head,0.8076923076923077
21680,agriculture,0.0
21680,high,0.0
6117,non-ag,0.4
6117,low,0.8
6117,tail,0.0
6117,head,1.0
6117,agriculture,0.6000000000000001
6117,high,0.2
11345,non-ag,1.0
11345,low,0.2857142857142857
11345,tail,0.0
11345,head,1.0
11345,agriculture,0.0
11345,high,0.7142857142857143
6257,non-ag,0.9333333333333336
6257,low,1.0
6257,tail,0.4
6257,head,0.6000000000000001
6257,agriculture,0.0666666666666666
6257,high,0.0
12470,non-ag,1.0
12470,low,1.0
12470,tail,0.4
12470,head,0.6000000000000001
12470,agriculture,0.0
12470,high,0.0
23494,non-ag,1.0
23494,low,1.0
23494,tail,0.6000000000000001
23494,head,0.4
23494,agriculture,0.0
23494,high,0.0
24056,non-ag,1.0
24056,low,0.6000000000000001
24056,tail,0.2
24056,head,0.8
24056,agriculture,0.0
24056,high,0.4
11741,non-ag,1.0
11741,low,0.9523809523809524
11741,tail,0.4285714285714285
11741,head,0.5714285714285714
11741,agriculture,0.0
11741,high,0.0476190476190476
1301,non-ag,1.0
1301,low,1.0
1301,tail,0.1111111111111111
1301,head,0.8888888888888888
1301,agriculture,0.0
1301,high,0.0
1418,non-ag,1.0
1418,low,0.9255014326647564
1418,tail,0.5272206303724929
1418,head,0.4727793696275071
1418,agriculture,0.0
1418,high,0.0744985673352435
4505,non-ag,1.0
4505,low,0.875
4505,tail,0.6250000000000001
4505,head,0.375
4505,agriculture,0.0
4505,high,0.125
5350,non-ag,1.0
5350,low,0.8
5350,tail,0.4
5350,head,0.6000000000000001
5350,agriculture,0.0
5350,high,0.2
7052,non-ag,0.8
7052,low,1.0
7052,tail,0.0
7052,head,1.0
7052,agriculture,0.2
7052,high,0.0
4400,non-ag,0.6666666666666666
4400,low,1.0
4400,tail,0.1666666666666666
4400,head,0.8333333333333334
4400,agriculture,0.3333333333333333
4400,high,0.0
1968,non-ag,0.7222222222222222
1968,low,1.0
1968,tail,0.0555555555555555
1968,head,0.9444444444444444
1968,agriculture,0.2777777777777778
1968,high,0.0
25080,non-ag,0.4
25080,low,1.0
25080,tail,0.0
25080,head,1.0
25080,agriculture,0.6000000000000001
25080,high,0.0
3127,non-ag,1.0
3127,low,1.0
3127,tail,0.0
3127,head,1.0
3127,agriculture,0.0
3127,high,0.0
6328,non-ag,1.0
6328,low,1.0
6328,tail,0.4285714285714285
6328,head,0.5714285714285714
6328,agriculture,0.0
6328,high,0.0
19279,non-ag,0.7758620689655173
19279,low,1.0
19279,tail,0.3793103448275862
19279,head,0.6206896551724137
19279,agriculture,0.2241379310344827
19279,high,0.0
28846,non-ag,0.8571428571428571
28846,low,1.0
28846,tail,0.0
28846,head,1.0
28846,agriculture,0.1428571428571428
28846,high,0.0
11454,non-ag,1.0
11454,low,1.0
11454,tail,0.0
11454,head,1.0
11454,agriculture,0.0
11454,high,0.0
16450,non-ag,1.0
16450,low,1.0
16450,tail,0.3409090909090909
16450,head,0.6590909090909092
16450,agriculture,0.0
16450,high,0.0
18809,non-ag,1.0
18809,low,1.0
18809,tail,0.0
18809,head,1.0
18809,agriculture,0.0
18809,high,0.0
21382,non-ag,1.0
21382,low,1.0
21382,tail,0.3846153846153846
21382,head,0.6153846153846154
21382,agriculture,0.0
21382,high,0.0
10680,non-ag,0.676470588235294
10680,low,1.0
10680,tail,0.2058823529411764
10680,head,0.7941176470588236
10680,agriculture,0.3235294117647058
10680,high,0.0
9943,non-ag,0.8
9943,low,1.0
9943,tail,0.6000000000000001
9943,head,0.4
9943,agriculture,0.2
9943,high,0.0
14902,non-ag,1.0
14902,low,1.0
14902,tail,0.1666666666666666
14902,head,0.8333333333333334
14902,agriculture,0.0
14902,high,0.0
12742,non-ag,1.0
12742,low,1.0
12742,tail,0.1666666666666666
12742,head,0.8333333333333334
12742,agriculture,0.0
12742,high,0.0
1835,non-ag,0.4285714285714287
1835,low,1.0
1835,tail,0.0
1835,head,1.0
1835,agriculture,0.5714285714285716
1835,high,0.0
13577,non-ag,1.0
13577,low,1.0
13577,tail,0.0
13577,head,1.0
13577,agriculture,0.0
13577,high,0.0
6687,non-ag,1.0
6687,low,0.6363636363636364
6687,tail,0.0909090909090909
6687,head,0.9090909090909092
6687,agriculture,0.0
6687,high,0.3636363636363637
25194,non-ag,0.9642857142857144
25194,low,1.0
25194,tail,0.2142857142857143
25194,head,0.7857142857142858
25194,agriculture,0.0357142857142857
25194,high,0.0
26888,non-ag,1.0
26888,low,0.8461538461538461
26888,tail,0.0
26888,head,1.0
26888,agriculture,0.0
26888,high,0.1538461538461538
756,non-ag,0.2
756,low,1.0
756,tail,0.4
756,head,0.6000000000000001
756,agriculture,0.8
756,high,0.0
12055,non-ag,0.5333333333333333
12055,low,1.0
12055,tail,0.4
12055,head,0.6000000000000001
12055,agriculture,0.4666666666666667
12055,high,0.0
1614,non-ag,0.0
1614,low,1.0
1614,tail,0.6363636363636365
1614,head,0.3636363636363636
1614,agriculture,1.0
1614,high,0.0
121,non-ag,1.0
121,low,0.8750000000000001
121,tail,0.0
121,head,1.0
121,agriculture,0.0
121,high,0.125
29109,non-ag,0.962962962962963
29109,low,1.0
29109,tail,0.1851851851851852
29109,head,0.8148148148148148
29109,agriculture,0.037037037037037
29109,high,0.0
9242,non-ag,0.4444444444444445
9242,low,1.0
9242,tail,0.2222222222222222
9242,head,0.7777777777777777
9242,agriculture,0.5555555555555556
9242,high,0.0
761,non-ag,1.0
761,low,1.0
761,tail,0.4
761,head,0.6000000000000001
761,agriculture,0.0
761,high,0.0
5426,non-ag,1.0
5426,low,1.0
5426,tail,0.7272727272727273
5426,head,0.2727272727272727
5426,agriculture,0.0
5426,high,0.0
9768,non-ag,1.0
9768,low,1.0
9768,tail,0.0
9768,head,1.0
9768,agriculture,0.0
9768,high,0.0
17714,non-ag,1.0
17714,low,1.0
17714,tail,0.0833333333333333
17714,head,0.9166666666666669
17714,agriculture,0.0
17714,high,0.0
933,non-ag,1.0
933,low,1.0
933,tail,0.5
933,head,0.5
933,agriculture,0.0
933,high,0.0
5160,non-ag,1.0
5160,low,1.0
5160,tail,0.2222222222222222
5160,head,0.7777777777777778
5160,agriculture,0.0
5160,high,0.0
5119,non-ag,0.8421052631578947
5119,low,1.0
5119,tail,0.2105263157894736
5119,head,0.7894736842105263
5119,agriculture,0.1578947368421052
5119,high,0.0
2341,non-ag,1.0
2341,low,1.0
2341,tail,0.2857142857142857
2341,head,0.7142857142857143
2341,agriculture,0.0
2341,high,0.0
2396,non-ag,1.0
2396,low,0.888888888888889
2396,tail,0.6666666666666666
2396,head,0.3333333333333333
2396,agriculture,0.0
2396,high,0.1111111111111111
5959,non-ag,1.0
5959,low,0.8
5959,tail,0.2
5959,head,0.8
5959,agriculture,0.0
5959,high,0.2
10481,non-ag,1.0
10481,low,1.0
10481,tail,0.0
10481,head,1.0
10481,agriculture,0.0
10481,high,0.0
11294,non-ag,1.0
11294,low,1.0
11294,tail,0.4
11294,head,0.6000000000000001
11294,agriculture,0.0
11294,high,0.0
3768,non-ag,1.0
3768,low,0.875
3768,tail,0.25
3768,head,0.7500000000000001
3768,agriculture,0.0
3768,high,0.125
4769,non-ag,0.8979591836734693
4769,low,1.0
4769,tail,0.183673469387755
4769,head,0.8163265306122448
4769,agriculture,0.1020408163265306
4769,high,0.0
6958,non-ag,1.0
6958,low,1.0
6958,tail,0.0909090909090909
6958,head,0.9090909090909092
6958,agriculture,0.0
6958,high,0.0
21457,non-ag,0.7200000000000002
21457,low,1.0
21457,tail,0.08
21457,head,0.9200000000000002
21457,agriculture,0.28
21457,high,0.0
10027,non-ag,1.0
10027,low,0.8999999999999999
10027,tail,0.2
10027,head,0.8
10027,agriculture,0.0
10027,high,0.1
11051,non-ag,0.7894736842105263
11051,low,1.0
11051,tail,0.3157894736842105
11051,head,0.6842105263157894
11051,agriculture,0.2105263157894737
11051,high,0.0
15309,non-ag,1.0
15309,low,1.0
15309,tail,0.1666666666666666
15309,head,0.8333333333333334
15309,agriculture,0.0
15309,high,0.0
16676,non-ag,1.0
16676,low,1.0
16676,tail,0.0
16676,head,1.0
16676,agriculture,0.0
16676,high,0.0
15541,non-ag,1.0
15541,low,1.0
15541,tail,0.0
15541,head,1.0
15541,agriculture,0.0
15541,high,0.0
18003,non-ag,1.0
18003,low,1.0
18003,tail,0.5
18003,head,0.5
18003,agriculture,0.0
18003,high,0.0
2593,non-ag,1.0
2593,low,1.0
2593,tail,0.0909090909090909
2593,head,0.9090909090909092
2593,agriculture,0.0
2593,high,0.0
2902,non-ag,0.0833333333333333
2902,low,1.0
2902,tail,0.3333333333333333
2902,head,0.6666666666666666
2902,agriculture,0.9166666666666669
2902,high,0.0
21936,non-ag,0.8333333333333334
21936,low,1.0
21936,tail,0.1111111111111111
21936,head,0.888888888888889
21936,agriculture,0.1666666666666666
21936,high,0.0
22350,non-ag,0.8
22350,low,1.0
22350,tail,0.2
22350,head,0.8
22350,agriculture,0.2
22350,high,0.0
833,non-ag,0.4
833,low,1.0
833,tail,1.0
833,head,0.0
833,agriculture,0.6000000000000001
833,high,0.0
17846,non-ag,1.0
17846,low,1.0
17846,tail,0.3157894736842105
17846,head,0.6842105263157895
17846,agriculture,0.0
17846,high,0.0
14479,non-ag,1.0
14479,low,1.0
14479,tail,0.8
14479,head,0.2
14479,agriculture,0.0
14479,high,0.0
127,non-ag,0.6842105263157894
127,low,1.0
127,tail,0.4210526315789474
127,head,0.5789473684210528
127,agriculture,0.3157894736842105
127,high,0.0
14965,non-ag,0.8333333333333334
14965,low,1.0
14965,tail,0.6666666666666666
14965,head,0.3333333333333333
14965,agriculture,0.1666666666666666
14965,high,0.0
7161,non-ag,0.7142857142857142
7161,low,1.0
7161,tail,0.5714285714285714
7161,head,0.4285714285714285
7161,agriculture,0.2857142857142857
7161,high,0.0
4595,non-ag,0.8
4595,low,1.0
4595,tail,0.2
4595,head,0.8
4595,agriculture,0.2
4595,high,0.0
877,non-ag,1.0
877,low,1.0
877,tail,0.6000000000000001
877,head,0.4
877,agriculture,0.0
877,high,0.0
12579,non-ag,0.9090909090909092
12579,low,1.0
12579,tail,0.3636363636363637
12579,head,0.6363636363636364
12579,agriculture,0.0909090909090909
12579,high,0.0
6728,non-ag,1.0
6728,low,0.95
6728,tail,0.3
6728,head,0.7
6728,agriculture,0.0
6728,high,0.05
25954,non-ag,1.0
25954,low,1.0
25954,tail,0.4285714285714285
25954,head,0.5714285714285714
25954,agriculture,0.0
25954,high,0.0
977,non-ag,1.0
977,low,1.0
977,tail,0.3333333333333333
977,head,0.6666666666666666
977,agriculture,0.0
977,high,0.0
1840,non-ag,1.0
1840,low,1.0
1840,tail,0.6666666666666666
1840,head,0.3333333333333333
1840,agriculture,0.0
1840,high,0.0
12764,non-ag,1.0
12764,low,1.0
12764,tail,0.1666666666666666
12764,head,0.8333333333333334
12764,agriculture,0.0
12764,high,0.0
18841,non-ag,1.0
18841,low,0.8
18841,tail,0.2
18841,head,0.8
18841,agriculture,0.0
18841,high,0.2
834,non-ag,0.943661971830986
834,low,1.0
834,tail,0.4413145539906103
834,head,0.5586854460093897
834,agriculture,0.0563380281690141
834,high,0.0
21236,non-ag,1.0
21236,low,0.8571428571428571
21236,tail,0.2857142857142857
21236,head,0.7142857142857142
21236,agriculture,0.0
21236,high,0.1428571428571428
3205,non-ag,1.0
3205,low,1.0
3205,tail,0.1666666666666666
3205,head,0.8333333333333334
3205,agriculture,0.0
3205,high,0.0
28793,non-ag,1.0
28793,low,0.888888888888889
28793,tail,0.3333333333333333
28793,head,0.6666666666666666
28793,agriculture,0.0
28793,high,0.1111111111111111
8487,non-ag,1.0
8487,low,1.0
8487,tail,0.4285714285714285
8487,head,0.5714285714285714
8487,agriculture,0.0
8487,high,0.0
22854,non-ag,1.0
22854,low,0.6470588235294118
22854,tail,0.0588235294117647
22854,head,0.9411764705882354
22854,agriculture,0.0
22854,high,0.3529411764705882
24314,non-ag,1.0
24314,low,1.0
24314,tail,0.2666666666666667
24314,head,0.7333333333333334
24314,agriculture,0.0
24314,high,0.0
7934,non-ag,0.9433962264150944
7934,low,1.0
7934,tail,0.3773584905660377
7934,head,0.6226415094339623
7934,agriculture,0.0566037735849056
7934,high,0.0
22967,non-ag,1.0
22967,low,1.0
22967,tail,0.6250000000000001
22967,head,0.375
22967,agriculture,0.0
22967,high,0.0
935,non-ag,0.9642857142857142
935,low,1.0
935,tail,0.25
935,head,0.75
935,agriculture,0.0357142857142857
935,high,0.0
26427,non-ag,1.0
26427,low,0.8333333333333334
26427,tail,0.0
26427,head,1.0
26427,agriculture,0.0
26427,high,0.1666666666666666
12850,non-ag,0.7
12850,low,1.0
12850,tail,0.36
12850,head,0.64
12850,agriculture,0.3
12850,high,0.0
24640,non-ag,0.0
24640,low,1.0
24640,tail,0.4444444444444444
24640,head,0.5555555555555556
24640,agriculture,1.0
24640,high,0.0
959,non-ag,1.0
959,low,1.0
959,tail,0.5714285714285714
959,head,0.4285714285714285
959,agriculture,0.0
959,high,0.0
1829,non-ag,1.0
1829,low,1.0
1829,tail,0.6000000000000001
1829,head,0.4
1829,agriculture,0.0
1829,high,0.0
15052,non-ag,1.0
15052,low,1.0
15052,tail,0.24
15052,head,0.7600000000000001
15052,agriculture,0.0
15052,high,0.0
970,non-ag,1.0
970,low,1.0
970,tail,1.0
970,head,0.0
970,agriculture,0.0
970,high,0.0
6250,non-ag,1.0
6250,low,1.0
6250,tail,0.4
6250,head,0.6000000000000001
6250,agriculture,0.0
6250,high,0.0
15407,non-ag,1.0
15407,low,1.0
15407,tail,0.2
15407,head,0.8
15407,agriculture,0.0
15407,high,0.0
4703,non-ag,1.0
4703,low,1.0
4703,tail,0.5714285714285714
4703,head,0.4285714285714285
4703,agriculture,0.0
4703,high,0.0
16169,non-ag,1.0
16169,low,0.5
16169,tail,0.3333333333333333
16169,head,0.6666666666666666
16169,agriculture,0.0
16169,high,0.5
5185,non-ag,0.6666666666666666
5185,low,1.0
5185,tail,0.3333333333333333
5185,head,0.6666666666666666
5185,agriculture,0.3333333333333333
5185,high,0.0
8658,non-ag,0.7692307692307693
8658,low,1.0
8658,tail,0.3076923076923076
8658,head,0.6923076923076923
8658,agriculture,0.2307692307692308
8658,high,0.0
12862,non-ag,1.0
12862,low,0.7000000000000001
12862,tail,0.1
12862,head,0.9000000000000004
12862,agriculture,0.0
12862,high,0.3
11127,non-ag,1.0
11127,low,0.9902912621359224
11127,tail,0.2815533980582524
11127,head,0.7184466019417477
11127,agriculture,0.0
11127,high,0.0097087378640776
27785,non-ag,1.0
27785,low,0.6666666666666666
27785,tail,0.1666666666666666
27785,head,0.8333333333333334
27785,agriculture,0.0
27785,high,0.3333333333333333
12197,non-ag,0.0869565217391304
12197,low,1.0
12197,tail,0.0
12197,head,1.0
12197,agriculture,0.9130434782608696
12197,high,0.0
2495,non-ag,0.2
2495,low,1.0
2495,tail,0.4
2495,head,0.6000000000000001
2495,agriculture,0.8
2495,high,0.0
15839,non-ag,1.0
15839,low,1.0
15839,tail,0.48
15839,head,0.52
15839,agriculture,0.0
15839,high,0.0
15031,non-ag,0.6666666666666666
15031,low,1.0
15031,tail,0.5
15031,head,0.5
15031,agriculture,0.3333333333333333
15031,high,0.0
20002,non-ag,1.0
20002,low,0.9130434782608696
20002,tail,0.6086956521739131
20002,head,0.3913043478260869
20002,agriculture,0.0
20002,high,0.0869565217391304
7830,non-ag,1.0
7830,low,0.973384030418251
7830,tail,0.3041825095057034
7830,head,0.6958174904942965
7830,agriculture,0.0
7830,high,0.026615969581749
15926,non-ag,1.0
15926,low,1.0
15926,tail,0.0
15926,head,1.0
15926,agriculture,0.0
15926,high,0.0
14981,non-ag,1.0
14981,low,1.0
14981,tail,0.1111111111111111
14981,head,0.8888888888888888
14981,agriculture,0.0
14981,high,0.0
2045,non-ag,0.1428571428571428
2045,low,1.0
2045,tail,0.4285714285714285
2045,head,0.5714285714285714
2045,agriculture,0.8571428571428571
2045,high,0.0
6554,non-ag,0.2
6554,low,1.0
6554,tail,0.4
6554,head,0.6000000000000001
6554,agriculture,0.8
6554,high,0.0
12166,non-ag,0.2
12166,low,1.0
12166,tail,0.4
12166,head,0.6000000000000001
12166,agriculture,0.8
12166,high,0.0
3102,non-ag,1.0
3102,low,0.6000000000000001
3102,tail,0.0
3102,head,1.0
3102,agriculture,0.0
3102,high,0.4
6307,non-ag,0.5909090909090909
6307,low,1.0
6307,tail,0.3181818181818182
6307,head,0.6818181818181818
6307,agriculture,0.4090909090909091
6307,high,0.0
2446,non-ag,1.0
2446,low,1.0
2446,tail,0.2941176470588235
2446,head,0.7058823529411765
2446,agriculture,0.0
2446,high,0.0
7071,non-ag,0.8333333333333334
7071,low,1.0
7071,tail,0.5
7071,head,0.5
7071,agriculture,0.1666666666666666
7071,high,0.0
3287,non-ag,1.0
3287,low,0.875
3287,tail,0.25
3287,head,0.7500000000000001
3287,agriculture,0.0
3287,high,0.125
818,non-ag,1.0
818,low,1.0
818,tail,0.2857142857142857
818,head,0.7142857142857143
818,agriculture,0.0
818,high,0.0
19256,non-ag,1.0
19256,low,1.0
19256,tail,0.2352941176470588
19256,head,0.7647058823529411
19256,agriculture,0.0
19256,high,0.0
6902,non-ag,0.6000000000000001
6902,low,1.0
6902,tail,0.0
6902,head,1.0
6902,agriculture,0.3999999999999999
6902,high,0.0
6988,non-ag,1.0
6988,low,0.5
6988,tail,0.1
6988,head,0.8999999999999999
6988,agriculture,0.0
6988,high,0.5
9081,non-ag,0.8620689655172414
9081,low,1.0
9081,tail,0.3793103448275862
9081,head,0.6206896551724137
9081,agriculture,0.1379310344827586
9081,high,0.0
6818,non-ag,0.8571428571428571
6818,low,1.0
6818,tail,0.4285714285714285
6818,head,0.5714285714285714
6818,agriculture,0.1428571428571428
6818,high,0.0
20202,non-ag,1.0
20202,low,0.8333333333333334
20202,tail,0.6666666666666666
20202,head,0.3333333333333333
20202,agriculture,0.0
20202,high,0.1666666666666666
29371,non-ag,1.0
29371,low,1.0
29371,tail,0.25
29371,head,0.75
29371,agriculture,0.0
29371,high,0.0
29488,non-ag,1.0
29488,low,0.9642857142857142
29488,tail,0.1428571428571428
29488,head,0.8571428571428571
29488,agriculture,0.0
29488,high,0.0357142857142857
2126,non-ag,1.0
2126,low,1.0
2126,tail,1.0
2126,head,0.0
2126,agriculture,0.0
2126,high,0.0
23712,non-ag,1.0
23712,low,0.6250000000000001
23712,tail,0.25
23712,head,0.7500000000000001
23712,agriculture,0.0
23712,high,0.375
8529,non-ag,0.5
8529,low,1.0
8529,tail,0.4166666666666667
8529,head,0.5833333333333334
8529,agriculture,0.5
8529,high,0.0
11118,non-ag,0.1428571428571428
11118,low,1.0
11118,tail,0.2857142857142857
11118,head,0.7142857142857142
11118,agriculture,0.8571428571428571
11118,high,0.0
14609,non-ag,0.0454545454545454
14609,low,1.0
14609,tail,0.4545454545454546
14609,head,0.5454545454545455
14609,agriculture,0.9545454545454546
14609,high,0.0
7310,non-ag,0.935483870967742
7310,low,1.0
7310,tail,0.7419354838709679
7310,head,0.2580645161290323
7310,agriculture,0.064516129032258
7310,high,0.0
3625,non-ag,0.125
3625,low,1.0
3625,tail,0.7500000000000001
3625,head,0.25
3625,agriculture,0.875
3625,high,0.0
4233,non-ag,1.0
4233,low,1.0
4233,tail,0.2857142857142857
4233,head,0.7142857142857143
4233,agriculture,0.0
4233,high,0.0
7897,non-ag,1.0
7897,low,0.904761904761905
7897,tail,0.25
7897,head,0.7500000000000001
7897,agriculture,0.0
7897,high,0.0952380952380952
3236,non-ag,0.8333333333333334
3236,low,1.0
3236,tail,0.5
3236,head,0.5
3236,agriculture,0.1666666666666666
3236,high,0.0
6420,non-ag,1.0
6420,low,0.875
6420,tail,0.6250000000000001
6420,head,0.375
6420,agriculture,0.0
6420,high,0.125
1865,non-ag,0.7500000000000001
1865,low,1.0
1865,tail,0.125
1865,head,0.875
1865,agriculture,0.25
1865,high,0.0
24647,non-ag,1.0
24647,low,0.9333333333333332
24647,tail,0.0
24647,head,1.0
24647,agriculture,0.0
24647,high,0.0666666666666666
19107,non-ag,0.8571428571428571
19107,low,1.0
19107,tail,0.5714285714285714
19107,head,0.4285714285714285
19107,agriculture,0.1428571428571428
19107,high,0.0
28603,non-ag,0.6666666666666666
28603,low,1.0
28603,tail,0.1666666666666666
28603,head,0.8333333333333334
28603,agriculture,0.3333333333333333
28603,high,0.0
29046,non-ag,0.891304347826087
29046,low,1.0
29046,tail,0.217391304347826
29046,head,0.7826086956521737
29046,agriculture,0.108695652173913
29046,high,0.0
2587,non-ag,0.0
2587,low,1.0
2587,tail,0.2
2587,head,0.8
2587,agriculture,1.0
2587,high,0.0
7809,non-ag,0.8999999999999999
7809,low,1.0
7809,tail,0.7
7809,head,0.3
7809,agriculture,0.1
7809,high,0.0
10769,non-ag,1.0
10769,low,0.8333333333333334
10769,tail,0.0
10769,head,1.0
10769,agriculture,0.0
10769,high,0.1666666666666666
8609,non-ag,1.0
8609,low,1.0
8609,tail,0.375
8609,head,0.6250000000000001
8609,agriculture,0.0
8609,high,0.0
1967,non-ag,1.0
1967,low,0.9142857142857144
1967,tail,0.0857142857142857
1967,head,0.9142857142857144
1967,agriculture,0.0
1967,high,0.0857142857142857
1150,non-ag,0.25
1150,low,1.0
1150,tail,0.25
1150,head,0.7500000000000001
1150,agriculture,0.7500000000000001
1150,high,0.0
1155,non-ag,0.0
1155,low,1.0
1155,tail,0.4285714285714285
1155,head,0.5714285714285714
1155,agriculture,1.0
1155,high,0.0
2486,non-ag,0.2
2486,low,1.0
2486,tail,0.2
2486,head,0.8
2486,agriculture,0.8
2486,high,0.0
8337,non-ag,0.8
8337,low,1.0
8337,tail,0.2
8337,head,0.8
8337,agriculture,0.2
8337,high,0.0
10183,non-ag,1.0
10183,low,1.0
10183,tail,0.2
10183,head,0.8
10183,agriculture,0.0
10183,high,0.0
18396,non-ag,1.0
18396,low,1.0
18396,tail,0.2857142857142857
18396,head,0.7142857142857143
18396,agriculture,0.0
18396,high,0.0
10333,non-ag,1.0
10333,low,0.9
10333,tail,0.25
10333,head,0.75
10333,agriculture,0.0
10333,high,0.0999999999999999
20207,non-ag,1.0
20207,low,1.0
20207,tail,0.0
20207,head,1.0
20207,agriculture,0.0
20207,high,0.0
20509,non-ag,1.0
20509,low,1.0
20509,tail,0.1818181818181818
20509,head,0.818181818181818
20509,agriculture,0.0
20509,high,0.0
1197,non-ag,1.0
1197,low,0.6666666666666667
1197,tail,0.3333333333333333
1197,head,0.6666666666666667
1197,agriculture,0.0
1197,high,0.3333333333333333
10165,non-ag,1.0
10165,low,0.8333333333333334
10165,tail,0.5833333333333334
10165,head,0.4166666666666667
10165,agriculture,0.0
10165,high,0.1666666666666666
9265,non-ag,1.0
9265,low,0.7916666666666667
9265,tail,0.125
9265,head,0.875
9265,agriculture,0.0
9265,high,0.2083333333333333
16173,non-ag,1.0
16173,low,0.2222222222222222
16173,tail,0.0
16173,head,1.0
16173,agriculture,0.0
16173,high,0.7777777777777778
3424,non-ag,1.0
3424,low,0.9166666666666664
3424,tail,0.4166666666666667
3424,head,0.5833333333333333
3424,agriculture,0.0
3424,high,0.0833333333333333
25136,non-ag,0.8
25136,low,1.0
25136,tail,0.0
25136,head,1.0
25136,agriculture,0.2
25136,high,0.0
1217,non-ag,1.0
1217,low,1.0
1217,tail,0.6250000000000001
1217,head,0.375
1217,agriculture,0.0
1217,high,0.0
12514,non-ag,1.0
12514,low,0.9545454545454546
12514,tail,0.4090909090909091
12514,head,0.5909090909090909
12514,agriculture,0.0
12514,high,0.0454545454545454
18067,non-ag,1.0
18067,low,1.0
18067,tail,0.125
18067,head,0.8750000000000001
18067,agriculture,0.0
18067,high,0.0
5360,non-ag,1.0
5360,low,1.0
5360,tail,0.631578947368421
5360,head,0.3684210526315789
5360,agriculture,0.0
5360,high,0.0
8726,non-ag,1.0
8726,low,1.0
8726,tail,0.3
8726,head,0.7000000000000001
8726,agriculture,0.0
8726,high,0.0
10797,non-ag,1.0
10797,low,1.0
10797,tail,0.4
10797,head,0.6000000000000001
10797,agriculture,0.0
10797,high,0.0
1562,non-ag,0.7500000000000001
1562,low,1.0
1562,tail,0.25
1562,head,0.7500000000000001
1562,agriculture,0.25
1562,high,0.0
1228,non-ag,1.0
1228,low,1.0
1228,tail,0.2
1228,head,0.8
1228,agriculture,0.0
1228,high,0.0
9156,non-ag,0.6000000000000001
9156,low,1.0
9156,tail,0.4
9156,head,0.6000000000000001
9156,agriculture,0.4
9156,high,0.0
3976,non-ag,0.8
3976,low,1.0
3976,tail,0.4
3976,head,0.6000000000000001
3976,agriculture,0.2
3976,high,0.0
13611,non-ag,0.8333333333333334
13611,low,1.0
13611,tail,0.5
13611,head,0.5
13611,agriculture,0.1666666666666666
13611,high,0.0
2254,non-ag,1.0
2254,low,1.0
2254,tail,0.0
2254,head,1.0
2254,agriculture,0.0
2254,high,0.0
1500,non-ag,1.0
1500,low,0.7142857142857142
1500,tail,0.4285714285714285
1500,head,0.5714285714285714
1500,agriculture,0.0
1500,high,0.2857142857142857
7280,non-ag,0.8888888888888888
7280,low,1.0
7280,tail,0.2222222222222222
7280,head,0.7777777777777779
7280,agriculture,0.1111111111111111
7280,high,0.0
1252,non-ag,0.0
1252,low,1.0
1252,tail,0.4285714285714285
1252,head,0.5714285714285714
1252,agriculture,1.0
1252,high,0.0
2506,non-ag,1.0
2506,low,1.0
2506,tail,0.5
2506,head,0.5
2506,agriculture,0.0
2506,high,0.0
3997,non-ag,1.0
3997,low,1.0
3997,tail,0.4444444444444444
3997,head,0.5555555555555556
3997,agriculture,0.0
3997,high,0.0
11435,non-ag,1.0
11435,low,0.888888888888889
11435,tail,0.7777777777777777
11435,head,0.2222222222222222
11435,agriculture,0.0
11435,high,0.1111111111111111
6773,non-ag,1.0
6773,low,0.875
6773,tail,0.5
6773,head,0.5
6773,agriculture,0.0
6773,high,0.125
6803,non-ag,1.0
6803,low,0.875
6803,tail,0.125
6803,head,0.875
6803,agriculture,0.0
6803,high,0.125
4315,non-ag,0.4444444444444445
4315,low,1.0
4315,tail,0.4444444444444445
4315,head,0.5555555555555557
4315,agriculture,0.5555555555555557
4315,high,0.0
2007,non-ag,0.8333333333333334
2007,low,1.0
2007,tail,0.1666666666666666
2007,head,0.8333333333333334
2007,agriculture,0.1666666666666666
2007,high,0.0
7093,non-ag,1.0
7093,low,1.0
7093,tail,0.8
7093,head,0.2
7093,agriculture,0.0
7093,high,0.0
11961,non-ag,0.0
11961,low,1.0
11961,tail,0.125
11961,head,0.8750000000000001
11961,agriculture,1.0
11961,high,0.0
21128,non-ag,0.6666666666666666
21128,low,1.0
21128,tail,0.3333333333333333
21128,head,0.6666666666666666
21128,agriculture,0.3333333333333333
21128,high,0.0
26195,non-ag,1.0
26195,low,1.0
26195,tail,0.6000000000000001
26195,head,0.4
26195,agriculture,0.0
26195,high,0.0
19425,non-ag,1.0
19425,low,1.0
19425,tail,0.5714285714285714
19425,head,0.4285714285714285
19425,agriculture,0.0
19425,high,0.0
742,non-ag,0.5555555555555556
742,low,1.0
742,tail,0.888888888888889
742,head,0.1111111111111111
742,agriculture,0.4444444444444445
742,high,0.0
18499,non-ag,0.888888888888889
18499,low,1.0
18499,tail,0.3333333333333333
18499,head,0.6666666666666666
18499,agriculture,0.1111111111111111
18499,high,0.0
3148,non-ag,0.875
3148,low,1.0
3148,tail,0.375
3148,head,0.6250000000000001
3148,agriculture,0.125
3148,high,0.0
5209,non-ag,1.0
5209,low,0.8823529411764706
5209,tail,0.0588235294117647
5209,head,0.9411764705882354
5209,agriculture,0.0
5209,high,0.1176470588235294
6225,non-ag,1.0
6225,low,1.0
6225,tail,0.6000000000000001
6225,head,0.4
6225,agriculture,0.0
6225,high,0.0
3120,non-ag,1.0
3120,low,0.875
3120,tail,0.25
3120,head,0.7500000000000001
3120,agriculture,0.0
3120,high,0.125
6388,non-ag,1.0
6388,low,0.6666666666666666
6388,tail,0.5
6388,head,0.5
6388,agriculture,0.0
6388,high,0.3333333333333333
18398,non-ag,1.0
18398,low,1.0
18398,tail,0.2
18398,head,0.8
18398,agriculture,0.0
18398,high,0.0
4312,non-ag,1.0
4312,low,1.0
4312,tail,0.0
4312,head,1.0
4312,agriculture,0.0
4312,high,0.0
25908,non-ag,1.0
25908,low,0.8
25908,tail,0.6000000000000001
25908,head,0.4
25908,agriculture,0.0
25908,high,0.2
12587,non-ag,1.0
12587,low,0.8571428571428571
12587,tail,0.4285714285714285
12587,head,0.5714285714285714
12587,agriculture,0.0
12587,high,0.1428571428571428
23420,non-ag,1.0
23420,low,1.0
23420,tail,0.25
23420,head,0.75
23420,agriculture,0.0
23420,high,0.0
5345,non-ag,0.6666666666666666
5345,low,1.0
5345,tail,0.2222222222222222
5345,head,0.7777777777777777
5345,agriculture,0.3333333333333333
5345,high,0.0
8144,non-ag,1.0
8144,low,0.5
8144,tail,0.1666666666666666
8144,head,0.8333333333333334
8144,agriculture,0.0
8144,high,0.5
4695,non-ag,0.4
4695,low,1.0
4695,tail,0.6000000000000001
4695,head,0.4
4695,agriculture,0.6000000000000001
4695,high,0.0
12289,non-ag,0.9230769230769232
12289,low,1.0
12289,tail,0.3846153846153846
12289,head,0.6153846153846154
12289,agriculture,0.0769230769230769
12289,high,0.0
1397,non-ag,1.0
1397,low,1.0
1397,tail,0.8571428571428571
1397,head,0.1428571428571428
1397,agriculture,0.0
1397,high,0.0
12805,non-ag,1.0
12805,low,1.0
12805,tail,0.6250000000000001
12805,head,0.375
12805,agriculture,0.0
12805,high,0.0
5879,non-ag,0.7142857142857142
5879,low,1.0
5879,tail,0.7142857142857142
5879,head,0.2857142857142857
5879,agriculture,0.2857142857142857
5879,high,0.0
1408,non-ag,0.6666666666666666
1408,low,1.0
1408,tail,0.0
1408,head,1.0
1408,agriculture,0.3333333333333333
1408,high,0.0
4964,non-ag,0.9473684210526316
4964,low,1.0
4964,tail,0.3157894736842105
4964,head,0.6842105263157894
4964,agriculture,0.0526315789473684
4964,high,0.0
2806,non-ag,0.4285714285714285
2806,low,1.0
2806,tail,0.2857142857142857
2806,head,0.7142857142857142
2806,agriculture,0.5714285714285714
2806,high,0.0
1423,non-ag,0.3333333333333333
1423,low,1.0
1423,tail,0.6666666666666666
1423,head,0.3333333333333333
1423,agriculture,0.6666666666666666
1423,high,0.0
23224,non-ag,0.9473684210526316
23224,low,1.0
23224,tail,0.6842105263157894
23224,head,0.3157894736842105
23224,agriculture,0.0526315789473684
23224,high,0.0
6260,non-ag,1.0
6260,low,1.0
6260,tail,0.5362318840579711
6260,head,0.463768115942029
6260,agriculture,0.0
6260,high,0.0
11352,non-ag,0.7777777777777777
11352,low,1.0
11352,tail,0.3333333333333333
11352,head,0.6666666666666666
11352,agriculture,0.2222222222222222
11352,high,0.0
4971,non-ag,1.0
4971,low,1.0
4971,tail,0.6666666666666666
4971,head,0.3333333333333333
4971,agriculture,0.0
4971,high,0.0
7503,non-ag,0.5652173913043479
7503,low,1.0
7503,tail,0.6086956521739131
7503,head,0.3913043478260869
7503,agriculture,0.4347826086956522
7503,high,0.0
9157,non-ag,1.0
9157,low,0.8571428571428571
9157,tail,0.0
9157,head,1.0
9157,agriculture,0.0
9157,high,0.1428571428571428
7241,non-ag,0.9454545454545452
7241,low,1.0
7241,tail,0.4818181818181818
7241,head,0.5181818181818182
7241,agriculture,0.0545454545454545
7241,high,0.0
18833,non-ag,1.0
18833,low,1.0
18833,tail,0.0
18833,head,1.0
18833,agriculture,0.0
18833,high,0.0
27049,non-ag,0.5555555555555556
27049,low,1.0
27049,tail,0.1111111111111111
27049,head,0.888888888888889
27049,agriculture,0.4444444444444445
27049,high,0.0
17428,non-ag,1.0
17428,low,1.0
17428,tail,0.3703703703703703
17428,head,0.6296296296296297
17428,agriculture,0.0
17428,high,0.0
16037,non-ag,1.0
16037,low,0.8571428571428573
16037,tail,0.4285714285714286
16037,head,0.5714285714285715
16037,agriculture,0.0
16037,high,0.1428571428571428
1497,non-ag,0.1666666666666666
1497,low,1.0
1497,tail,0.6666666666666666
1497,head,0.3333333333333333
1497,agriculture,0.8333333333333334
1497,high,0.0
3493,non-ag,0.6666666666666666
3493,low,1.0
3493,tail,0.3333333333333333
3493,head,0.6666666666666666
3493,agriculture,0.3333333333333333
3493,high,0.0
1508,non-ag,0.7142857142857142
1508,low,1.0
1508,tail,0.4285714285714285
1508,head,0.5714285714285714
1508,agriculture,0.2857142857142857
1508,high,0.0
17816,non-ag,0.8999999999999999
17816,low,1.0
17816,tail,0.6000000000000001
17816,head,0.4
17816,agriculture,0.1
17816,high,0.0
9255,non-ag,1.0
9255,low,0.8333333333333333
9255,tail,0.0
9255,head,1.0
9255,agriculture,0.0
9255,high,0.1666666666666666
24478,non-ag,1.0
24478,low,0.9444444444444444
24478,tail,0.1111111111111111
24478,head,0.8888888888888888
24478,agriculture,0.0
24478,high,0.0555555555555555
6789,non-ag,1.0
6789,low,0.6724137931034483
6789,tail,0.3793103448275862
6789,head,0.6206896551724137
6789,agriculture,0.0
6789,high,0.3275862068965517
10098,non-ag,1.0
10098,low,0.9285714285714288
10098,tail,0.2857142857142857
10098,head,0.7142857142857142
10098,agriculture,0.0
10098,high,0.0714285714285714
8246,non-ag,1.0
8246,low,1.0
8246,tail,0.7272727272727273
8246,head,0.2727272727272727
8246,agriculture,0.0
8246,high,0.0
21048,non-ag,1.0
21048,low,1.0
21048,tail,0.8333333333333334
21048,head,0.1666666666666666
21048,agriculture,0.0
21048,high,0.0
10664,non-ag,1.0
10664,low,0.98
10664,tail,0.5
10664,head,0.5
10664,agriculture,0.0
10664,high,0.02
17550,non-ag,1.0
17550,low,0.875
17550,tail,0.25
17550,head,0.7500000000000001
17550,agriculture,0.0
17550,high,0.125
18042,non-ag,1.0
18042,low,0.8750000000000001
18042,tail,0.0
18042,head,1.0
18042,agriculture,0.0
18042,high,0.125
13853,non-ag,1.0
13853,low,1.0
13853,tail,0.4375
13853,head,0.5625
13853,agriculture,0.0
13853,high,0.0
21813,non-ag,0.4444444444444444
21813,low,1.0
21813,tail,0.0
21813,head,1.0
21813,agriculture,0.5555555555555556
21813,high,0.0
5256,non-ag,0.823529411764706
5256,low,1.0
5256,tail,0.2352941176470588
5256,head,0.7647058823529412
5256,agriculture,0.1764705882352941
5256,high,0.0
11456,non-ag,1.0
11456,low,0.5
11456,tail,0.5
11456,head,0.5
11456,agriculture,0.0
11456,high,0.5
17120,non-ag,1.0
17120,low,0.6666666666666666
17120,tail,0.1111111111111111
17120,head,0.888888888888889
17120,agriculture,0.0
17120,high,0.3333333333333333
19002,non-ag,1.0
19002,low,0.2
19002,tail,0.0
19002,head,1.0
19002,agriculture,0.0
19002,high,0.8
19984,non-ag,1.0
19984,low,0.6250000000000001
19984,tail,0.0
19984,head,1.0
19984,agriculture,0.0
19984,high,0.375
3948,non-ag,1.0
3948,low,0.8333333333333334
3948,tail,0.3333333333333333
3948,head,0.6666666666666666
3948,agriculture,0.0
3948,high,0.1666666666666666
23552,non-ag,1.0
23552,low,0.8571428571428571
23552,tail,0.2857142857142857
23552,head,0.7142857142857142
23552,agriculture,0.0
23552,high,0.1428571428571428
23833,non-ag,1.0
23833,low,0.8888888888888888
23833,tail,0.0
23833,head,1.0
23833,agriculture,0.0
23833,high,0.1111111111111111
2120,non-ag,1.0
2120,low,1.0
2120,tail,0.7142857142857143
2120,head,0.2857142857142857
2120,agriculture,0.0
2120,high,0.0
5571,non-ag,1.0
5571,low,1.0
5571,tail,0.5
5571,head,0.5
5571,agriculture,0.0
5571,high,0.0
8648,non-ag,1.0
8648,low,1.0
8648,tail,0.5789473684210527
8648,head,0.4210526315789473
8648,agriculture,0.0
8648,high,0.0
13346,non-ag,1.0
13346,low,1.0
13346,tail,0.0
13346,head,1.0
13346,agriculture,0.0
13346,high,0.0
1645,non-ag,1.0
1645,low,1.0
1645,tail,0.8571428571428571
1645,head,0.1428571428571428
1645,agriculture,0.0
1645,high,0.0
9059,non-ag,0.875
9059,low,1.0
9059,tail,0.7500000000000001
9059,head,0.25
9059,agriculture,0.125
9059,high,0.0
3876,non-ag,1.0
3876,low,1.0
3876,tail,0.6000000000000001
3876,head,0.4
3876,agriculture,0.0
3876,high,0.0
26417,non-ag,1.0
26417,low,0.9375
26417,tail,0.375
26417,head,0.6250000000000001
26417,agriculture,0.0
26417,high,0.0625
2866,non-ag,1.0
2866,low,0.8999999999999999
2866,tail,0.7
2866,head,0.3
2866,agriculture,0.0
2866,high,0.1
1980,non-ag,1.0
1980,low,0.4
1980,tail,0.2
1980,head,0.8
1980,agriculture,0.0
1980,high,0.6000000000000001
8032,non-ag,0.888888888888889
8032,low,1.0
8032,tail,0.2222222222222222
8032,head,0.7777777777777777
8032,agriculture,0.1111111111111111
8032,high,0.0
1689,non-ag,1.0
1689,low,1.0
1689,tail,0.0
1689,head,1.0
1689,agriculture,0.0
1689,high,0.0
10370,non-ag,1.0
10370,low,1.0
10370,tail,0.3333333333333333
10370,head,0.6666666666666666
10370,agriculture,0.0
10370,high,0.0
6579,non-ag,1.0
6579,low,1.0
6579,tail,0.4
6579,head,0.6000000000000001
6579,agriculture,0.0
6579,high,0.0
7075,non-ag,0.6000000000000001
7075,low,1.0
7075,tail,0.4
7075,head,0.6000000000000001
7075,agriculture,0.4
7075,high,0.0
1728,non-ag,0.5555555555555556
1728,low,1.0
1728,tail,0.6666666666666666
1728,head,0.3333333333333333
1728,agriculture,0.4444444444444445
1728,high,0.0
1861,non-ag,0.0
1861,low,1.0
1861,tail,0.7333333333333334
1861,head,0.2666666666666667
1861,agriculture,1.0
1861,high,0.0
11889,non-ag,1.0
11889,low,0.9473684210526316
11889,tail,0.4736842105263158
11889,head,0.5263157894736843
11889,agriculture,0.0
11889,high,0.0526315789473684
1809,non-ag,1.0
1809,low,0.9090909090909092
1809,tail,0.6363636363636364
1809,head,0.3636363636363637
1809,agriculture,0.0
1809,high,0.0909090909090909
7776,non-ag,1.0
7776,low,0.7142857142857142
7776,tail,0.1428571428571428
7776,head,0.8571428571428571
7776,agriculture,0.0
7776,high,0.2857142857142857
31085,non-ag,1.0
31085,low,0.2
31085,tail,0.0
31085,head,1.0
31085,agriculture,0.0
31085,high,0.8
7568,non-ag,1.0
7568,low,1.0
7568,tail,0.3492063492063492
7568,head,0.6507936507936508
7568,agriculture,0.0
7568,high,0.0
1823,non-ag,1.0
1823,low,0.6666666666666667
1823,tail,0.0
1823,head,1.0
1823,agriculture,0.0
1823,high,0.3333333333333333
2885,non-ag,1.0
2885,low,0.9473684210526316
2885,tail,0.1578947368421052
2885,head,0.8421052631578948
2885,agriculture,0.0
2885,high,0.0526315789473684
3552,non-ag,1.0
3552,low,0.8
3552,tail,0.4
3552,head,0.6000000000000001
3552,agriculture,0.0
3552,high,0.2
5405,non-ag,1.0
5405,low,1.0
5405,tail,0.6000000000000001
5405,head,0.4
5405,agriculture,0.0
5405,high,0.0
9215,non-ag,0.8
9215,low,1.0
9215,tail,0.3333333333333333
9215,head,0.6666666666666666
9215,agriculture,0.2
9215,high,0.0
25704,non-ag,0.6363636363636364
25704,low,1.0
25704,tail,0.1818181818181818
25704,head,0.8181818181818182
25704,agriculture,0.3636363636363637
25704,high,0.0
26932,non-ag,0.8571428571428571
26932,low,1.0
26932,tail,0.5714285714285714
26932,head,0.4285714285714285
26932,agriculture,0.1428571428571428
26932,high,0.0
22668,non-ag,1.0
22668,low,0.9527559055118112
22668,tail,0.2755905511811024
22668,head,0.7244094488188977
22668,agriculture,0.0
22668,high,0.0472440944881889
1848,non-ag,0.6000000000000001
1848,low,1.0
1848,tail,1.0
1848,head,0.0
1848,agriculture,0.4
1848,high,0.0
7530,non-ag,1.0
7530,low,0.7857142857142858
7530,tail,0.4285714285714285
7530,head,0.5714285714285714
7530,agriculture,0.0
7530,high,0.2142857142857142
8520,non-ag,1.0
8520,low,1.0
8520,tail,0.3333333333333333
8520,head,0.6666666666666666
8520,agriculture,0.0
8520,high,0.0
8995,non-ag,0.8
8995,low,1.0
8995,tail,0.8
8995,head,0.2
8995,agriculture,0.2
8995,high,0.0
5303,non-ag,1.0
5303,low,1.0
5303,tail,0.0
5303,head,1.0
5303,agriculture,0.0
5303,high,0.0
3647,non-ag,1.0
3647,low,0.875
3647,tail,0.375
3647,head,0.6250000000000001
3647,agriculture,0.0
3647,high,0.125
13518,non-ag,1.0
13518,low,1.0
13518,tail,0.1875
13518,head,0.8125
13518,agriculture,0.0
13518,high,0.0
5551,non-ag,0.8461538461538461
5551,low,1.0
5551,tail,0.0769230769230769
5551,head,0.9230769230769232
5551,agriculture,0.1538461538461538
5551,high,0.0
12250,non-ag,1.0
12250,low,1.0
12250,tail,0.0
12250,head,1.0
12250,agriculture,0.0
12250,high,0.0
1915,non-ag,1.0
1915,low,0.6000000000000001
1915,tail,0.2
1915,head,0.8
1915,agriculture,0.0
1915,high,0.4
17111,non-ag,0.7777777777777777
17111,low,1.0
17111,tail,0.3333333333333333
17111,head,0.6666666666666666
17111,agriculture,0.2222222222222222
17111,high,0.0
22997,non-ag,1.0
22997,low,0.3333333333333333
22997,tail,0.0
22997,head,1.0
22997,agriculture,0.0
22997,high,0.6666666666666666
6261,non-ag,1.0
6261,low,1.0
6261,tail,0.4
6261,head,0.6000000000000001
6261,agriculture,0.0
6261,high,0.0
12191,non-ag,1.0
12191,low,0.7666666666666667
12191,tail,0.2333333333333333
12191,head,0.7666666666666667
12191,agriculture,0.0
12191,high,0.2333333333333333
22235,non-ag,1.0
22235,low,0.6470588235294118
22235,tail,0.0588235294117647
22235,head,0.9411764705882354
22235,agriculture,0.0
22235,high,0.3529411764705882
5660,non-ag,0.7499999999999999
5660,low,0.7499999999999999
5660,tail,0.0
5660,head,1.0
5660,agriculture,0.2499999999999999
5660,high,0.2499999999999999
26696,non-ag,1.0
26696,low,1.0
26696,tail,0.1428571428571428
26696,head,0.8571428571428571
26696,agriculture,0.0
26696,high,0.0
30450,non-ag,1.0
30450,low,1.0
30450,tail,0.0
30450,head,1.0
30450,agriculture,0.0
30450,high,0.0
21901,non-ag,1.0
21901,low,1.0
21901,tail,0.2
21901,head,0.8
21901,agriculture,0.0
21901,high,0.0
2847,non-ag,0.6000000000000001
2847,low,1.0
2847,tail,0.6000000000000001
2847,head,0.4
2847,agriculture,0.4
2847,high,0.0
15106,non-ag,0.375
15106,low,1.0
15106,tail,0.125
15106,head,0.875
15106,agriculture,0.6250000000000001
15106,high,0.0
8125,non-ag,1.0
8125,low,1.0
8125,tail,0.7777777777777778
8125,head,0.2222222222222222
8125,agriculture,0.0
8125,high,0.0
22322,non-ag,1.0
22322,low,1.0
22322,tail,0.1666666666666666
22322,head,0.8333333333333334
22322,agriculture,0.0
22322,high,0.0
1994,non-ag,0.0
1994,low,1.0
1994,tail,0.9090909090909092
1994,head,0.0909090909090909
1994,agriculture,1.0
1994,high,0.0
10587,non-ag,0.2
10587,low,1.0
10587,tail,0.6000000000000001
10587,head,0.4
10587,agriculture,0.8
10587,high,0.0
2044,non-ag,0.8999999999999999
2044,low,1.0
2044,tail,0.7
2044,head,0.3
2044,agriculture,0.1
2044,high,0.0
5400,non-ag,1.0
5400,low,1.0
5400,tail,0.8125
5400,head,0.1875
5400,agriculture,0.0
5400,high,0.0
20994,non-ag,1.0
20994,low,1.0
20994,tail,0.6000000000000001
20994,head,0.4
20994,agriculture,0.0
20994,high,0.0
8973,non-ag,0.7142857142857142
8973,low,1.0
8973,tail,0.4285714285714285
8973,head,0.5714285714285714
8973,agriculture,0.2857142857142857
8973,high,0.0
2069,non-ag,0.8333333333333334
2069,low,0.8333333333333334
2069,tail,0.0
2069,head,1.0
2069,agriculture,0.1666666666666666
2069,high,0.1666666666666666
10185,non-ag,1.0
10185,low,1.0
10185,tail,0.3333333333333333
10185,head,0.6666666666666666
10185,agriculture,0.0
10185,high,0.0
26270,non-ag,1.0
26270,low,1.0
26270,tail,0.1666666666666666
26270,head,0.8333333333333334
26270,agriculture,0.0
26270,high,0.0
28670,non-ag,1.0
28670,low,1.0
28670,tail,0.0
28670,head,1.0
28670,agriculture,0.0
28670,high,0.0
30083,non-ag,0.8571428571428571
30083,low,1.0
30083,tail,0.2857142857142857
30083,head,0.7142857142857142
30083,agriculture,0.1428571428571428
30083,high,0.0
6083,non-ag,0.6666666666666666
6083,low,1.0
6083,tail,0.0
6083,head,1.0
6083,agriculture,0.3333333333333333
6083,high,0.0
77,non-ag,0.0
77,low,1.0
77,tail,0.1666666666666666
77,head,0.8333333333333334
77,agriculture,1.0
77,high,0.0
5170,non-ag,0.1666666666666666
5170,low,1.0
5170,tail,0.1666666666666666
5170,head,0.8333333333333334
5170,agriculture,0.8333333333333334
5170,high,0.0
9945,non-ag,1.0
9945,low,1.0
9945,tail,0.0
9945,head,1.0
9945,agriculture,0.0
9945,high,0.0
4468,non-ag,0.8999999999999999
4468,low,1.0
4468,tail,0.8
4468,head,0.2
4468,agriculture,0.1
4468,high,0.0
7912,non-ag,0.8333333333333334
7912,low,1.0
7912,tail,0.6666666666666666
7912,head,0.3333333333333333
7912,agriculture,0.1666666666666666
7912,high,0.0
6622,non-ag,1.0
6622,low,1.0
6622,tail,0.3333333333333333
6622,head,0.6666666666666666
6622,agriculture,0.0
6622,high,0.0
2366,non-ag,1.0
2366,low,1.0
2366,tail,0.0
2366,head,1.0
2366,agriculture,0.0
2366,high,0.0
8063,non-ag,0.9230769230769232
8063,low,1.0
8063,tail,0.6153846153846154
8063,head,0.3846153846153846
8063,agriculture,0.0769230769230769
8063,high,0.0
23042,non-ag,1.0
23042,low,1.0
23042,tail,0.2173913043478261
23042,head,0.782608695652174
23042,agriculture,0.0
23042,high,0.0
9151,non-ag,1.0
9151,low,1.0
9151,tail,0.5714285714285714
9151,head,0.4285714285714285
9151,agriculture,0.0
9151,high,0.0
10752,non-ag,0.8
10752,low,0.8
10752,tail,0.0
10752,head,1.0
10752,agriculture,0.2
10752,high,0.2
4847,non-ag,0.0
4847,low,1.0
4847,tail,0.5
4847,head,0.5
4847,agriculture,1.0
4847,high,0.0
11955,non-ag,1.0
11955,low,0.9166666666666669
11955,tail,0.3333333333333333
11955,head,0.6666666666666666
11955,agriculture,0.0
11955,high,0.0833333333333333
13848,non-ag,1.0
13848,low,0.6000000000000001
13848,tail,0.2
13848,head,0.8
13848,agriculture,0.0
13848,high,0.4
10536,non-ag,1.0
10536,low,1.0
10536,tail,0.2
10536,head,0.8
10536,agriculture,0.0
10536,high,0.0
8871,non-ag,0.8571428571428571
8871,low,1.0
8871,tail,0.3571428571428571
8871,head,0.6428571428571429
8871,agriculture,0.1428571428571428
8871,high,0.0
21729,non-ag,0.7222222222222222
21729,low,1.0
21729,tail,0.5555555555555556
21729,head,0.4444444444444445
21729,agriculture,0.2777777777777778
21729,high,0.0
18857,non-ag,1.0
18857,low,1.0
18857,tail,0.2
18857,head,0.8
18857,agriculture,0.0
18857,high,0.0
2386,non-ag,1.0
2386,low,1.0
2386,tail,0.5
2386,head,0.5
2386,agriculture,0.0
2386,high,0.0
7347,non-ag,1.0
7347,low,1.0
7347,tail,0.7500000000000001
7347,head,0.25
7347,agriculture,0.0
7347,high,0.0
12675,non-ag,0.0
12675,low,1.0
12675,tail,0.4285714285714285
12675,head,0.5714285714285714
12675,agriculture,1.0
12675,high,0.0
2236,non-ag,0.875
2236,low,1.0
2236,tail,0.875
2236,head,0.125
2236,agriculture,0.125
2236,high,0.0
9303,non-ag,1.0
9303,low,1.0
9303,tail,0.8571428571428571
9303,head,0.1428571428571428
9303,agriculture,0.0
9303,high,0.0
2594,non-ag,1.0
2594,low,0.6000000000000001
2594,tail,0.6000000000000001
2594,head,0.4
2594,agriculture,0.0
2594,high,0.4
8383,non-ag,0.9772727272727272
8383,low,1.0
8383,tail,0.25
8383,head,0.7500000000000001
8383,agriculture,0.0227272727272727
8383,high,0.0
13137,non-ag,1.0
13137,low,0.9411764705882354
13137,tail,0.1764705882352941
13137,head,0.8235294117647061
13137,agriculture,0.0
13137,high,0.0588235294117647
7011,non-ag,1.0
7011,low,1.0
7011,tail,0.2
7011,head,0.8
7011,agriculture,0.0
7011,high,0.0
2340,non-ag,1.0
2340,low,1.0
2340,tail,0.5
2340,head,0.5
2340,agriculture,0.0
2340,high,0.0
6782,non-ag,1.0
6782,low,1.0
6782,tail,0.6111111111111112
6782,head,0.3888888888888889
6782,agriculture,0.0
6782,high,0.0
2356,non-ag,1.0
2356,low,1.0
2356,tail,1.0
2356,head,0.0
2356,agriculture,0.0
2356,high,0.0
6614,non-ag,0.6000000000000001
6614,low,1.0
6614,tail,0.0
6614,head,1.0
6614,agriculture,0.4
6614,high,0.0
14277,non-ag,1.0
14277,low,0.2352941176470588
14277,tail,0.0588235294117647
14277,head,0.9411764705882354
14277,agriculture,0.0
14277,high,0.7647058823529412
23197,non-ag,1.0
23197,low,0.5384615384615384
23197,tail,0.0769230769230769
23197,head,0.9230769230769232
23197,agriculture,0.0
23197,high,0.4615384615384616
12738,non-ag,1.0
12738,low,0.8571428571428571
12738,tail,0.5714285714285714
12738,head,0.4285714285714285
12738,agriculture,0.0
12738,high,0.1428571428571428
8356,non-ag,0.8
8356,low,1.0
8356,tail,0.4
8356,head,0.6000000000000001
8356,agriculture,0.2
8356,high,0.0
4097,non-ag,1.0
4097,low,1.0
4097,tail,0.6000000000000001
4097,head,0.4
4097,agriculture,0.0
4097,high,0.0
19907,non-ag,1.0
19907,low,0.8
19907,tail,0.0
19907,head,1.0
19907,agriculture,0.0
19907,high,0.2
11715,non-ag,1.0
11715,low,1.0
11715,tail,0.6000000000000001
11715,head,0.4
11715,agriculture,0.0
11715,high,0.0
32215,non-ag,1.0
32215,low,1.0
32215,tail,0.4285714285714285
32215,head,0.5714285714285714
32215,agriculture,0.0
32215,high,0.0
6130,non-ag,0.5555555555555556
6130,low,1.0
6130,tail,0.5555555555555556
6130,head,0.4444444444444445
6130,agriculture,0.4444444444444445
6130,high,0.0
11100,non-ag,1.0
11100,low,1.0
11100,tail,0.0
11100,head,1.0
11100,agriculture,0.0
11100,high,0.0
2878,non-ag,0.7500000000000001
2878,low,1.0
2878,tail,0.8125
2878,head,0.1875
2878,agriculture,0.25
2878,high,0.0
9975,non-ag,0.5
9975,low,1.0
9975,tail,0.0
9975,head,1.0
9975,agriculture,0.5
9975,high,0.0
15568,non-ag,1.0
15568,low,0.7500000000000001
15568,tail,0.375
15568,head,0.6250000000000001
15568,agriculture,0.0
15568,high,0.25
2612,non-ag,1.0
2612,low,0.7500000000000001
2612,tail,0.375
2612,head,0.6250000000000001
2612,agriculture,0.0
2612,high,0.25
4793,non-ag,1.0
4793,low,1.0
4793,tail,0.9
4793,head,0.1
4793,agriculture,0.0
4793,high,0.0
10263,non-ag,1.0
10263,low,1.0
10263,tail,0.4285714285714285
10263,head,0.5714285714285714
10263,agriculture,0.0
10263,high,0.0
4983,non-ag,0.375
4983,low,1.0
4983,tail,0.5
4983,head,0.5
4983,agriculture,0.6250000000000001
4983,high,0.0
6788,non-ag,0.0
6788,low,1.0
6788,tail,0.5
6788,head,0.5
6788,agriculture,1.0
6788,high,0.0
9218,non-ag,0.0
9218,low,1.0
9218,tail,0.2
9218,head,0.8
9218,agriculture,1.0
9218,high,0.0
18651,non-ag,1.0
18651,low,0.888888888888889
18651,tail,0.3333333333333333
18651,head,0.6666666666666666
18651,agriculture,0.0
18651,high,0.1111111111111111
22010,non-ag,1.0
22010,low,1.0
22010,tail,0.1666666666666666
22010,head,0.8333333333333334
22010,agriculture,0.0
22010,high,0.0
18911,non-ag,1.0
18911,low,1.0
18911,tail,0.0
18911,head,1.0
18911,agriculture,0.0
18911,high,0.0
5628,non-ag,1.0
5628,low,1.0
5628,tail,0.3333333333333333
5628,head,0.6666666666666666
5628,agriculture,0.0
5628,high,0.0
4137,non-ag,1.0
4137,low,1.0
4137,tail,0.3636363636363636
4137,head,0.6363636363636365
4137,agriculture,0.0
4137,high,0.0
20213,non-ag,0.8999999999999999
20213,low,1.0
20213,tail,0.3
20213,head,0.7
20213,agriculture,0.1
20213,high,0.0
13813,non-ag,0.888888888888889
13813,low,1.0
13813,tail,0.4444444444444445
13813,head,0.5555555555555556
13813,agriculture,0.1111111111111111
13813,high,0.0
22956,non-ag,0.8750000000000001
22956,low,1.0
22956,tail,0.0
22956,head,1.0
22956,agriculture,0.125
22956,high,0.0
6012,non-ag,0.8085106382978724
6012,low,1.0
6012,tail,0.3829787234042553
6012,head,0.6170212765957446
6012,agriculture,0.1914893617021276
6012,high,0.0
18829,non-ag,1.0
18829,low,1.0
18829,tail,0.1111111111111111
18829,head,0.8888888888888888
18829,agriculture,0.0
18829,high,0.0
16882,non-ag,1.0
16882,low,1.0
16882,tail,0.1428571428571428
16882,head,0.8571428571428571
16882,agriculture,0.0
16882,high,0.0
17863,non-ag,1.0
17863,low,1.0
17863,tail,0.5
17863,head,0.5
17863,agriculture,0.0
17863,high,0.0
11323,non-ag,1.0
11323,low,1.0
11323,tail,0.375
11323,head,0.6250000000000001
11323,agriculture,0.0
11323,high,0.0
19458,non-ag,1.0
19458,low,0.5833333333333334
19458,tail,0.3333333333333333
19458,head,0.6666666666666666
19458,agriculture,0.0
19458,high,0.4166666666666667
18257,non-ag,1.0
18257,low,0.888888888888889
18257,tail,0.3333333333333333
18257,head,0.6666666666666666
18257,agriculture,0.0
18257,high,0.1111111111111111
6373,non-ag,0.9655172413793104
6373,low,1.0
6373,tail,0.5258620689655172
6373,head,0.4741379310344827
6373,agriculture,0.0344827586206896
6373,high,0.0
20053,non-ag,1.0
20053,low,0.9545454545454546
20053,tail,0.5
20053,head,0.5
20053,agriculture,0.0
20053,high,0.0454545454545454
22617,non-ag,1.0
22617,low,0.8333333333333334
22617,tail,0.5
22617,head,0.5
22617,agriculture,0.0
22617,high,0.1666666666666666
10376,non-ag,1.0
10376,low,1.0
10376,tail,0.8
10376,head,0.2
10376,agriculture,0.0
10376,high,0.0
25052,non-ag,1.0
25052,low,0.95
25052,tail,0.15
25052,head,0.85
25052,agriculture,0.0
25052,high,0.05
25182,non-ag,1.0
25182,low,1.0
25182,tail,0.1666666666666666
25182,head,0.8333333333333334
25182,agriculture,0.0
25182,high,0.0
21322,non-ag,0.2727272727272727
21322,low,1.0
21322,tail,0.7272727272727274
21322,head,0.2727272727272727
21322,agriculture,0.7272727272727274
21322,high,0.0
12739,non-ag,1.0
12739,low,0.7500000000000001
12739,tail,0.5
12739,head,0.5
12739,agriculture,0.0
12739,high,0.25
2763,non-ag,1.0
2763,low,1.0
2763,tail,0.0
2763,head,1.0
2763,agriculture,0.0
2763,high,0.0
23482,non-ag,1.0
23482,low,0.5
23482,tail,0.1
23482,head,0.8999999999999999
23482,agriculture,0.0
23482,high,0.5
2502,non-ag,1.0
2502,low,1.0
2502,tail,0.25
2502,head,0.75
2502,agriculture,0.0
2502,high,0.0
16121,non-ag,1.0
16121,low,1.0
16121,tail,0.3333333333333333
16121,head,0.6666666666666666
16121,agriculture,0.0
16121,high,0.0
13533,non-ag,1.0
13533,low,0.5625
13533,tail,0.25
13533,head,0.7500000000000001
13533,agriculture,0.0
13533,high,0.4375
4501,non-ag,1.0
4501,low,1.0
4501,tail,0.696969696969697
4501,head,0.303030303030303
4501,agriculture,0.0
4501,high,0.0
23376,non-ag,0.8333333333333334
23376,low,1.0
23376,tail,0.3333333333333333
23376,head,0.6666666666666666
23376,agriculture,0.1666666666666666
23376,high,0.0
7479,non-ag,0.2777777777777778
7479,low,1.0
7479,tail,0.4444444444444445
7479,head,0.5555555555555556
7479,agriculture,0.7222222222222222
7479,high,0.0
7811,non-ag,0.0
7811,low,1.0
7811,tail,0.4444444444444444
7811,head,0.5555555555555556
7811,agriculture,1.0
7811,high,0.0
20013,non-ag,0.0
20013,low,1.0
20013,tail,0.1363636363636363
20013,head,0.8636363636363638
20013,agriculture,1.0
20013,high,0.0
9228,non-ag,1.0
9228,low,1.0
9228,tail,0.6000000000000001
9228,head,0.4
9228,agriculture,0.0
9228,high,0.0
11330,non-ag,1.0
11330,low,0.6000000000000001
11330,tail,0.3
11330,head,0.7
11330,agriculture,0.0
11330,high,0.4
2569,non-ag,1.0
2569,low,1.0
2569,tail,0.2222222222222222
2569,head,0.7777777777777778
2569,agriculture,0.0
2569,high,0.0
4978,non-ag,1.0
4978,low,1.0
4978,tail,0.6666666666666666
4978,head,0.3333333333333333
4978,agriculture,0.0
4978,high,0.0
12324,non-ag,1.0
12324,low,1.0
12324,tail,0.8085106382978724
12324,head,0.1914893617021276
12324,agriculture,0.0
12324,high,0.0
3594,non-ag,0.7500000000000001
3594,low,1.0
3594,tail,0.6666666666666666
3594,head,0.3333333333333333
3594,agriculture,0.25
3594,high,0.0
11241,non-ag,0.5
11241,low,1.0
11241,tail,0.3333333333333333
11241,head,0.6666666666666666
11241,agriculture,0.5
11241,high,0.0
22897,non-ag,0.9545454545454548
22897,low,1.0
22897,tail,0.0454545454545454
22897,head,0.9545454545454548
22897,agriculture,0.0454545454545454
22897,high,0.0
27349,non-ag,1.0
27349,low,1.0
27349,tail,0.0
27349,head,1.0
27349,agriculture,0.0
27349,high,0.0
6161,non-ag,1.0
6161,low,1.0
6161,tail,0.2
6161,head,0.8
6161,agriculture,0.0
6161,high,0.0
6115,non-ag,1.0
6115,low,0.6250000000000001
6115,tail,0.25
6115,head,0.7500000000000001
6115,agriculture,0.0
6115,high,0.375
11874,non-ag,0.8571428571428572
11874,low,0.8571428571428572
11874,tail,0.0
11874,head,1.0
11874,agriculture,0.1428571428571429
11874,high,0.1428571428571429
4297,non-ag,1.0
4297,low,1.0
4297,tail,0.0
4297,head,1.0
4297,agriculture,0.0
4297,high,0.0
10842,non-ag,1.0
10842,low,0.5
10842,tail,0.3333333333333333
10842,head,0.6666666666666666
10842,agriculture,0.0
10842,high,0.5
3925,non-ag,1.0
3925,low,1.0
3925,tail,0.5
3925,head,0.5
3925,agriculture,0.0
3925,high,0.0
2623,non-ag,1.0
2623,low,1.0
2623,tail,0.6000000000000001
2623,head,0.4
2623,agriculture,0.0
2623,high,0.0
15055,non-ag,0.6000000000000001
15055,low,1.0
15055,tail,0.2
15055,head,0.8
15055,agriculture,0.4
15055,high,0.0
2687,non-ag,1.0
2687,low,0.8
2687,tail,0.8999999999999999
2687,head,0.1
2687,agriculture,0.0
2687,high,0.2
17808,non-ag,1.0
17808,low,1.0
17808,tail,0.3333333333333333
17808,head,0.6666666666666666
17808,agriculture,0.0
17808,high,0.0
2695,non-ag,0.8571428571428573
2695,low,1.0
2695,tail,0.1428571428571428
2695,head,0.8571428571428573
2695,agriculture,0.1428571428571428
2695,high,0.0
5409,non-ag,1.0
5409,low,0.6315789473684211
5409,tail,0.2631578947368421
5409,head,0.7368421052631579
5409,agriculture,0.0
5409,high,0.3684210526315789
7080,non-ag,1.0
7080,low,0.9473684210526316
7080,tail,0.2105263157894737
7080,head,0.7894736842105263
7080,agriculture,0.0
7080,high,0.0526315789473684
25773,non-ag,0.8
25773,low,1.0
25773,tail,0.2
25773,head,0.8
25773,agriculture,0.2
25773,high,0.0
13043,non-ag,1.0
13043,low,1.0
13043,tail,0.2142857142857142
13043,head,0.7857142857142858
13043,agriculture,0.0
13043,high,0.0
9685,non-ag,1.0
9685,low,1.0
9685,tail,0.6666666666666666
9685,head,0.3333333333333333
9685,agriculture,0.0
9685,high,0.0
2760,non-ag,0.6000000000000001
2760,low,1.0
2760,tail,0.6000000000000001
2760,head,0.4
2760,agriculture,0.4
2760,high,0.0
6533,non-ag,1.0
6533,low,1.0
6533,tail,0.1363636363636363
6533,head,0.8636363636363638
6533,agriculture,0.0
6533,high,0.0
2799,non-ag,0.7777777777777777
2799,low,1.0
2799,tail,0.4444444444444445
2799,head,0.5555555555555556
2799,agriculture,0.2222222222222222
2799,high,0.0
7890,non-ag,1.0
7890,low,1.0
7890,tail,0.6666666666666666
7890,head,0.3333333333333333
7890,agriculture,0.0
7890,high,0.0
17462,non-ag,0.7499999999999999
17462,low,1.0
17462,tail,1.0
17462,head,0.0
17462,agriculture,0.2499999999999999
17462,high,0.0
18676,non-ag,0.8
18676,low,0.8
18676,tail,0.0
18676,head,1.0
18676,agriculture,0.2
18676,high,0.2
19362,non-ag,1.0
19362,low,1.0
19362,tail,1.0
19362,head,0.0
19362,agriculture,0.0
19362,high,0.0
23978,non-ag,1.0
23978,low,0.9374999999999998
23978,tail,0.0624999999999999
23978,head,0.9374999999999998
23978,agriculture,0.0
23978,high,0.0624999999999999
7974,non-ag,1.0
7974,low,1.0
7974,tail,0.380952380952381
7974,head,0.6190476190476192
7974,agriculture,0.0
7974,high,0.0
33112,non-ag,0.2
33112,low,1.0
33112,tail,0.2
33112,head,0.8
33112,agriculture,0.8
33112,high,0.0
37803,non-ag,0.7999999999999999
37803,low,1.0
37803,tail,0.2
37803,head,0.7999999999999999
37803,agriculture,0.2
37803,high,0.0
33705,non-ag,0.9148936170212768
33705,low,1.0
33705,tail,0.2765957446808511
33705,head,0.723404255319149
33705,agriculture,0.0851063829787234
33705,high,0.0
9813,non-ag,1.0
9813,low,1.0
9813,tail,0.3333333333333333
9813,head,0.6666666666666666
9813,agriculture,0.0
9813,high,0.0
15909,non-ag,0.8
15909,low,1.0
15909,tail,0.4
15909,head,0.6000000000000001
15909,agriculture,0.2
15909,high,0.0
5124,non-ag,0.8
5124,low,1.0
5124,tail,0.8
5124,head,0.2
5124,agriculture,0.2
5124,high,0.0
13090,non-ag,1.0
13090,low,1.0
13090,tail,0.2222222222222222
13090,head,0.7777777777777778
13090,agriculture,0.0
13090,high,0.0
22365,non-ag,1.0
22365,low,1.0
22365,tail,0.1538461538461538
22365,head,0.8461538461538461
22365,agriculture,0.0
22365,high,0.0
24209,non-ag,1.0
24209,low,1.0
24209,tail,0.125
24209,head,0.8750000000000001
24209,agriculture,0.0
24209,high,0.0
23401,non-ag,1.0
23401,low,0.95
23401,tail,0.05
23401,head,0.95
23401,agriculture,0.0
23401,high,0.05
24339,non-ag,1.0
24339,low,0.92
24339,tail,0.16
24339,head,0.8400000000000002
24339,agriculture,0.0
24339,high,0.08
3653,non-ag,0.5714285714285714
3653,low,1.0
3653,tail,0.2857142857142857
3653,head,0.7142857142857142
3653,agriculture,0.4285714285714285
3653,high,0.0
22680,non-ag,1.0
22680,low,0.7142857142857142
22680,tail,0.1428571428571428
22680,head,0.8571428571428571
22680,agriculture,0.0
22680,high,0.2857142857142857
2905,non-ag,1.0
2905,low,1.0
2905,tail,0.5
2905,head,0.5
2905,agriculture,0.0
2905,high,0.0
2910,non-ag,1.0
2910,low,1.0
2910,tail,0.6000000000000001
2910,head,0.4
2910,agriculture,0.0
2910,high,0.0
20595,non-ag,1.0
20595,low,1.0
20595,tail,0.7142857142857143
20595,head,0.2857142857142857
20595,agriculture,0.0
20595,high,0.0
4961,non-ag,1.0
4961,low,1.0
4961,tail,0.4
4961,head,0.6000000000000001
4961,agriculture,0.0
4961,high,0.0
2489,non-ag,1.0
2489,low,0.9736842105263158
2489,tail,0.131578947368421
2489,head,0.8684210526315791
2489,agriculture,0.0
2489,high,0.0263157894736842
1430,non-ag,1.0
1430,low,0.4857142857142857
1430,tail,0.2571428571428572
1430,head,0.742857142857143
1430,agriculture,0.0
1430,high,0.5142857142857143
2940,non-ag,1.0
2940,low,1.0
2940,tail,0.6000000000000001
2940,head,0.4
2940,agriculture,0.0
2940,high,0.0
7026,non-ag,0.8571428571428571
7026,low,1.0
7026,tail,0.4285714285714285
7026,head,0.5714285714285714
7026,agriculture,0.1428571428571428
7026,high,0.0
2955,non-ag,1.0
2955,low,1.0
2955,tail,0.5384615384615385
2955,head,0.4615384615384615
2955,agriculture,0.0
2955,high,0.0
12149,non-ag,1.0
12149,low,1.0
12149,tail,0.7142857142857143
12149,head,0.2857142857142857
12149,agriculture,0.0
12149,high,0.0
4918,non-ag,0.9090909090909092
4918,low,1.0
4918,tail,0.4545454545454546
4918,head,0.5454545454545455
4918,agriculture,0.0909090909090909
4918,high,0.0
1991,non-ag,1.0
1991,low,1.0
1991,tail,0.0
1991,head,1.0
1991,agriculture,0.0
1991,high,0.0
22933,non-ag,1.0
22933,low,1.0
22933,tail,0.0
22933,head,1.0
22933,agriculture,0.0
22933,high,0.0
11866,non-ag,0.6666666666666666
11866,low,1.0
11866,tail,0.7500000000000001
11866,head,0.25
11866,agriculture,0.3333333333333333
11866,high,0.0
16564,non-ag,1.0
16564,low,1.0
16564,tail,0.4444444444444444
16564,head,0.5555555555555556
16564,agriculture,0.0
16564,high,0.0
17397,non-ag,1.0
17397,low,1.0
17397,tail,0.2
17397,head,0.8
17397,agriculture,0.0
17397,high,0.0
19005,non-ag,1.0
19005,low,1.0
19005,tail,0.2
19005,head,0.8
19005,agriculture,0.0
19005,high,0.0
3040,non-ag,0.7142857142857142
3040,low,1.0
3040,tail,0.4285714285714285
3040,head,0.5714285714285714
3040,agriculture,0.2857142857142857
3040,high,0.0
18412,non-ag,1.0
18412,low,1.0
18412,tail,0.7272727272727273
18412,head,0.2727272727272727
18412,agriculture,0.0
18412,high,0.0
508,non-ag,0.1714285714285714
508,low,1.0
508,tail,0.1999999999999999
508,head,0.7999999999999999
508,agriculture,0.8285714285714285
508,high,0.0
4824,non-ag,0.6666666666666666
4824,low,1.0
4824,tail,0.6666666666666666
4824,head,0.3333333333333333
4824,agriculture,0.3333333333333333
4824,high,0.0
29347,non-ag,0.9375
29347,low,1.0
29347,tail,0.5
29347,head,0.5
29347,agriculture,0.0625
29347,high,0.0
32151,non-ag,1.0
32151,low,1.0
32151,tail,0.0
32151,head,1.0
32151,agriculture,0.0
32151,high,0.0
13854,non-ag,1.0
13854,low,1.0
13854,tail,0.411764705882353
13854,head,0.5882352941176471
13854,agriculture,0.0
13854,high,0.0
16374,non-ag,1.0
16374,low,1.0
16374,tail,0.3684210526315789
16374,head,0.631578947368421
16374,agriculture,0.0
16374,high,0.0
15069,non-ag,1.0
15069,low,1.0
15069,tail,0.6153846153846154
15069,head,0.3846153846153846
15069,agriculture,0.0
15069,high,0.0
3923,non-ag,1.0
3923,low,1.0
3923,tail,0.5454545454545455
3923,head,0.4545454545454546
3923,agriculture,0.0
3923,high,0.0
7788,non-ag,0.4285714285714285
7788,low,1.0
7788,tail,0.2857142857142857
7788,head,0.7142857142857142
7788,agriculture,0.5714285714285714
7788,high,0.0
18836,non-ag,0.8
18836,low,1.0
18836,tail,0.2
18836,head,0.8
18836,agriculture,0.2
18836,high,0.0
16417,non-ag,1.0
16417,low,0.9333333333333336
16417,tail,0.3333333333333333
16417,head,0.6666666666666666
16417,agriculture,0.0
16417,high,0.0666666666666666
17763,non-ag,0.7692307692307693
17763,low,1.0
17763,tail,0.4615384615384616
17763,head,0.5384615384615384
17763,agriculture,0.2307692307692308
17763,high,0.0
7645,non-ag,0.9333333333333336
7645,low,1.0
7645,tail,0.6000000000000001
7645,head,0.4
7645,agriculture,0.0666666666666666
7645,high,0.0
3167,non-ag,1.0
3167,low,1.0
3167,tail,0.8333333333333334
3167,head,0.1666666666666666
3167,agriculture,0.0
3167,high,0.0
18447,non-ag,0.2857142857142857
18447,low,1.0
18447,tail,0.0
18447,head,1.0
18447,agriculture,0.7142857142857143
18447,high,0.0
3173,non-ag,0.9166666666666669
3173,low,1.0
3173,tail,0.5833333333333334
3173,head,0.4166666666666667
3173,agriculture,0.0833333333333333
3173,high,0.0
29968,non-ag,1.0
29968,low,1.0
29968,tail,0.2
29968,head,0.8
29968,agriculture,0.0
29968,high,0.0
43648,non-ag,0.8
43648,low,1.0
43648,tail,0.6000000000000001
43648,head,0.4
43648,agriculture,0.2
43648,high,0.0
19224,non-ag,1.0
19224,low,1.0
19224,tail,0.0
19224,head,1.0
19224,agriculture,0.0
19224,high,0.0
11489,non-ag,1.0
11489,low,0.8
11489,tail,0.8
11489,head,0.2
11489,agriculture,0.0
11489,high,0.2
23437,non-ag,1.0
23437,low,1.0
23437,tail,0.0
23437,head,1.0
23437,agriculture,0.0
23437,high,0.0
3212,non-ag,0.0
3212,low,1.0
3212,tail,0.2
3212,head,0.8
3212,agriculture,1.0
3212,high,0.0
32421,non-ag,0.6000000000000001
32421,low,0.8
32421,tail,0.0
32421,head,1.0
32421,agriculture,0.4
32421,high,0.2
11253,non-ag,0.7857142857142858
11253,low,1.0
11253,tail,0.6428571428571429
11253,head,0.3571428571428571
11253,agriculture,0.2142857142857142
11253,high,0.0
4646,non-ag,0.6250000000000001
4646,low,1.0
4646,tail,0.7500000000000001
4646,head,0.25
4646,agriculture,0.375
4646,high,0.0
8489,non-ag,0.8
8489,low,1.0
8489,tail,0.6000000000000001
8489,head,0.4
8489,agriculture,0.2
8489,high,0.0
8538,non-ag,0.6250000000000001
8538,low,1.0
8538,tail,0.5
8538,head,0.5
8538,agriculture,0.375
8538,high,0.0
11387,non-ag,1.0
11387,low,1.0
11387,tail,0.6206896551724138
11387,head,0.3793103448275862
11387,agriculture,0.0
11387,high,0.0
14024,non-ag,1.0
14024,low,1.0
14024,tail,0.1
14024,head,0.9
14024,agriculture,0.0
14024,high,0.0
22554,non-ag,1.0
22554,low,1.0
22554,tail,0.9090909090909092
22554,head,0.0909090909090909
22554,agriculture,0.0
22554,high,0.0
7923,non-ag,1.0
7923,low,0.8
7923,tail,0.0
7923,head,1.0
7923,agriculture,0.0
7923,high,0.2
26262,non-ag,1.0
26262,low,1.0
26262,tail,0.375
26262,head,0.6250000000000001
26262,agriculture,0.0
26262,high,0.0
12116,non-ag,1.0
12116,low,0.7500000000000001
12116,tail,0.125
12116,head,0.875
12116,agriculture,0.0
12116,high,0.25
24006,non-ag,0.9285714285714288
24006,low,1.0
24006,tail,0.5
24006,head,0.5
24006,agriculture,0.0714285714285714
24006,high,0.0
5241,non-ag,0.7200000000000001
5241,low,1.0
5241,tail,0.7200000000000001
5241,head,0.28
5241,agriculture,0.28
5241,high,0.0
13329,non-ag,1.0
13329,low,1.0
13329,tail,0.0
13329,head,1.0
13329,agriculture,0.0
13329,high,0.0
26176,non-ag,1.0
26176,low,1.0
26176,tail,0.0
26176,head,1.0
26176,agriculture,0.0
26176,high,0.0
17787,non-ag,0.8571428571428572
17787,low,1.0
17787,tail,0.1428571428571429
17787,head,0.8571428571428572
17787,agriculture,0.1428571428571429
17787,high,0.0
6369,non-ag,1.0
6369,low,1.0
6369,tail,0.7777777777777778
6369,head,0.2222222222222222
6369,agriculture,0.0
6369,high,0.0
13209,non-ag,1.0
13209,low,1.0
13209,tail,0.25
13209,head,0.75
13209,agriculture,0.0
13209,high,0.0
4596,non-ag,0.8
4596,low,1.0
4596,tail,0.6000000000000001
4596,head,0.4
4596,agriculture,0.2
4596,high,0.0
13067,non-ag,1.0
13067,low,0.6000000000000001
13067,tail,0.0
13067,head,1.0
13067,agriculture,0.0
13067,high,0.4
3411,non-ag,0.9166666666666669
3411,low,1.0
3411,tail,0.5
3411,head,0.5
3411,agriculture,0.0833333333333333
3411,high,0.0
3448,non-ag,1.0
3448,low,0.5
3448,tail,0.1666666666666666
3448,head,0.8333333333333334
3448,agriculture,0.0
3448,high,0.5
14840,non-ag,0.9285714285714288
14840,low,1.0
14840,tail,0.0714285714285714
14840,head,0.9285714285714288
14840,agriculture,0.0714285714285714
14840,high,0.0
12642,non-ag,0.8999999999999999
12642,low,1.0
12642,tail,0.1
12642,head,0.8999999999999999
12642,agriculture,0.1
12642,high,0.0
17758,non-ag,1.0
17758,low,1.0
17758,tail,0.1739130434782609
17758,head,0.8260869565217391
17758,agriculture,0.0
17758,high,0.0
18677,non-ag,0.9696969696969696
18677,low,1.0
18677,tail,0.0606060606060606
18677,head,0.9393939393939396
18677,agriculture,0.0303030303030303
18677,high,0.0
17922,non-ag,1.0
17922,low,1.0
17922,tail,0.0714285714285714
17922,head,0.9285714285714286
17922,agriculture,0.0
17922,high,0.0
6597,non-ag,0.8571428571428571
6597,low,1.0
6597,tail,1.0
6597,head,0.0
6597,agriculture,0.1428571428571428
6597,high,0.0
17049,non-ag,0.3333333333333333
17049,low,1.0
17049,tail,0.2666666666666666
17049,head,0.7333333333333333
17049,agriculture,0.6666666666666666
17049,high,0.0
18392,non-ag,1.0
18392,low,1.0
18392,tail,0.5714285714285714
18392,head,0.4285714285714285
18392,agriculture,0.0
18392,high,0.0
23533,non-ag,0.8571428571428571
23533,low,1.0
23533,tail,0.0
23533,head,1.0
23533,agriculture,0.1428571428571428
23533,high,0.0
18171,non-ag,1.0
18171,low,1.0
18171,tail,0.0
18171,head,1.0
18171,agriculture,0.0
18171,high,0.0
28763,non-ag,0.4
28763,low,1.0
28763,tail,0.0
28763,head,1.0
28763,agriculture,0.6000000000000001
28763,high,0.0
10921,non-ag,1.0
10921,low,0.8095238095238095
10921,tail,0.380952380952381
10921,head,0.6190476190476191
10921,agriculture,0.0
10921,high,0.1904761904761905
30662,non-ag,1.0
30662,low,1.0
30662,tail,0.2307692307692307
30662,head,0.7692307692307692
30662,agriculture,0.0
30662,high,0.0
15437,non-ag,1.0
15437,low,1.0
15437,tail,0.6000000000000001
15437,head,0.4
15437,agriculture,0.0
15437,high,0.0
27206,non-ag,0.8333333333333334
27206,low,1.0
27206,tail,0.5
27206,head,0.5
27206,agriculture,0.1666666666666666
27206,high,0.0
9338,non-ag,0.0
9338,low,1.0
9338,tail,0.3333333333333333
9338,head,0.6666666666666666
9338,agriculture,1.0
9338,high,0.0
11062,non-ag,1.0
11062,low,1.0
11062,tail,0.0
11062,head,1.0
11062,agriculture,0.0
11062,high,0.0
10489,non-ag,1.0
10489,low,1.0
10489,tail,0.0
10489,head,1.0
10489,agriculture,0.0
10489,high,0.0
12226,non-ag,1.0
12226,low,0.8571428571428571
12226,tail,0.0
12226,head,1.0
12226,agriculture,0.0
12226,high,0.1428571428571428
11359,non-ag,1.0
11359,low,1.0
11359,tail,0.4999999999999999
11359,head,0.4999999999999999
11359,agriculture,0.0
11359,high,0.0
1660,non-ag,0.9772727272727272
1660,low,1.0
1660,tail,0.0227272727272727
1660,head,0.9772727272727272
1660,agriculture,0.0227272727272727
1660,high,0.0
9070,non-ag,0.8
9070,low,1.0
9070,tail,0.8
9070,head,0.2
9070,agriculture,0.2
9070,high,0.0
4480,non-ag,1.0
4480,low,0.8571428571428571
4480,tail,0.2857142857142857
4480,head,0.7142857142857142
4480,agriculture,0.0
4480,high,0.1428571428571428
11717,non-ag,0.8
11717,low,1.0
11717,tail,0.2
11717,head,0.8
11717,agriculture,0.2
11717,high,0.0
20028,non-ag,1.0
20028,low,1.0
20028,tail,0.3333333333333333
20028,head,0.6666666666666666
20028,agriculture,0.0
20028,high,0.0
14980,non-ag,0.6000000000000001
14980,low,1.0
14980,tail,0.6000000000000001
14980,head,0.4
14980,agriculture,0.4
14980,high,0.0
3562,non-ag,1.0
3562,low,0.2
3562,tail,0.0
3562,head,1.0
3562,agriculture,0.0
3562,high,0.8
37021,non-ag,1.0
37021,low,1.0
37021,tail,0.2499999999999999
37021,head,0.7499999999999999
37021,agriculture,0.0
37021,high,0.0
15493,non-ag,1.0
15493,low,1.0
15493,tail,0.0
15493,head,1.0
15493,agriculture,0.0
15493,high,0.0
5633,non-ag,0.2
5633,low,1.0
5633,tail,0.4
5633,head,0.6000000000000001
5633,agriculture,0.8
5633,high,0.0
19074,non-ag,0.8400000000000002
19074,low,1.0
19074,tail,0.7200000000000001
19074,head,0.28
19074,agriculture,0.16
19074,high,0.0
23074,non-ag,1.0
23074,low,1.0
23074,tail,0.125
23074,head,0.8750000000000001
23074,agriculture,0.0
23074,high,0.0
5134,non-ag,1.0
5134,low,1.0
5134,tail,0.4
5134,head,0.6000000000000001
5134,agriculture,0.0
5134,high,0.0
3724,non-ag,0.5
3724,low,1.0
3724,tail,1.0
3724,head,0.0
3724,agriculture,0.5
3724,high,0.0
15576,non-ag,1.0
15576,low,1.0
15576,tail,0.4444444444444444
15576,head,0.5555555555555556
15576,agriculture,0.0
15576,high,0.0
18214,non-ag,1.0
18214,low,0.7500000000000001
18214,tail,0.0625
18214,head,0.9375
18214,agriculture,0.0
18214,high,0.25
16489,non-ag,0.6250000000000001
16489,low,0.875
16489,tail,0.0
16489,head,1.0
16489,agriculture,0.375
16489,high,0.125
6531,non-ag,1.0
6531,low,0.4
6531,tail,0.2
6531,head,0.8
6531,agriculture,0.0
6531,high,0.6000000000000001
7206,non-ag,1.0
7206,low,0.8999999999999999
7206,tail,0.3
7206,head,0.7
7206,agriculture,0.0
7206,high,0.1
29727,non-ag,1.0
29727,low,0.6000000000000001
29727,tail,0.0666666666666666
29727,head,0.9333333333333336
29727,agriculture,0.0
29727,high,0.4
12791,non-ag,1.0
12791,low,0.6000000000000001
12791,tail,0.2
12791,head,0.8
12791,agriculture,0.0
12791,high,0.4
3283,non-ag,1.0
3283,low,1.0
3283,tail,0.6000000000000001
3283,head,0.4
3283,agriculture,0.0
3283,high,0.0
7966,non-ag,0.8
7966,low,1.0
7966,tail,0.0
7966,head,1.0
7966,agriculture,0.2
7966,high,0.0
11027,non-ag,1.0
11027,low,1.0
11027,tail,0.525
11027,head,0.475
11027,agriculture,0.0
11027,high,0.0
9205,non-ag,0.9156626506024096
9205,low,1.0
9205,tail,0.8192771084337349
9205,head,0.180722891566265
9205,agriculture,0.0843373493975903
9205,high,0.0
3791,non-ag,1.0
3791,low,0.7499999999999999
3791,tail,0.0
3791,head,1.0
3791,agriculture,0.0
3791,high,0.2499999999999999
4430,non-ag,1.0
4430,low,0.9285714285714288
4430,tail,0.0714285714285714
4430,head,0.9285714285714288
4430,agriculture,0.0
4430,high,0.0714285714285714
3950,non-ag,1.0
3950,low,1.0
3950,tail,0.7777777777777778
3950,head,0.2222222222222222
3950,agriculture,0.0
3950,high,0.0
18880,non-ag,1.0
18880,low,1.0
18880,tail,0.6363636363636365
18880,head,0.3636363636363636
18880,agriculture,0.0
18880,high,0.0
16587,non-ag,0.1666666666666666
16587,low,1.0
16587,tail,0.5
16587,head,0.5
16587,agriculture,0.8333333333333334
16587,high,0.0
18376,non-ag,0.923076923076923
18376,low,1.0
18376,tail,0.0769230769230769
18376,head,0.923076923076923
18376,agriculture,0.0769230769230769
18376,high,0.0
13644,non-ag,1.0
13644,low,0.8421052631578948
13644,tail,0.2631578947368421
13644,head,0.7368421052631579
13644,agriculture,0.0
13644,high,0.1578947368421052
4017,non-ag,0.1428571428571428
4017,low,1.0
4017,tail,0.4285714285714286
4017,head,0.5714285714285715
4017,agriculture,0.8571428571428573
4017,high,0.0
22212,non-ag,0.6428571428571429
22212,low,1.0
22212,tail,0.1428571428571428
22212,head,0.8571428571428571
22212,agriculture,0.3571428571428571
22212,high,0.0
2166,non-ag,0.3333333333333333
2166,low,1.0
2166,tail,0.0
2166,head,1.0
2166,agriculture,0.6666666666666666
2166,high,0.0
21741,non-ag,0.8181818181818182
21741,low,1.0
21741,tail,0.7272727272727274
21741,head,0.2727272727272727
21741,agriculture,0.1818181818181818
21741,high,0.0
26741,non-ag,0.8
26741,low,1.0
26741,tail,0.6000000000000001
26741,head,0.4
26741,agriculture,0.2
26741,high,0.0
8519,non-ag,1.0
8519,low,0.9230769230769232
8519,tail,0.2307692307692308
8519,head,0.7692307692307693
8519,agriculture,0.0
8519,high,0.0769230769230769
8012,non-ag,1.0
8012,low,0.4
8012,tail,0.2
8012,head,0.8
8012,agriculture,0.0
8012,high,0.6000000000000001
7910,non-ag,1.0
7910,low,0.5333333333333333
7910,tail,0.2
7910,head,0.8
7910,agriculture,0.0
7910,high,0.4666666666666667
25760,non-ag,1.0
25760,low,0.4545454545454546
25760,tail,0.1818181818181818
25760,head,0.8181818181818182
25760,agriculture,0.0
25760,high,0.5454545454545455
21421,non-ag,1.0
21421,low,0.4
21421,tail,0.2
21421,head,0.8
21421,agriculture,0.0
21421,high,0.6000000000000001
4114,non-ag,0.5
4114,low,1.0
4114,tail,0.375
4114,head,0.6250000000000001
4114,agriculture,0.5
4114,high,0.0
22830,non-ag,1.0
22830,low,1.0
22830,tail,0.2272727272727273
22830,head,0.7727272727272728
22830,agriculture,0.0
22830,high,0.0
7851,non-ag,0.5
7851,low,1.0
7851,tail,0.4166666666666667
7851,head,0.5833333333333334
7851,agriculture,0.5
7851,high,0.0
22429,non-ag,0.6666666666666666
22429,low,1.0
22429,tail,0.3333333333333333
22429,head,0.6666666666666666
22429,agriculture,0.3333333333333333
22429,high,0.0
17186,non-ag,0.3333333333333333
17186,low,1.0
17186,tail,0.8333333333333334
17186,head,0.1666666666666666
17186,agriculture,0.6666666666666666
17186,high,0.0
10197,non-ag,0.7142857142857142
10197,low,1.0
10197,tail,0.1428571428571428
10197,head,0.8571428571428571
10197,agriculture,0.2857142857142857
10197,high,0.0
7210,non-ag,1.0
7210,low,1.0
7210,tail,0.9411764705882352
7210,head,0.0588235294117647
7210,agriculture,0.0
7210,high,0.0
17592,non-ag,0.9090909090909092
17592,low,1.0
17592,tail,0.1818181818181818
17592,head,0.8181818181818182
17592,agriculture,0.0909090909090909
17592,high,0.0
8339,non-ag,0.0
8339,low,1.0
8339,tail,0.5
8339,head,0.5
8339,agriculture,1.0
8339,high,0.0
4381,non-ag,0.6000000000000001
4381,low,1.0
4381,tail,0.6000000000000001
4381,head,0.4
4381,agriculture,0.4
4381,high,0.0
20521,non-ag,0.8
20521,low,1.0
20521,tail,0.2
20521,head,0.8
20521,agriculture,0.2
20521,high,0.0
13873,non-ag,0.1428571428571428
13873,low,1.0
13873,tail,0.4285714285714285
13873,head,0.5714285714285714
13873,agriculture,0.8571428571428571
13873,high,0.0
4424,non-ag,1.0
4424,low,1.0
4424,tail,0.8
4424,head,0.2
4424,agriculture,0.0
4424,high,0.0
25502,non-ag,1.0
25502,low,0.7499999999999999
25502,tail,0.0
25502,head,1.0
25502,agriculture,0.0
25502,high,0.2499999999999999
22590,non-ag,1.0
22590,low,0.4
22590,tail,0.2
22590,head,0.8
22590,agriculture,0.0
22590,high,0.6000000000000001
17479,non-ag,1.0
17479,low,1.0
17479,tail,0.75
17479,head,0.25
17479,agriculture,0.0
17479,high,0.0
6912,non-ag,1.0
6912,low,1.0
6912,tail,0.4285714285714285
6912,head,0.5714285714285714
6912,agriculture,0.0
6912,high,0.0
14931,non-ag,0.5
14931,low,1.0
14931,tail,0.1666666666666666
14931,head,0.8333333333333334
14931,agriculture,0.5
14931,high,0.0
4469,non-ag,0.875
4469,low,1.0
4469,tail,0.7500000000000001
4469,head,0.25
4469,agriculture,0.125
4469,high,0.0
10520,non-ag,0.6666666666666666
10520,low,1.0
10520,tail,0.8333333333333334
10520,head,0.1666666666666666
10520,agriculture,0.3333333333333333
10520,high,0.0
17842,non-ag,1.0
17842,low,1.0
17842,tail,0.0
17842,head,1.0
17842,agriculture,0.0
17842,high,0.0
18545,non-ag,1.0
18545,low,1.0
18545,tail,0.2
18545,head,0.8
18545,agriculture,0.0
18545,high,0.0
19267,non-ag,0.5714285714285714
19267,low,0.5714285714285714
19267,tail,0.0
19267,head,1.0
19267,agriculture,0.4285714285714285
19267,high,0.4285714285714285
4624,non-ag,0.8571428571428571
4624,low,1.0
4624,tail,0.6428571428571429
4624,head,0.3571428571428571
4624,agriculture,0.1428571428571428
4624,high,0.0
16346,non-ag,0.6923076923076923
16346,low,1.0
16346,tail,0.3076923076923077
16346,head,0.6923076923076923
16346,agriculture,0.3076923076923077
16346,high,0.0
8107,non-ag,0.7777777777777777
8107,low,1.0
8107,tail,0.6666666666666666
8107,head,0.3333333333333333
8107,agriculture,0.2222222222222222
8107,high,0.0
6640,non-ag,1.0
6640,low,0.9230769230769232
6640,tail,0.3076923076923077
6640,head,0.6923076923076923
6640,agriculture,0.0
6640,high,0.0769230769230769
8974,non-ag,1.0
8974,low,1.0
8974,tail,0.2
8974,head,0.8
8974,agriculture,0.0
8974,high,0.0
4674,non-ag,0.5
4674,low,1.0
4674,tail,0.6666666666666666
4674,head,0.3333333333333333
4674,agriculture,0.5
4674,high,0.0
23604,non-ag,0.875
23604,low,1.0
23604,tail,0.25
23604,head,0.7500000000000001
23604,agriculture,0.125
23604,high,0.0
28558,non-ag,1.0
28558,low,1.0
28558,tail,0.125
28558,head,0.8750000000000001
28558,agriculture,0.0
28558,high,0.0
7586,non-ag,1.0
7586,low,0.5789473684210528
7586,tail,0.0526315789473684
7586,head,0.9473684210526316
7586,agriculture,0.0
7586,high,0.4210526315789474
4697,non-ag,1.0
4697,low,1.0
4697,tail,0.6666666666666666
4697,head,0.3333333333333333
4697,agriculture,0.0
4697,high,0.0
7478,non-ag,1.0
7478,low,1.0
7478,tail,0.9
7478,head,0.1
7478,agriculture,0.0
7478,high,0.0
18086,non-ag,1.0
18086,low,0.8
18086,tail,0.2
18086,head,0.8
18086,agriculture,0.0
18086,high,0.2
22601,non-ag,0.4
22601,low,1.0
22601,tail,0.0
22601,head,1.0
22601,agriculture,0.6000000000000001
22601,high,0.0
22877,non-ag,1.0
22877,low,1.0
22877,tail,0.0
22877,head,1.0
22877,agriculture,0.0
22877,high,0.0
7195,non-ag,0.6000000000000001
7195,low,1.0
7195,tail,0.2
7195,head,0.8
7195,agriculture,0.4
7195,high,0.0
25378,non-ag,0.3333333333333333
25378,low,0.8333333333333334
25378,tail,0.0
25378,head,1.0
25378,agriculture,0.6666666666666666
25378,high,0.1666666666666666
25830,non-ag,0.4285714285714285
25830,low,1.0
25830,tail,0.0
25830,head,1.0
25830,agriculture,0.5714285714285714
25830,high,0.0
32895,non-ag,0.0833333333333333
32895,low,1.0
32895,tail,0.4166666666666667
32895,head,0.5833333333333334
32895,agriculture,0.9166666666666669
32895,high,0.0
4748,non-ag,1.0
4748,low,1.0
4748,tail,0.8571428571428571
4748,head,0.1428571428571428
4748,agriculture,0.0
4748,high,0.0
9396,non-ag,1.0
9396,low,1.0
9396,tail,0.8
9396,head,0.2
9396,agriculture,0.0
9396,high,0.0
7459,non-ag,1.0
7459,low,0.8
7459,tail,0.0
7459,head,1.0
7459,agriculture,0.0
7459,high,0.2
5809,non-ag,0.7777777777777777
5809,low,1.0
5809,tail,0.2222222222222222
5809,head,0.7777777777777777
5809,agriculture,0.2222222222222222
5809,high,0.0
19749,non-ag,0.9375
19749,low,1.0
19749,tail,0.34375
19749,head,0.6562500000000001
19749,agriculture,0.0625
19749,high,0.0
28129,non-ag,0.5625
28129,low,1.0
28129,tail,0.34375
28129,head,0.6562500000000001
28129,agriculture,0.4375
28129,high,0.0
4963,non-ag,1.0
4963,low,1.0
4963,tail,0.4
4963,head,0.6000000000000001
4963,agriculture,0.0
4963,high,0.0
4953,non-ag,0.6666666666666666
4953,low,1.0
4953,tail,0.5
4953,head,0.5
4953,agriculture,0.3333333333333333
4953,high,0.0
17287,non-ag,1.0
17287,low,1.0
17287,tail,0.4
17287,head,0.6000000000000001
17287,agriculture,0.0
17287,high,0.0
9019,non-ag,0.6000000000000001
9019,low,1.0
9019,tail,0.6000000000000001
9019,head,0.4
9019,agriculture,0.4
9019,high,0.0
30178,non-ag,1.0
30178,low,1.0
30178,tail,0.0
30178,head,1.0
30178,agriculture,0.0
30178,high,0.0
10508,non-ag,0.8571428571428571
10508,low,1.0
10508,tail,0.1428571428571428
10508,head,0.8571428571428571
10508,agriculture,0.1428571428571428
10508,high,0.0
19481,non-ag,0.8
19481,low,1.0
19481,tail,0.4
19481,head,0.6000000000000001
19481,agriculture,0.2
19481,high,0.0
25237,non-ag,0.6666666666666666
25237,low,1.0
25237,tail,0.5
25237,head,0.5
25237,agriculture,0.3333333333333333
25237,high,0.0
5144,non-ag,0.6250000000000001
5144,low,1.0
5144,tail,0.5
5144,head,0.5
5144,agriculture,0.375
5144,high,0.0
4910,non-ag,1.0
4910,low,1.0
4910,tail,0.3333333333333333
4910,head,0.6666666666666666
4910,agriculture,0.0
4910,high,0.0
5083,non-ag,0.5625
5083,low,1.0
5083,tail,0.1875
5083,head,0.8125
5083,agriculture,0.4375
5083,high,0.0
2864,non-ag,0.4545454545454546
2864,low,1.0
2864,tail,0.4545454545454546
2864,head,0.5454545454545455
2864,agriculture,0.5454545454545455
2864,high,0.0
1715,non-ag,1.0
1715,low,1.0
1715,tail,0.2
1715,head,0.8
1715,agriculture,0.0
1715,high,0.0
16632,non-ag,1.0
16632,low,1.0
16632,tail,0.3333333333333333
16632,head,0.6666666666666666
16632,agriculture,0.0
16632,high,0.0
22559,non-ag,1.0
22559,low,1.0
22559,tail,0.4
22559,head,0.6000000000000001
22559,agriculture,0.0
22559,high,0.0
16684,non-ag,1.0
16684,low,1.0
16684,tail,0.25
16684,head,0.75
16684,agriculture,0.0
16684,high,0.0
21765,non-ag,0.4999999999999999
21765,low,1.0
21765,tail,0.4999999999999999
21765,head,0.4999999999999999
21765,agriculture,0.4999999999999999
21765,high,0.0
19702,non-ag,1.0
19702,low,1.0
19702,tail,0.3636363636363636
19702,head,0.6363636363636365
19702,agriculture,0.0
19702,high,0.0
31349,non-ag,0.8
31349,low,1.0
31349,tail,0.3
31349,head,0.7
31349,agriculture,0.2
31349,high,0.0
7589,non-ag,1.0
7589,low,1.0
7589,tail,0.8333333333333334
7589,head,0.1666666666666666
7589,agriculture,0.0
7589,high,0.0
14167,non-ag,1.0
14167,low,1.0
14167,tail,0.2857142857142857
14167,head,0.7142857142857143
14167,agriculture,0.0
14167,high,0.0
26140,non-ag,1.0
26140,low,1.0
26140,tail,0.3333333333333333
26140,head,0.6666666666666666
26140,agriculture,0.0
26140,high,0.0
19364,non-ag,1.0
19364,low,1.0
19364,tail,0.6000000000000001
19364,head,0.4
19364,agriculture,0.0
19364,high,0.0
25286,non-ag,1.0
25286,low,1.0
25286,tail,0.8333333333333334
25286,head,0.1666666666666666
25286,agriculture,0.0
25286,high,0.0
14948,non-ag,0.1
14948,low,1.0
14948,tail,0.2
14948,head,0.8
14948,agriculture,0.8999999999999999
14948,high,0.0
7209,non-ag,0.4545454545454546
7209,low,1.0
7209,tail,0.3181818181818182
7209,head,0.6818181818181818
7209,agriculture,0.5454545454545455
7209,high,0.0
1683,non-ag,1.0
1683,low,1.0
1683,tail,0.4166666666666667
1683,head,0.5833333333333334
1683,agriculture,0.0
1683,high,0.0
1914,non-ag,1.0
1914,low,1.0
1914,tail,0.4
1914,head,0.6000000000000001
1914,agriculture,0.0
1914,high,0.0
22799,non-ag,1.0
22799,low,1.0
22799,tail,0.2
22799,head,0.8
22799,agriculture,0.0
22799,high,0.0
17786,non-ag,0.8333333333333334
17786,low,1.0
17786,tail,1.0
17786,head,0.0
17786,agriculture,0.1666666666666666
17786,high,0.0
18289,non-ag,1.0
18289,low,1.0
18289,tail,0.4
18289,head,0.6000000000000001
18289,agriculture,0.0
18289,high,0.0
29032,non-ag,0.9142857142857144
29032,low,1.0
29032,tail,0.6857142857142857
29032,head,0.3142857142857143
29032,agriculture,0.0857142857142857
29032,high,0.0
5315,non-ag,0.4
5315,low,1.0
5315,tail,0.6000000000000001
5315,head,0.4
5315,agriculture,0.6000000000000001
5315,high,0.0
12572,non-ag,1.0
12572,low,0.8333333333333334
12572,tail,0.6666666666666666
12572,head,0.3333333333333333
12572,agriculture,0.0
12572,high,0.1666666666666666
9223,non-ag,0.8
9223,low,1.0
9223,tail,0.2
9223,head,0.8
9223,agriculture,0.2
9223,high,0.0
17232,non-ag,1.0
17232,low,1.0
17232,tail,0.1428571428571428
17232,head,0.8571428571428571
17232,agriculture,0.0
17232,high,0.0
32488,non-ag,1.0
32488,low,1.0
32488,tail,0.1764705882352941
32488,head,0.8235294117647062
32488,agriculture,0.0
32488,high,0.0
18884,non-ag,1.0
18884,low,1.0
18884,tail,0.3636363636363636
18884,head,0.6363636363636365
18884,agriculture,0.0
18884,high,0.0
10658,non-ag,1.0
10658,low,1.0
10658,tail,0.2222222222222222
10658,head,0.7777777777777778
10658,agriculture,0.0
10658,high,0.0
31814,non-ag,1.0
31814,low,1.0
31814,tail,0.4444444444444444
31814,head,0.5555555555555556
31814,agriculture,0.0
31814,high,0.0
11211,non-ag,1.0
11211,low,1.0
11211,tail,0.4
11211,head,0.6000000000000001
11211,agriculture,0.0
11211,high,0.0
26322,non-ag,1.0
26322,low,1.0
26322,tail,0.6000000000000001
26322,head,0.4
26322,agriculture,0.0
26322,high,0.0
16357,non-ag,1.0
16357,low,1.0
16357,tail,0.8888888888888888
16357,head,0.1111111111111111
16357,agriculture,0.0
16357,high,0.0
11619,non-ag,0.5
11619,low,1.0
11619,tail,0.4
11619,head,0.6000000000000001
11619,agriculture,0.5
11619,high,0.0
25354,non-ag,1.0
25354,low,1.0
25354,tail,0.1666666666666666
25354,head,0.8333333333333334
25354,agriculture,0.0
25354,high,0.0
19944,non-ag,1.0
19944,low,0.4
19944,tail,0.0
19944,head,1.0
19944,agriculture,0.0
19944,high,0.6000000000000001
29127,non-ag,1.0
29127,low,0.8181818181818181
29127,tail,0.0
29127,head,1.0
29127,agriculture,0.0
29127,high,0.1818181818181818
9767,non-ag,1.0
9767,low,0.875
9767,tail,0.125
9767,head,0.875
9767,agriculture,0.0
9767,high,0.125
7406,non-ag,1.0
7406,low,1.0
7406,tail,0.3636363636363636
7406,head,0.6363636363636365
7406,agriculture,0.0
7406,high,0.0
5526,non-ag,0.4
5526,low,1.0
5526,tail,1.0
5526,head,0.0
5526,agriculture,0.6000000000000001
5526,high,0.0
9714,non-ag,1.0
9714,low,1.0
9714,tail,0.1538461538461538
9714,head,0.8461538461538461
9714,agriculture,0.0
9714,high,0.0
26509,non-ag,1.0
26509,low,0.7411764705882354
26509,tail,0.1764705882352941
26509,head,0.823529411764706
26509,agriculture,0.0
26509,high,0.2588235294117647
15599,non-ag,1.0
15599,low,1.0
15599,tail,0.0666666666666666
15599,head,0.9333333333333332
15599,agriculture,0.0
15599,high,0.0
7979,non-ag,1.0
7979,low,1.0
7979,tail,0.2857142857142857
7979,head,0.7142857142857143
7979,agriculture,0.0
7979,high,0.0
5645,non-ag,1.0
5645,low,1.0
5645,tail,0.7142857142857143
5645,head,0.2857142857142857
5645,agriculture,0.0
5645,high,0.0
17499,non-ag,0.2222222222222222
17499,low,1.0
17499,tail,0.4444444444444445
17499,head,0.5555555555555556
17499,agriculture,0.7777777777777777
17499,high,0.0
28488,non-ag,0.6000000000000001
28488,low,1.0
28488,tail,0.4
28488,head,0.6000000000000001
28488,agriculture,0.4
28488,high,0.0
8539,non-ag,0.6666666666666667
8539,low,1.0
8539,tail,0.3333333333333333
8539,head,0.6666666666666667
8539,agriculture,0.3333333333333333
8539,high,0.0
18407,non-ag,1.0
18407,low,1.0
18407,tail,0.9
18407,head,0.1
18407,agriculture,0.0
18407,high,0.0
21720,non-ag,1.0
21720,low,1.0
21720,tail,0.7777777777777778
21720,head,0.2222222222222222
21720,agriculture,0.0
21720,high,0.0
31328,non-ag,1.0
31328,low,1.0
31328,tail,0.5555555555555556
31328,head,0.4444444444444444
31328,agriculture,0.0
31328,high,0.0
5802,non-ag,1.0
5802,low,0.8333333333333333
5802,tail,0.4999999999999999
5802,head,0.4999999999999999
5802,agriculture,0.0
5802,high,0.1666666666666666
21629,non-ag,1.0
21629,low,0.9285714285714288
21629,tail,0.5
21629,head,0.5
21629,agriculture,0.0
21629,high,0.0714285714285714
24613,non-ag,1.0
24613,low,1.0
24613,tail,0.4642857142857143
24613,head,0.5357142857142858
24613,agriculture,0.0
24613,high,0.0
18134,non-ag,1.0
18134,low,1.0
18134,tail,0.4
18134,head,0.6000000000000001
18134,agriculture,0.0
18134,high,0.0
20175,non-ag,1.0
20175,low,1.0
20175,tail,0.8
20175,head,0.2
20175,agriculture,0.0
20175,high,0.0
28988,non-ag,1.0
28988,low,1.0
28988,tail,0.0769230769230769
28988,head,0.9230769230769232
28988,agriculture,0.0
28988,high,0.0
17584,non-ag,0.4285714285714285
17584,low,1.0
17584,tail,0.2142857142857142
17584,head,0.7857142857142858
17584,agriculture,0.5714285714285714
17584,high,0.0
5832,non-ag,1.0
5832,low,1.0
5832,tail,0.8
5832,head,0.2
5832,agriculture,0.0
5832,high,0.0
9506,non-ag,0.4736842105263157
9506,low,1.0
9506,tail,0.4736842105263157
9506,head,0.5263157894736842
9506,agriculture,0.5263157894736842
9506,high,0.0
23918,non-ag,0.4
23918,low,1.0
23918,tail,0.4
23918,head,0.6000000000000001
23918,agriculture,0.6000000000000001
23918,high,0.0
25439,non-ag,0.4545454545454546
25439,low,1.0
25439,tail,0.3636363636363637
25439,head,0.6363636363636364
25439,agriculture,0.5454545454545455
25439,high,0.0
17588,non-ag,1.0
17588,low,1.0
17588,tail,0.6153846153846154
17588,head,0.3846153846153846
17588,agriculture,0.0
17588,high,0.0
8141,non-ag,0.7500000000000001
8141,low,1.0
8141,tail,0.375
8141,head,0.6250000000000001
8141,agriculture,0.25
8141,high,0.0
8790,non-ag,1.0
8790,low,1.0
8790,tail,0.0
8790,head,1.0
8790,agriculture,0.0
8790,high,0.0
20737,non-ag,1.0
20737,low,1.0
20737,tail,0.0
20737,head,1.0
20737,agriculture,0.0
20737,high,0.0
8572,non-ag,0.4
8572,low,1.0
8572,tail,0.3
8572,head,0.7
8572,agriculture,0.6000000000000001
8572,high,0.0
11231,non-ag,1.0
11231,low,1.0
11231,tail,0.1666666666666666
11231,head,0.8333333333333334
11231,agriculture,0.0
11231,high,0.0
19538,non-ag,1.0
19538,low,0.8888888888888888
19538,tail,0.0
19538,head,1.0
19538,agriculture,0.0
19538,high,0.1111111111111111
21453,non-ag,0.9230769230769232
21453,low,1.0
21453,tail,0.2307692307692308
21453,head,0.7692307692307693
21453,agriculture,0.0769230769230769
21453,high,0.0
21518,non-ag,1.0
21518,low,1.0
21518,tail,0.0
21518,head,1.0
21518,agriculture,0.0
21518,high,0.0
23490,non-ag,1.0
23490,low,1.0
23490,tail,0.2
23490,head,0.8
23490,agriculture,0.0
23490,high,0.0
25664,non-ag,1.0
25664,low,1.0
25664,tail,0.0625
25664,head,0.9375
25664,agriculture,0.0
25664,high,0.0
17739,non-ag,1.0
17739,low,1.0
17739,tail,0.0
17739,head,1.0
17739,agriculture,0.0
17739,high,0.0
22673,non-ag,1.0
22673,low,1.0
22673,tail,0.5
22673,head,0.5
22673,agriculture,0.0
22673,high,0.0
23452,non-ag,1.0
23452,low,1.0
23452,tail,0.0
23452,head,1.0
23452,agriculture,0.0
23452,high,0.0
6187,non-ag,1.0
6187,low,1.0
6187,tail,0.8
6187,head,0.2
6187,agriculture,0.0
6187,high,0.0
6215,non-ag,1.0
6215,low,1.0
6215,tail,0.5
6215,head,0.5
6215,agriculture,0.0
6215,high,0.0
22059,non-ag,1.0
22059,low,1.0
22059,tail,0.1666666666666666
22059,head,0.8333333333333334
22059,agriculture,0.0
22059,high,0.0
20345,non-ag,1.0
20345,low,1.0
20345,tail,0.2
20345,head,0.8
20345,agriculture,0.0
20345,high,0.0
7704,non-ag,0.6923076923076923
7704,low,1.0
7704,tail,0.4615384615384616
7704,head,0.5384615384615384
7704,agriculture,0.3076923076923077
7704,high,0.0
12919,non-ag,1.0
12919,low,1.0
12919,tail,0.8
12919,head,0.2
12919,agriculture,0.0
12919,high,0.0
9541,non-ag,1.0
9541,low,1.0
9541,tail,0.7857142857142858
9541,head,0.2142857142857142
9541,agriculture,0.0
9541,high,0.0
32590,non-ag,1.0
32590,low,1.0
32590,tail,0.3636363636363636
32590,head,0.6363636363636365
32590,agriculture,0.0
32590,high,0.0
18955,non-ag,0.888888888888889
18955,low,1.0
18955,tail,0.3333333333333333
18955,head,0.6666666666666666
18955,agriculture,0.1111111111111111
18955,high,0.0
6335,non-ag,0.6000000000000001
6335,low,1.0
6335,tail,0.2
6335,head,0.8
6335,agriculture,0.4
6335,high,0.0
8469,non-ag,0.9473684210526316
8469,low,1.0
8469,tail,0.2631578947368421
8469,head,0.7368421052631579
8469,agriculture,0.0526315789473684
8469,high,0.0
17143,non-ag,0.923076923076923
17143,low,1.0
17143,tail,0.3076923076923076
17143,head,0.6923076923076923
17143,agriculture,0.0769230769230769
17143,high,0.0
6398,non-ag,1.0
6398,low,1.0
6398,tail,0.2
6398,head,0.8
6398,agriculture,0.0
6398,high,0.0
6402,non-ag,1.0
6402,low,0.8333333333333334
6402,tail,0.6666666666666666
6402,head,0.3333333333333333
6402,agriculture,0.0
6402,high,0.1666666666666666
29739,non-ag,1.0
29739,low,1.0
29739,tail,0.2
29739,head,0.8
29739,agriculture,0.0
29739,high,0.0
6471,non-ag,0.0
6471,low,1.0
6471,tail,0.7272727272727273
6471,head,0.2727272727272727
6471,agriculture,1.0
6471,high,0.0
25196,non-ag,1.0
25196,low,1.0
25196,tail,0.2
25196,head,0.8
25196,agriculture,0.0
25196,high,0.0
26515,non-ag,1.0
26515,low,1.0
26515,tail,0.5
26515,head,0.5
26515,agriculture,0.0
26515,high,0.0
8678,non-ag,0.9230769230769232
8678,low,1.0
8678,tail,0.6153846153846154
8678,head,0.3846153846153846
8678,agriculture,0.0769230769230769
8678,high,0.0
10787,non-ag,1.0
10787,low,1.0
10787,tail,0.6944444444444445
10787,head,0.3055555555555556
10787,agriculture,0.0
10787,high,0.0
16856,non-ag,1.0
16856,low,1.0
16856,tail,0.0
16856,head,1.0
16856,agriculture,0.0
16856,high,0.0
10444,non-ag,1.0
10444,low,0.6666666666666667
10444,tail,0.0
10444,head,1.0
10444,agriculture,0.0
10444,high,0.3333333333333332
6659,non-ag,1.0
6659,low,1.0
6659,tail,0.6000000000000001
6659,head,0.4
6659,agriculture,0.0
6659,high,0.0
7773,non-ag,1.0
7773,low,1.0
7773,tail,0.7272727272727273
7773,head,0.2727272727272727
7773,agriculture,0.0
7773,high,0.0
14578,non-ag,1.0
14578,low,1.0
14578,tail,0.5
14578,head,0.5
14578,agriculture,0.0
14578,high,0.0
1137,non-ag,1.0
1137,low,0.8333333333333334
1137,tail,0.1666666666666666
1137,head,0.8333333333333334
1137,agriculture,0.0
1137,high,0.1666666666666666
7331,non-ag,1.0
7331,low,0.875
7331,tail,0.6250000000000001
7331,head,0.375
7331,agriculture,0.0
7331,high,0.125
23880,non-ag,0.6666666666666666
23880,low,1.0
23880,tail,0.3333333333333333
23880,head,0.6666666666666666
23880,agriculture,0.3333333333333333
23880,high,0.0
8454,non-ag,0.0
8454,low,1.0
8454,tail,0.4444444444444444
8454,head,0.5555555555555556
8454,agriculture,1.0
8454,high,0.0
27186,non-ag,0.8333333333333333
27186,low,1.0
27186,tail,0.1666666666666666
27186,head,0.8333333333333333
27186,agriculture,0.1666666666666666
27186,high,0.0
17923,non-ag,0.0
17923,low,1.0
17923,tail,0.5
17923,head,0.5
17923,agriculture,1.0
17923,high,0.0
20062,non-ag,1.0
20062,low,1.0
20062,tail,0.0
20062,head,1.0
20062,agriculture,0.0
20062,high,0.0
21943,non-ag,1.0
21943,low,1.0
21943,tail,0.0
21943,head,1.0
21943,agriculture,0.0
21943,high,0.0
21681,non-ag,1.0
21681,low,1.0
21681,tail,0.6000000000000001
21681,head,0.4
21681,agriculture,0.0
21681,high,0.0
8075,non-ag,0.8333333333333334
8075,low,1.0
8075,tail,0.6666666666666666
8075,head,0.3333333333333333
8075,agriculture,0.1666666666666666
8075,high,0.0
3499,non-ag,1.0
3499,low,1.0
3499,tail,0.6000000000000001
3499,head,0.4
3499,agriculture,0.0
3499,high,0.0
7044,non-ag,1.0
7044,low,1.0
7044,tail,1.0
7044,head,0.0
7044,agriculture,0.0
7044,high,0.0
5481,non-ag,1.0
5481,low,1.0
5481,tail,0.2
5481,head,0.8
5481,agriculture,0.0
5481,high,0.0
13313,non-ag,0.3333333333333333
13313,low,1.0
13313,tail,0.3333333333333333
13313,head,0.6666666666666666
13313,agriculture,0.6666666666666666
13313,high,0.0
15086,non-ag,0.2
15086,low,1.0
15086,tail,0.4
15086,head,0.6000000000000001
15086,agriculture,0.8
15086,high,0.0
11795,non-ag,1.0
11795,low,0.8333333333333334
11795,tail,0.1666666666666666
11795,head,0.8333333333333334
11795,agriculture,0.0
11795,high,0.1666666666666666
8406,non-ag,1.0
8406,low,1.0
8406,tail,0.375
8406,head,0.6250000000000001
8406,agriculture,0.0
8406,high,0.0
15890,non-ag,1.0
15890,low,1.0
15890,tail,0.5384615384615385
15890,head,0.4615384615384615
15890,agriculture,0.0
15890,high,0.0
18839,non-ag,1.0
18839,low,1.0
18839,tail,0.125
18839,head,0.8750000000000001
18839,agriculture,0.0
18839,high,0.0
7272,non-ag,1.0
7272,low,1.0
7272,tail,0.75
7272,head,0.25
7272,agriculture,0.0
7272,high,0.0
14928,non-ag,0.6875
14928,low,1.0
14928,tail,0.5
14928,head,0.5
14928,agriculture,0.3125
14928,high,0.0
16567,non-ag,1.0
16567,low,1.0
16567,tail,0.8
16567,head,0.2
16567,agriculture,0.0
16567,high,0.0
15143,non-ag,0.6875
15143,low,1.0
15143,tail,0.4375
15143,head,0.5625
15143,agriculture,0.3125
15143,high,0.0
33093,non-ag,1.0
33093,low,1.0
33093,tail,0.5
33093,head,0.5
33093,agriculture,0.0
33093,high,0.0
17251,non-ag,1.0
17251,low,1.0
17251,tail,0.0
17251,head,1.0
17251,agriculture,0.0
17251,high,0.0
31967,non-ag,1.0
31967,low,1.0
31967,tail,0.6000000000000001
31967,head,0.4
31967,agriculture,0.0
31967,high,0.0
31882,non-ag,1.0
31882,low,1.0
31882,tail,0.4
31882,head,0.6000000000000001
31882,agriculture,0.0
31882,high,0.0
19679,non-ag,1.0
19679,low,1.0
19679,tail,0.75
19679,head,0.25
19679,agriculture,0.0
19679,high,0.0
15495,non-ag,1.0
15495,low,0.8750000000000001
15495,tail,0.0
15495,head,1.0
15495,agriculture,0.0
15495,high,0.125
15331,non-ag,1.0
15331,low,1.0
15331,tail,0.2666666666666667
15331,head,0.7333333333333334
15331,agriculture,0.0
15331,high,0.0
25518,non-ag,0.7777777777777777
25518,low,1.0
25518,tail,0.3333333333333333
25518,head,0.6666666666666666
25518,agriculture,0.2222222222222222
25518,high,0.0
10021,non-ag,1.0
10021,low,0.8
10021,tail,0.6000000000000001
10021,head,0.4
10021,agriculture,0.0
10021,high,0.2
26175,non-ag,1.0
26175,low,1.0
26175,tail,0.6000000000000001
26175,head,0.4
26175,agriculture,0.0
26175,high,0.0
8716,non-ag,1.0
8716,low,1.0
8716,tail,0.3636363636363636
8716,head,0.6363636363636365
8716,agriculture,0.0
8716,high,0.0
15656,non-ag,0.8181818181818182
15656,low,1.0
15656,tail,0.2727272727272727
15656,head,0.7272727272727274
15656,agriculture,0.1818181818181818
15656,high,0.0
23412,non-ag,0.8
23412,low,1.0
23412,tail,0.3
23412,head,0.7
23412,agriculture,0.2
23412,high,0.0
23689,non-ag,0.6363636363636364
23689,low,1.0
23689,tail,0.0
23689,head,1.0
23689,agriculture,0.3636363636363636
23689,high,0.0
7211,non-ag,1.0
7211,low,0.7777777777777777
7211,tail,0.1111111111111111
7211,head,0.888888888888889
7211,agriculture,0.0
7211,high,0.2222222222222222
2474,non-ag,1.0
2474,low,1.0
2474,tail,0.6000000000000001
2474,head,0.4
2474,agriculture,0.0
2474,high,0.0
17832,non-ag,0.3333333333333333
17832,low,1.0
17832,tail,0.0
17832,head,1.0
17832,agriculture,0.6666666666666666
17832,high,0.0
11302,non-ag,1.0
11302,low,1.0
11302,tail,0.0714285714285714
11302,head,0.9285714285714286
11302,agriculture,0.0
11302,high,0.0
20078,non-ag,1.0
20078,low,1.0
20078,tail,0.2
20078,head,0.8
20078,agriculture,0.0
20078,high,0.0
18900,non-ag,0.9375
18900,low,1.0
18900,tail,0.4375
18900,head,0.5625
18900,agriculture,0.0625
18900,high,0.0
16904,non-ag,1.0
16904,low,1.0
16904,tail,0.4545454545454546
16904,head,0.5454545454545455
16904,agriculture,0.0
16904,high,0.0
18572,non-ag,1.0
18572,low,1.0
18572,tail,0.9444444444444444
18572,head,0.0555555555555555
18572,agriculture,0.0
18572,high,0.0
13404,non-ag,1.0
13404,low,0.8571428571428571
13404,tail,0.5714285714285714
13404,head,0.4285714285714285
13404,agriculture,0.0
13404,high,0.1428571428571428
15899,non-ag,1.0
15899,low,1.0
15899,tail,0.4285714285714285
15899,head,0.5714285714285714
15899,agriculture,0.0
15899,high,0.0
23483,non-ag,1.0
23483,low,0.9333333333333336
23483,tail,0.6666666666666666
23483,head,0.3333333333333333
23483,agriculture,0.0
23483,high,0.0666666666666666
29560,non-ag,1.0
29560,low,1.0
29560,tail,0.4
29560,head,0.6000000000000001
29560,agriculture,0.0
29560,high,0.0
22270,non-ag,1.0
22270,low,1.0
22270,tail,0.3333333333333333
22270,head,0.6666666666666666
22270,agriculture,0.0
22270,high,0.0
24295,non-ag,0.888888888888889
24295,low,1.0
24295,tail,0.5555555555555556
24295,head,0.4444444444444445
24295,agriculture,0.1111111111111111
24295,high,0.0
18308,non-ag,0.6666666666666666
18308,low,1.0
18308,tail,0.5555555555555556
18308,head,0.4444444444444445
18308,agriculture,0.3333333333333333
18308,high,0.0
26801,non-ag,0.8571428571428571
26801,low,1.0
26801,tail,0.5714285714285714
26801,head,0.4285714285714285
26801,agriculture,0.1428571428571428
26801,high,0.0
20033,non-ag,1.0
20033,low,0.9230769230769232
20033,tail,0.3846153846153846
20033,head,0.6153846153846154
20033,agriculture,0.0
20033,high,0.0769230769230769
16381,non-ag,0.9090909090909092
16381,low,1.0
16381,tail,0.1818181818181818
16381,head,0.8181818181818182
16381,agriculture,0.0909090909090909
16381,high,0.0
11803,non-ag,0.4285714285714285
11803,low,1.0
11803,tail,0.2142857142857142
11803,head,0.7857142857142858
11803,agriculture,0.5714285714285714
11803,high,0.0
15160,non-ag,1.0
15160,low,1.0
15160,tail,0.8
15160,head,0.2
15160,agriculture,0.0
15160,high,0.0
12702,non-ag,0.8
12702,low,1.0
12702,tail,0.0
12702,head,1.0
12702,agriculture,0.2
12702,high,0.0
25411,non-ag,1.0
25411,low,1.0
25411,tail,0.0
25411,head,1.0
25411,agriculture,0.0
25411,high,0.0
21535,non-ag,0.8
21535,low,1.0
21535,tail,0.4
21535,head,0.6000000000000001
21535,agriculture,0.2
21535,high,0.0
27012,non-ag,1.0
27012,low,0.7142857142857143
27012,tail,0.0
27012,head,1.0
27012,agriculture,0.0
27012,high,0.2857142857142857
27274,non-ag,1.0
27274,low,0.8999999999999999
27274,tail,0.2
27274,head,0.8
27274,agriculture,0.0
27274,high,0.1
17869,non-ag,0.4
17869,low,1.0
17869,tail,0.2
17869,head,0.8
17869,agriculture,0.6000000000000001
17869,high,0.0
22348,non-ag,1.0
22348,low,0.7500000000000001
22348,tail,0.3333333333333333
22348,head,0.6666666666666666
22348,agriculture,0.0
22348,high,0.25
18887,non-ag,1.0
18887,low,0.8750000000000001
18887,tail,0.0
18887,head,1.0
18887,agriculture,0.0
18887,high,0.125
8826,non-ag,1.0
8826,low,1.0
8826,tail,0.8
8826,head,0.2
8826,agriculture,0.0
8826,high,0.0
34699,non-ag,1.0
34699,low,1.0
34699,tail,0.0
34699,head,1.0
34699,agriculture,0.0
34699,high,0.0
17136,non-ag,0.5714285714285714
17136,low,1.0
17136,tail,0.4285714285714285
17136,head,0.5714285714285714
17136,agriculture,0.4285714285714285
17136,high,0.0
29510,non-ag,1.0
29510,low,1.0
29510,tail,0.0
29510,head,1.0
29510,agriculture,0.0
29510,high,0.0
16100,non-ag,0.8333333333333334
16100,low,1.0
16100,tail,0.3333333333333333
16100,head,0.6666666666666666
16100,agriculture,0.1666666666666666
16100,high,0.0
35504,non-ag,1.0
35504,low,1.0
35504,tail,0.3636363636363636
35504,head,0.6363636363636365
35504,agriculture,0.0
35504,high,0.0
22670,non-ag,1.0
22670,low,1.0
22670,tail,0.4
22670,head,0.6000000000000001
22670,agriculture,0.0
22670,high,0.0
25251,non-ag,1.0
25251,low,1.0
25251,tail,0.0
25251,head,1.0
25251,agriculture,0.0
25251,high,0.0
27199,non-ag,1.0
27199,low,1.0
27199,tail,0.0
27199,head,1.0
27199,agriculture,0.0
27199,high,0.0
16412,non-ag,1.0
16412,low,0.8333333333333333
16412,tail,0.1666666666666666
16412,head,0.8333333333333333
16412,agriculture,0.0
16412,high,0.1666666666666666
21517,non-ag,1.0
21517,low,1.0
21517,tail,0.6000000000000001
21517,head,0.4
21517,agriculture,0.0
21517,high,0.0
29328,non-ag,0.8571428571428571
29328,low,1.0
29328,tail,0.5714285714285714
29328,head,0.4285714285714285
29328,agriculture,0.1428571428571428
29328,high,0.0
19003,non-ag,0.6000000000000001
19003,low,1.0
19003,tail,0.4
19003,head,0.6000000000000001
19003,agriculture,0.4
19003,high,0.0
25718,non-ag,1.0
25718,low,1.0
25718,tail,0.0
25718,head,1.0
25718,agriculture,0.0
25718,high,0.0
23796,non-ag,1.0
23796,low,1.0
23796,tail,0.1666666666666666
23796,head,0.8333333333333334
23796,agriculture,0.0
23796,high,0.0
19409,non-ag,1.0
19409,low,1.0
19409,tail,0.4
19409,head,0.6000000000000001
19409,agriculture,0.0
19409,high,0.0
29449,non-ag,1.0
29449,low,1.0
29449,tail,0.5
29449,head,0.5
29449,agriculture,0.0
29449,high,0.0
2992,non-ag,1.0
2992,low,1.0
2992,tail,0.3636363636363636
2992,head,0.6363636363636365
2992,agriculture,0.0
2992,high,0.0
13922,non-ag,1.0
13922,low,1.0
13922,tail,0.6000000000000001
13922,head,0.4
13922,agriculture,0.0
13922,high,0.0
13643,non-ag,0.9411764705882354
13643,low,1.0
13643,tail,0.823529411764706
13643,head,0.1764705882352941
13643,agriculture,0.0588235294117647
13643,high,0.0
27356,non-ag,0.2
27356,low,1.0
27356,tail,0.44
27356,head,0.5600000000000002
27356,agriculture,0.8
27356,high,0.0
21113,non-ag,0.4210526315789474
21113,low,1.0
21113,tail,0.5263157894736843
21113,head,0.4736842105263158
21113,agriculture,0.5789473684210527
21113,high,0.0
15793,non-ag,1.0
15793,low,1.0
15793,tail,0.5
15793,head,0.5
15793,agriculture,0.0
15793,high,0.0
10011,non-ag,1.0
10011,low,1.0
10011,tail,0.2
10011,head,0.8
10011,agriculture,0.0
10011,high,0.0
8731,non-ag,0.7500000000000001
8731,low,1.0
8731,tail,0.7500000000000001
8731,head,0.25
8731,agriculture,0.25
8731,high,0.0
13464,non-ag,1.0
13464,low,1.0
13464,tail,0.1428571428571428
13464,head,0.8571428571428571
13464,agriculture,0.0
13464,high,0.0
14183,non-ag,0.8571428571428571
14183,low,1.0
14183,tail,0.4285714285714285
14183,head,0.5714285714285714
14183,agriculture,0.1428571428571428
14183,high,0.0
29316,non-ag,1.0
29316,low,0.6
29316,tail,0.3
29316,head,0.6999999999999998
29316,agriculture,0.0
29316,high,0.4
26095,non-ag,1.0
26095,low,1.0
26095,tail,0.3333333333333333
26095,head,0.6666666666666666
26095,agriculture,0.0
26095,high,0.0
18772,non-ag,1.0
18772,low,1.0
18772,tail,0.1666666666666666
18772,head,0.8333333333333334
18772,agriculture,0.0
18772,high,0.0
10872,non-ag,1.0
10872,low,1.0
10872,tail,0.2
10872,head,0.8
10872,agriculture,0.0
10872,high,0.0
16244,non-ag,1.0
16244,low,1.0
16244,tail,0.0952380952380952
16244,head,0.9047619047619048
16244,agriculture,0.0
16244,high,0.0
8651,non-ag,1.0
8651,low,0.8571428571428571
8651,tail,0.4285714285714285
8651,head,0.5714285714285714
8651,agriculture,0.0
8651,high,0.1428571428571428
27884,non-ag,1.0
27884,low,1.0
27884,tail,0.6666666666666666
27884,head,0.3333333333333333
27884,agriculture,0.0
27884,high,0.0
28539,non-ag,1.0
28539,low,1.0
28539,tail,0.4285714285714285
28539,head,0.5714285714285714
28539,agriculture,0.0
28539,high,0.0
3769,non-ag,1.0
3769,low,1.0
3769,tail,0.4285714285714285
3769,head,0.5714285714285714
3769,agriculture,0.0
3769,high,0.0
23135,non-ag,1.0
23135,low,1.0
23135,tail,0.8
23135,head,0.2
23135,agriculture,0.0
23135,high,0.0
14093,non-ag,1.0
14093,low,1.0
14093,tail,0.3333333333333333
14093,head,0.6666666666666666
14093,agriculture,0.0
14093,high,0.0
12497,non-ag,1.0
12497,low,1.0
12497,tail,0.5714285714285714
12497,head,0.4285714285714285
12497,agriculture,0.0
12497,high,0.0
23813,non-ag,0.2222222222222222
23813,low,1.0
23813,tail,0.2222222222222222
23813,head,0.7777777777777777
23813,agriculture,0.7777777777777777
23813,high,0.0
23169,non-ag,0.4166666666666667
23169,low,1.0
23169,tail,0.3333333333333333
23169,head,0.6666666666666666
23169,agriculture,0.5833333333333334
23169,high,0.0
19751,non-ag,1.0
19751,low,1.0
19751,tail,0.2857142857142857
19751,head,0.7142857142857143
19751,agriculture,0.0
19751,high,0.0
21956,non-ag,1.0
21956,low,0.8333333333333334
21956,tail,0.0
21956,head,1.0
21956,agriculture,0.0
21956,high,0.1666666666666666
9232,non-ag,1.0
9232,low,1.0
9232,tail,0.2
9232,head,0.8
9232,agriculture,0.0
9232,high,0.0
17557,non-ag,1.0
17557,low,1.0
17557,tail,0.6666666666666667
17557,head,0.3333333333333333
17557,agriculture,0.0
17557,high,0.0
425,non-ag,1.0
425,low,0.6000000000000001
425,tail,0.6000000000000001
425,head,0.4
425,agriculture,0.0
425,high,0.4
16226,non-ag,1.0
16226,low,1.0
16226,tail,0.2857142857142857
16226,head,0.7142857142857143
16226,agriculture,0.0
16226,high,0.0
22886,non-ag,0.9230769230769232
22886,low,1.0
22886,tail,0.3846153846153846
22886,head,0.6153846153846154
22886,agriculture,0.0769230769230769
22886,high,0.0
9210,non-ag,0.8
9210,low,1.0
9210,tail,0.4
9210,head,0.6000000000000001
9210,agriculture,0.2
9210,high,0.0
33355,non-ag,1.0
33355,low,1.0
33355,tail,0.3333333333333333
33355,head,0.6666666666666666
33355,agriculture,0.0
33355,high,0.0
13977,non-ag,1.0
13977,low,1.0
13977,tail,0.0
13977,head,1.0
13977,agriculture,0.0
13977,high,0.0
33004,non-ag,1.0
33004,low,1.0
33004,tail,0.0
33004,head,1.0
33004,agriculture,0.0
33004,high,0.0
29907,non-ag,0.875
29907,low,1.0
29907,tail,0.7500000000000001
29907,head,0.25
29907,agriculture,0.125
29907,high,0.0
17911,non-ag,1.0
17911,low,1.0
17911,tail,0.0
17911,head,1.0
17911,agriculture,0.0
17911,high,0.0
13401,non-ag,1.0
13401,low,1.0
13401,tail,0.4444444444444444
13401,head,0.5555555555555556
13401,agriculture,0.0
13401,high,0.0
19769,non-ag,0.8
19769,low,1.0
19769,tail,0.0
19769,head,1.0
19769,agriculture,0.2
19769,high,0.0
9385,non-ag,1.0
9385,low,1.0
9385,tail,0.7857142857142858
9385,head,0.2142857142857142
9385,agriculture,0.0
9385,high,0.0
14770,non-ag,0.6363636363636364
14770,low,1.0
14770,tail,0.0909090909090909
14770,head,0.9090909090909092
14770,agriculture,0.3636363636363637
14770,high,0.0
17247,non-ag,0.8064516129032259
17247,low,1.0
17247,tail,0.7096774193548389
17247,head,0.2903225806451613
17247,agriculture,0.1935483870967742
17247,high,0.0
19656,non-ag,1.0
19656,low,1.0
19656,tail,0.4
19656,head,0.6000000000000001
19656,agriculture,0.0
19656,high,0.0
32532,non-ag,0.6666666666666667
32532,low,1.0
32532,tail,0.0
32532,head,1.0
32532,agriculture,0.3333333333333333
32532,high,0.0
27462,non-ag,1.0
27462,low,1.0
27462,tail,0.0
27462,head,1.0
27462,agriculture,0.0
27462,high,0.0
9623,non-ag,1.0
9623,low,0.8
9623,tail,0.2
9623,head,0.8
9623,agriculture,0.0
9623,high,0.2
21203,non-ag,0.8333333333333334
21203,low,1.0
21203,tail,0.3333333333333333
21203,head,0.6666666666666666
21203,agriculture,0.1666666666666666
21203,high,0.0
28033,non-ag,1.0
28033,low,0.6666666666666666
28033,tail,0.0
28033,head,1.0
28033,agriculture,0.0
28033,high,0.3333333333333333
25562,non-ag,0.2222222222222222
25562,low,1.0
25562,tail,0.1111111111111111
25562,head,0.888888888888889
25562,agriculture,0.7777777777777777
25562,high,0.0
22230,non-ag,1.0
22230,low,0.6000000000000001
22230,tail,0.6000000000000001
22230,head,0.4
22230,agriculture,0.0
22230,high,0.4
15975,non-ag,0.4166666666666667
15975,low,1.0
15975,tail,0.6666666666666666
15975,head,0.3333333333333333
15975,agriculture,0.5833333333333334
15975,high,0.0
9812,non-ag,0.4
9812,low,1.0
9812,tail,0.6000000000000001
9812,head,0.4
9812,agriculture,0.6000000000000001
9812,high,0.0
11431,non-ag,1.0
11431,low,1.0
11431,tail,0.4285714285714285
11431,head,0.5714285714285714
11431,agriculture,0.0
11431,high,0.0
12817,non-ag,1.0
12817,low,1.0
12817,tail,0.0
12817,head,1.0
12817,agriculture,0.0
12817,high,0.0
16424,non-ag,1.0
16424,low,1.0
16424,tail,0.5833333333333334
16424,head,0.4166666666666667
16424,agriculture,0.0
16424,high,0.0
16110,non-ag,1.0
16110,low,0.888888888888889
16110,tail,0.5555555555555556
16110,head,0.4444444444444445
16110,agriculture,0.0
16110,high,0.1111111111111111
32899,non-ag,0.7333333333333333
32899,low,1.0
32899,tail,0.2
32899,head,0.8
32899,agriculture,0.2666666666666666
32899,high,0.0
29463,non-ag,0.7142857142857142
29463,low,1.0
29463,tail,0.1428571428571428
29463,head,0.8571428571428571
29463,agriculture,0.2857142857142857
29463,high,0.0
10865,non-ag,1.0
10865,low,1.0
10865,tail,0.4666666666666667
10865,head,0.5333333333333334
10865,agriculture,0.0
10865,high,0.0
20924,non-ag,1.0
20924,low,1.0
20924,tail,0.5
20924,head,0.5
20924,agriculture,0.0
20924,high,0.0
19668,non-ag,1.0
19668,low,0.8999999999999999
19668,tail,0.5
19668,head,0.5
19668,agriculture,0.0
19668,high,0.1
19164,non-ag,0.4545454545454546
19164,low,1.0
19164,tail,0.4545454545454546
19164,head,0.5454545454545456
19164,agriculture,0.5454545454545456
19164,high,0.0
21855,non-ag,1.0
21855,low,1.0
21855,tail,0.0
21855,head,1.0
21855,agriculture,0.0
21855,high,0.0
10242,non-ag,1.0
10242,low,1.0
10242,tail,0.4
10242,head,0.6000000000000001
10242,agriculture,0.0
10242,high,0.0
10270,non-ag,0.6923076923076923
10270,low,1.0
10270,tail,0.3076923076923077
10270,head,0.6923076923076923
10270,agriculture,0.3076923076923077
10270,high,0.0
28828,non-ag,1.0
28828,low,1.0
28828,tail,0.1875
28828,head,0.8125
28828,agriculture,0.0
28828,high,0.0
29865,non-ag,0.8333333333333334
29865,low,1.0
29865,tail,0.6666666666666666
29865,head,0.3333333333333333
29865,agriculture,0.1666666666666666
29865,high,0.0
10024,non-ag,1.0
10024,low,1.0
10024,tail,0.5
10024,head,0.5
10024,agriculture,0.0
10024,high,0.0
22940,non-ag,1.0
22940,low,0.8333333333333334
22940,tail,0.0
22940,head,1.0
22940,agriculture,0.0
22940,high,0.1666666666666666
10359,non-ag,1.0
10359,low,1.0
10359,tail,0.8
10359,head,0.2
10359,agriculture,0.0
10359,high,0.0
13093,non-ag,1.0
13093,low,1.0
13093,tail,0.4
13093,head,0.6000000000000001
13093,agriculture,0.0
13093,high,0.0
31239,non-ag,0.6666666666666666
31239,low,1.0
31239,tail,0.2222222222222222
31239,head,0.7777777777777777
31239,agriculture,0.3333333333333333
31239,high,0.0
53,non-ag,0.8
53,low,1.0
53,tail,0.0
53,head,1.0
53,agriculture,0.2
53,high,0.0
21979,non-ag,1.0
21979,low,1.0
21979,tail,0.4444444444444444
21979,head,0.5555555555555556
21979,agriculture,0.0
21979,high,0.0
15757,non-ag,0.5
15757,low,1.0
15757,tail,0.5833333333333334
15757,head,0.4166666666666667
15757,agriculture,0.5
15757,high,0.0
831,non-ag,1.0
831,low,0.9375
831,tail,0.1249999999999999
831,head,0.875
831,agriculture,0.0
831,high,0.0624999999999999
15590,non-ag,0.9821428571428572
15590,low,0.9107142857142858
15590,tail,0.0
15590,head,1.0
15590,agriculture,0.0178571428571428
15590,high,0.0892857142857143
25366,non-ag,1.0
25366,low,1.0
25366,tail,0.375
25366,head,0.6250000000000001
25366,agriculture,0.0
25366,high,0.0
28916,non-ag,0.8333333333333334
28916,low,1.0
28916,tail,0.0833333333333333
28916,head,0.9166666666666669
28916,agriculture,0.1666666666666666
28916,high,0.0
35479,non-ag,1.0
35479,low,1.0
35479,tail,0.0769230769230769
35479,head,0.9230769230769232
35479,agriculture,0.0
35479,high,0.0
10682,non-ag,1.0
10682,low,0.8571428571428571
10682,tail,0.0714285714285714
10682,head,0.9285714285714288
10682,agriculture,0.0
10682,high,0.1428571428571428
22765,non-ag,1.0
22765,low,1.0
22765,tail,0.0
22765,head,1.0
22765,agriculture,0.0
22765,high,0.0
22871,non-ag,1.0
22871,low,1.0
22871,tail,0.5714285714285714
22871,head,0.4285714285714285
22871,agriculture,0.0
22871,high,0.0
23586,non-ag,1.0
23586,low,1.0
23586,tail,0.0
23586,head,1.0
23586,agriculture,0.0
23586,high,0.0
31331,non-ag,1.0
31331,low,1.0
31331,tail,0.2307692307692307
31331,head,0.7692307692307692
31331,agriculture,0.0
31331,high,0.0
12182,non-ag,0.6000000000000001
12182,low,1.0
12182,tail,0.4
12182,head,0.6000000000000001
12182,agriculture,0.4
12182,high,0.0
13659,non-ag,1.0
13659,low,1.0
13659,tail,0.0
13659,head,1.0
13659,agriculture,0.0
13659,high,0.0
14154,non-ag,1.0
14154,low,1.0
14154,tail,0.0714285714285714
14154,head,0.9285714285714286
14154,agriculture,0.0
14154,high,0.0
15023,non-ag,1.0
15023,low,1.0
15023,tail,0.0
15023,head,1.0
15023,agriculture,0.0
15023,high,0.0
15931,non-ag,1.0
15931,low,1.0
15931,tail,0.0
15931,head,1.0
15931,agriculture,0.0
15931,high,0.0
16269,non-ag,1.0
16269,low,1.0
16269,tail,0.0
16269,head,1.0
16269,agriculture,0.0
16269,high,0.0
10858,non-ag,1.0
10858,low,1.0
10858,tail,0.6666666666666666
10858,head,0.3333333333333333
10858,agriculture,0.0
10858,high,0.0
11055,non-ag,1.0
11055,low,1.0
11055,tail,0.7777777777777778
11055,head,0.2222222222222222
11055,agriculture,0.0
11055,high,0.0
15452,non-ag,1.0
15452,low,1.0
15452,tail,0.1666666666666666
15452,head,0.8333333333333334
15452,agriculture,0.0
15452,high,0.0
15891,non-ag,1.0
15891,low,1.0
15891,tail,0.6000000000000001
15891,head,0.4
15891,agriculture,0.0
15891,high,0.0
24882,non-ag,0.8666666666666666
24882,low,1.0
24882,tail,0.6666666666666666
24882,head,0.3333333333333333
24882,agriculture,0.1333333333333333
24882,high,0.0
16290,non-ag,1.0
16290,low,1.0
16290,tail,0.4285714285714285
16290,head,0.5714285714285714
16290,agriculture,0.0
16290,high,0.0
15061,non-ag,1.0
15061,low,1.0
15061,tail,0.5
15061,head,0.5
15061,agriculture,0.0
15061,high,0.0
19822,non-ag,0.5714285714285714
19822,low,1.0
19822,tail,0.2857142857142857
19822,head,0.7142857142857142
19822,agriculture,0.4285714285714285
19822,high,0.0
14126,non-ag,1.0
14126,low,1.0
14126,tail,0.5
14126,head,0.5
14126,agriculture,0.0
14126,high,0.0
21491,non-ag,0.2
21491,low,1.0
21491,tail,0.2
21491,head,0.8
21491,agriculture,0.8
21491,high,0.0
11068,non-ag,1.0
11068,low,1.0
11068,tail,0.8
11068,head,0.2
11068,agriculture,0.0
11068,high,0.0
20647,non-ag,1.0
20647,low,1.0
20647,tail,0.4
20647,head,0.6000000000000001
20647,agriculture,0.0
20647,high,0.0
36335,non-ag,1.0
36335,low,0.6129032258064516
36335,tail,0.2903225806451613
36335,head,0.7096774193548389
36335,agriculture,0.0
36335,high,0.3870967741935484
11113,non-ag,1.0
11113,low,1.0
11113,tail,0.6000000000000001
11113,head,0.4
11113,agriculture,0.0
11113,high,0.0
6625,non-ag,0.8
6625,low,1.0
6625,tail,0.2
6625,head,0.8
6625,agriculture,0.2
6625,high,0.0
18875,non-ag,0.4
18875,low,1.0
18875,tail,0.2
18875,head,0.8
18875,agriculture,0.6000000000000001
18875,high,0.0
24930,non-ag,0.8
24930,low,1.0
24930,tail,0.56
24930,head,0.44
24930,agriculture,0.2
24930,high,0.0
36011,non-ag,1.0
36011,low,1.0
36011,tail,0.6000000000000001
36011,head,0.4
36011,agriculture,0.0
36011,high,0.0
27419,non-ag,1.0
27419,low,1.0
27419,tail,0.4545454545454546
27419,head,0.5454545454545455
27419,agriculture,0.0
27419,high,0.0
12329,non-ag,1.0
12329,low,1.0
12329,tail,0.75
12329,head,0.25
12329,agriculture,0.0
12329,high,0.0
15813,non-ag,1.0
15813,low,1.0
15813,tail,0.8333333333333334
15813,head,0.1666666666666666
15813,agriculture,0.0
15813,high,0.0
28556,non-ag,1.0
28556,low,0.8
28556,tail,0.04
28556,head,0.96
28556,agriculture,0.0
28556,high,0.2
7906,non-ag,1.0
7906,low,1.0
7906,tail,0.3333333333333333
7906,head,0.6666666666666666
7906,agriculture,0.0
7906,high,0.0
13957,non-ag,1.0
13957,low,1.0
13957,tail,0.5
13957,head,0.5
13957,agriculture,0.0
13957,high,0.0
5210,non-ag,1.0
5210,low,1.0
5210,tail,0.125
5210,head,0.8750000000000001
5210,agriculture,0.0
5210,high,0.0
2840,non-ag,0.8
2840,low,1.0
2840,tail,0.8
2840,head,0.2
2840,agriculture,0.2
2840,high,0.0
11430,non-ag,1.0
11430,low,1.0
11430,tail,0.7777777777777778
11430,head,0.2222222222222222
11430,agriculture,0.0
11430,high,0.0
21352,non-ag,1.0
21352,low,1.0
21352,tail,0.6666666666666666
21352,head,0.3333333333333333
21352,agriculture,0.0
21352,high,0.0
34772,non-ag,1.0
34772,low,0.2
34772,tail,0.0
34772,head,1.0
34772,agriculture,0.0
34772,high,0.8
29985,non-ag,1.0
29985,low,1.0
29985,tail,0.3333333333333333
29985,head,0.6666666666666666
29985,agriculture,0.0
29985,high,0.0
12645,non-ag,1.0
12645,low,1.0
12645,tail,0.2857142857142857
12645,head,0.7142857142857143
12645,agriculture,0.0
12645,high,0.0
20459,non-ag,1.0
20459,low,1.0
20459,tail,0.4
20459,head,0.6000000000000001
20459,agriculture,0.0
20459,high,0.0
15587,non-ag,0.8
15587,low,1.0
15587,tail,0.2
15587,head,0.8
15587,agriculture,0.2
15587,high,0.0
31665,non-ag,1.0
31665,low,1.0
31665,tail,0.1428571428571428
31665,head,0.8571428571428571
31665,agriculture,0.0
31665,high,0.0
26554,non-ag,0.4444444444444445
26554,low,1.0
26554,tail,0.2222222222222222
26554,head,0.7777777777777777
26554,agriculture,0.5555555555555556
26554,high,0.0
22549,non-ag,0.4444444444444445
22549,low,0.7777777777777777
22549,tail,0.0
22549,head,1.0
22549,agriculture,0.5555555555555556
22549,high,0.2222222222222222
126,non-ag,1.0
126,low,1.0
126,tail,0.5
126,head,0.5
126,agriculture,0.0
126,high,0.0
18167,non-ag,1.0
18167,low,1.0
18167,tail,0.5
18167,head,0.5
18167,agriculture,0.0
18167,high,0.0
11575,non-ag,0.8
11575,low,1.0
11575,tail,0.4
11575,head,0.6000000000000001
11575,agriculture,0.2
11575,high,0.0
34860,non-ag,1.0
34860,low,1.0
34860,tail,0.25
34860,head,0.75
34860,agriculture,0.0
34860,high,0.0
15569,non-ag,1.0
15569,low,1.0
15569,tail,0.2
15569,head,0.8
15569,agriculture,0.0
15569,high,0.0
15961,non-ag,1.0
15961,low,0.8
15961,tail,0.0
15961,head,1.0
15961,agriculture,0.0
15961,high,0.2
14348,non-ag,1.0
14348,low,1.0
14348,tail,0.6250000000000001
14348,head,0.375
14348,agriculture,0.0
14348,high,0.0
30982,non-ag,1.0
30982,low,1.0
30982,tail,0.6000000000000001
30982,head,0.4
30982,agriculture,0.0
30982,high,0.0
31690,non-ag,0.9545454545454546
31690,low,1.0
31690,tail,0.5
31690,head,0.5
31690,agriculture,0.0454545454545454
31690,high,0.0
11612,non-ag,1.0
11612,low,1.0
11612,tail,0.5
11612,head,0.5
11612,agriculture,0.0
11612,high,0.0
24437,non-ag,1.0
24437,low,1.0
24437,tail,0.6000000000000001
24437,head,0.4
24437,agriculture,0.0
24437,high,0.0
16691,non-ag,0.4
16691,low,1.0
16691,tail,0.6000000000000001
16691,head,0.4
16691,agriculture,0.6000000000000001
16691,high,0.0
21568,non-ag,1.0
21568,low,1.0
21568,tail,0.5714285714285714
21568,head,0.4285714285714285
21568,agriculture,0.0
21568,high,0.0
16243,non-ag,0.8571428571428571
16243,low,1.0
16243,tail,0.7142857142857142
16243,head,0.2857142857142857
16243,agriculture,0.1428571428571428
16243,high,0.0
22783,non-ag,1.0
22783,low,1.0
22783,tail,0.4
22783,head,0.6000000000000001
22783,agriculture,0.0
22783,high,0.0
37970,non-ag,1.0
37970,low,1.0
37970,tail,0.0
37970,head,1.0
37970,agriculture,0.0
37970,high,0.0
18296,non-ag,0.0
18296,low,1.0
18296,tail,0.5714285714285714
18296,head,0.4285714285714285
18296,agriculture,1.0
18296,high,0.0
35042,non-ag,1.0
35042,low,1.0
35042,tail,0.1666666666666666
35042,head,0.8333333333333334
35042,agriculture,0.0
35042,high,0.0
30165,non-ag,0.8333333333333334
30165,low,1.0
30165,tail,0.2499999999999999
30165,head,0.75
30165,agriculture,0.1666666666666666
30165,high,0.0
16722,non-ag,1.0
16722,low,0.9090909090909092
16722,tail,0.0909090909090909
16722,head,0.9090909090909092
16722,agriculture,0.0
16722,high,0.0909090909090909
884,non-ag,0.8
884,low,1.0
884,tail,0.4
884,head,0.6000000000000001
884,agriculture,0.2
884,high,0.0
2375,non-ag,1.0
2375,low,0.8571428571428571
2375,tail,0.2857142857142857
2375,head,0.7142857142857142
2375,agriculture,0.0
2375,high,0.1428571428571428
31244,non-ag,1.0
31244,low,0.0
31244,tail,0.0
31244,head,1.0
31244,agriculture,0.0
31244,high,1.0
10087,non-ag,0.5833333333333334
10087,low,1.0
10087,tail,0.4583333333333334
10087,head,0.5416666666666666
10087,agriculture,0.4166666666666667
10087,high,0.0
9702,non-ag,1.0
9702,low,0.0
9702,tail,0.0
9702,head,1.0
9702,agriculture,0.0
9702,high,1.0
25622,non-ag,1.0
25622,low,0.6666666666666666
25622,tail,0.3333333333333333
25622,head,0.6666666666666666
25622,agriculture,0.0
25622,high,0.3333333333333333
31308,non-ag,0.8999999999999999
31308,low,1.0
31308,tail,0.3
31308,head,0.7
31308,agriculture,0.1
31308,high,0.0
12417,non-ag,1.0
12417,low,1.0
12417,tail,0.5
12417,head,0.5
12417,agriculture,0.0
12417,high,0.0
28339,non-ag,1.0
28339,low,0.7142857142857142
28339,tail,0.2857142857142857
28339,head,0.7142857142857142
28339,agriculture,0.0
28339,high,0.2857142857142857
21025,non-ag,1.0
21025,low,1.0
21025,tail,0.2
21025,head,0.8
21025,agriculture,0.0
21025,high,0.0
32356,non-ag,0.8333333333333333
32356,low,0.8333333333333333
32356,tail,0.0
32356,head,1.0
32356,agriculture,0.1666666666666666
32356,high,0.1666666666666666
33032,non-ag,1.0
33032,low,1.0
33032,tail,0.1428571428571428
33032,head,0.8571428571428571
33032,agriculture,0.0
33032,high,0.0
17272,non-ag,1.0
17272,low,1.0
17272,tail,0.3333333333333333
17272,head,0.6666666666666666
17272,agriculture,0.0
17272,high,0.0
16822,non-ag,1.0
16822,low,1.0
16822,tail,0.1666666666666666
16822,head,0.8333333333333334
16822,agriculture,0.0
16822,high,0.0
14081,non-ag,1.0
14081,low,1.0
14081,tail,0.125
14081,head,0.8750000000000001
14081,agriculture,0.0
14081,high,0.0
24322,non-ag,0.8333333333333334
24322,low,1.0
24322,tail,0.3333333333333333
24322,head,0.6666666666666666
24322,agriculture,0.1666666666666666
24322,high,0.0
6840,non-ag,1.0
6840,low,1.0
6840,tail,0.1111111111111111
6840,head,0.8888888888888888
6840,agriculture,0.0
6840,high,0.0
12671,non-ag,1.0
12671,low,1.0
12671,tail,1.0
12671,head,0.0
12671,agriculture,0.0
12671,high,0.0
14430,non-ag,1.0
14430,low,1.0
14430,tail,0.5
14430,head,0.5
14430,agriculture,0.0
14430,high,0.0
16463,non-ag,0.7647058823529412
16463,low,1.0
16463,tail,0.7058823529411764
16463,head,0.2941176470588235
16463,agriculture,0.2352941176470588
16463,high,0.0
24837,non-ag,0.0909090909090909
24837,low,1.0
24837,tail,0.393939393939394
24837,head,0.6060606060606061
24837,agriculture,0.9090909090909092
24837,high,0.0
13817,non-ag,1.0
13817,low,0.7142857142857142
13817,tail,0.2857142857142857
13817,head,0.7142857142857142
13817,agriculture,0.0
13817,high,0.2857142857142857
36466,non-ag,1.0
36466,low,0.95
36466,tail,0.35
36466,head,0.65
36466,agriculture,0.0
36466,high,0.05
34051,non-ag,1.0
34051,low,1.0
34051,tail,0.5312500000000001
34051,head,0.46875
34051,agriculture,0.0
34051,high,0.0
12827,non-ag,1.0
12827,low,1.0
12827,tail,1.0
12827,head,0.0
12827,agriculture,0.0
12827,high,0.0
19177,non-ag,1.0
19177,low,1.0
19177,tail,0.8333333333333334
19177,head,0.1666666666666666
19177,agriculture,0.0
19177,high,0.0
22143,non-ag,0.1666666666666666
22143,low,1.0
22143,tail,0.6666666666666666
22143,head,0.3333333333333333
22143,agriculture,0.8333333333333334
22143,high,0.0
12863,non-ag,0.6000000000000001
12863,low,1.0
12863,tail,0.3
12863,head,0.7
12863,agriculture,0.4
12863,high,0.0
14428,non-ag,1.0
14428,low,1.0
14428,tail,0.0
14428,head,1.0
14428,agriculture,0.0
14428,high,0.0
35991,non-ag,1.0
35991,low,1.0
35991,tail,0.1764705882352941
35991,head,0.823529411764706
35991,agriculture,0.0
35991,high,0.0
18484,non-ag,0.25
18484,low,1.0
18484,tail,0.5625
18484,head,0.4375
18484,agriculture,0.7500000000000001
18484,high,0.0
21948,non-ag,0.888888888888889
21948,low,1.0
21948,tail,0.4444444444444445
21948,head,0.5555555555555556
21948,agriculture,0.1111111111111111
21948,high,0.0
36478,non-ag,1.0
36478,low,1.0
36478,tail,0.0
36478,head,1.0
36478,agriculture,0.0
36478,high,0.0
23176,non-ag,1.0
23176,low,0.7777777777777777
23176,tail,0.2222222222222222
23176,head,0.7777777777777777
23176,agriculture,0.0
23176,high,0.2222222222222222
33049,non-ag,0.8333333333333334
33049,low,0.8333333333333334
33049,tail,0.0
33049,head,1.0
33049,agriculture,0.1666666666666666
33049,high,0.1666666666666666
23206,non-ag,1.0
23206,low,1.0
23206,tail,0.3333333333333333
23206,head,0.6666666666666666
23206,agriculture,0.0
23206,high,0.0
776,non-ag,1.0
776,low,1.0
776,tail,0.5
776,head,0.5
776,agriculture,0.0
776,high,0.0
16191,non-ag,0.1142857142857143
16191,low,1.0
16191,tail,0.5714285714285714
16191,head,0.4285714285714285
16191,agriculture,0.8857142857142857
16191,high,0.0
37663,non-ag,1.0
37663,low,0.7272727272727272
37663,tail,0.3636363636363635
37663,head,0.6363636363636364
37663,agriculture,0.0
37663,high,0.2727272727272727
18419,non-ag,1.0
18419,low,1.0
18419,tail,0.7777777777777778
18419,head,0.2222222222222222
18419,agriculture,0.0
18419,high,0.0
8313,non-ag,1.0
8313,low,1.0
8313,tail,0.25
8313,head,0.75
8313,agriculture,0.0
8313,high,0.0
38923,non-ag,0.8800000000000002
38923,low,1.0
38923,tail,0.44
38923,head,0.5600000000000002
38923,agriculture,0.12
38923,high,0.0
38438,non-ag,1.0
38438,low,1.0
38438,tail,0.3333333333333333
38438,head,0.6666666666666666
38438,agriculture,0.0
38438,high,0.0
20251,non-ag,1.0
20251,low,1.0
20251,tail,0.6666666666666666
20251,head,0.3333333333333333
20251,agriculture,0.0
20251,high,0.0
19335,non-ag,1.0
19335,low,1.0
19335,tail,0.7142857142857143
19335,head,0.2857142857142857
19335,agriculture,0.0
19335,high,0.0
35253,non-ag,0.8888888888888892
35253,low,1.0
35253,tail,0.1111111111111111
35253,head,0.8888888888888892
35253,agriculture,0.1111111111111111
35253,high,0.0
34260,non-ag,0.5000000000000001
34260,low,1.0
34260,tail,0.411764705882353
34260,head,0.5882352941176472
34260,agriculture,0.5000000000000001
34260,high,0.0
10107,non-ag,1.0
10107,low,1.0
10107,tail,0.411764705882353
10107,head,0.5882352941176471
10107,agriculture,0.0
10107,high,0.0
8550,non-ag,1.0
8550,low,1.0
8550,tail,0.1428571428571428
8550,head,0.8571428571428571
8550,agriculture,0.0
8550,high,0.0
40050,non-ag,1.0
40050,low,0.679611650485437
40050,tail,0.145631067961165
40050,head,0.8543689320388351
40050,agriculture,0.0
40050,high,0.3203883495145631
18966,non-ag,1.0
18966,low,0.9155555555555556
18966,tail,0.5555555555555556
18966,head,0.4444444444444445
18966,agriculture,0.0
18966,high,0.0844444444444444
27578,non-ag,0.8333333333333334
27578,low,1.0
27578,tail,0.1666666666666666
27578,head,0.8333333333333334
27578,agriculture,0.1666666666666666
27578,high,0.0
32680,non-ag,1.0
32680,low,0.0
32680,tail,0.0
32680,head,1.0
32680,agriculture,0.0
32680,high,1.0
35376,non-ag,1.0
35376,low,0.3333333333333333
35376,tail,0.1666666666666666
35376,head,0.8333333333333334
35376,agriculture,0.0
35376,high,0.6666666666666666
7513,non-ag,1.0
7513,low,0.0
7513,tail,0.0
7513,head,1.0
7513,agriculture,0.0
7513,high,1.0
17755,non-ag,1.0
17755,low,1.0
17755,tail,0.4
17755,head,0.6000000000000001
17755,agriculture,0.0
17755,high,0.0
18760,non-ag,1.0
18760,low,1.0
18760,tail,0.0
18760,head,1.0
18760,agriculture,0.0
18760,high,0.0
25069,non-ag,1.0
25069,low,1.0
25069,tail,0.24
25069,head,0.7600000000000001
25069,agriculture,0.0
25069,high,0.0
29756,non-ag,1.0
29756,low,0.5
29756,tail,0.0
29756,head,1.0
29756,agriculture,0.0
29756,high,0.5
24436,non-ag,1.0
24436,low,1.0
24436,tail,0.125
24436,head,0.875
24436,agriculture,0.0
24436,high,0.0
29654,non-ag,1.0
29654,low,0.888888888888889
29654,tail,0.3333333333333333
29654,head,0.6666666666666666
29654,agriculture,0.0
29654,high,0.1111111111111111
24483,non-ag,0.4285714285714285
24483,low,1.0
24483,tail,0.7142857142857142
24483,head,0.2857142857142857
24483,agriculture,0.5714285714285714
24483,high,0.0
5736,non-ag,0.0
5736,low,1.0
5736,tail,0.0
5736,head,1.0
5736,agriculture,1.0
5736,high,0.0
30453,non-ag,1.0
30453,low,1.0
30453,tail,0.2727272727272727
30453,head,0.7272727272727273
30453,agriculture,0.0
30453,high,0.0
23085,non-ag,1.0
23085,low,1.0
23085,tail,0.5
23085,head,0.5
23085,agriculture,0.0
23085,high,0.0
36913,non-ag,1.0
36913,low,0.8
36913,tail,0.0666666666666666
36913,head,0.9333333333333336
36913,agriculture,0.0
36913,high,0.2
14292,non-ag,0.8
14292,low,1.0
14292,tail,0.6000000000000001
14292,head,0.4
14292,agriculture,0.2
14292,high,0.0
33977,non-ag,1.0
33977,low,1.0
33977,tail,0.2
33977,head,0.8
33977,agriculture,0.0
33977,high,0.0
39279,non-ag,1.0
39279,low,1.0
39279,tail,0.0
39279,head,1.0
39279,agriculture,0.0
39279,high,0.0
36345,non-ag,1.0
36345,low,1.0
36345,tail,0.3333333333333333
36345,head,0.6666666666666666
36345,agriculture,0.0
36345,high,0.0
20551,non-ag,1.0
20551,low,1.0
20551,tail,0.8
20551,head,0.2
20551,agriculture,0.0
20551,high,0.0
24125,non-ag,0.8333333333333334
24125,low,1.0
24125,tail,0.3333333333333333
24125,head,0.6666666666666666
24125,agriculture,0.1666666666666666
24125,high,0.0
30511,non-ag,1.0
30511,low,1.0
30511,tail,0.4
30511,head,0.6000000000000001
30511,agriculture,0.0
30511,high,0.0
35133,non-ag,1.0
35133,low,1.0
35133,tail,0.75
35133,head,0.25
35133,agriculture,0.0
35133,high,0.0
14378,non-ag,1.0
14378,low,1.0
14378,tail,0.4444444444444444
14378,head,0.5555555555555556
14378,agriculture,0.0
14378,high,0.0
39445,non-ag,1.0
39445,low,1.0
39445,tail,0.1428571428571428
39445,head,0.8571428571428571
39445,agriculture,0.0
39445,high,0.0
27484,non-ag,0.8181818181818182
27484,low,1.0
27484,tail,0.5454545454545455
27484,head,0.4545454545454546
27484,agriculture,0.1818181818181818
27484,high,0.0
15655,non-ag,0.8999999999999999
15655,low,1.0
15655,tail,0.2
15655,head,0.8
15655,agriculture,0.1
15655,high,0.0
16857,non-ag,1.0
16857,low,1.0
16857,tail,0.4285714285714285
16857,head,0.5714285714285714
16857,agriculture,0.0
16857,high,0.0
19843,non-ag,1.0
19843,low,1.0
19843,tail,0.8333333333333334
19843,head,0.1666666666666666
19843,agriculture,0.0
19843,high,0.0
40105,non-ag,0.0666666666666666
40105,low,1.0
40105,tail,0.6666666666666666
40105,head,0.3333333333333333
40105,agriculture,0.9333333333333336
40105,high,0.0
21015,non-ag,1.0
21015,low,1.0
21015,tail,0.5
21015,head,0.5
21015,agriculture,0.0
21015,high,0.0
1811,non-ag,1.0
1811,low,0.4
1811,tail,0.0
1811,head,1.0
1811,agriculture,0.0
1811,high,0.6000000000000001
14825,non-ag,1.0
14825,low,1.0
14825,tail,0.8571428571428571
14825,head,0.1428571428571428
14825,agriculture,0.0
14825,high,0.0
26834,non-ag,0.8333333333333334
26834,low,0.8333333333333334
26834,tail,0.0
26834,head,1.0
26834,agriculture,0.1666666666666666
26834,high,0.1666666666666666
31152,non-ag,1.0
31152,low,1.0
31152,tail,0.0
31152,head,1.0
31152,agriculture,0.0
31152,high,0.0
24468,non-ag,0.5714285714285714
24468,low,0.8571428571428571
24468,tail,0.0
24468,head,1.0
24468,agriculture,0.4285714285714285
24468,high,0.1428571428571428
34151,non-ag,0.8333333333333334
34151,low,0.8333333333333334
34151,tail,0.0
34151,head,1.0
34151,agriculture,0.1666666666666666
34151,high,0.1666666666666666
27677,non-ag,1.0
27677,low,0.6666666666666666
27677,tail,0.1666666666666666
27677,head,0.8333333333333334
27677,agriculture,0.0
27677,high,0.3333333333333333
32607,non-ag,1.0
32607,low,0.8
32607,tail,0.4
32607,head,0.6000000000000001
32607,agriculture,0.0
32607,high,0.2
25193,non-ag,0.375
25193,low,1.0
25193,tail,0.6250000000000001
25193,head,0.375
25193,agriculture,0.6250000000000001
25193,high,0.0
39693,non-ag,1.0
39693,low,0.875
39693,tail,0.25
39693,head,0.7500000000000001
39693,agriculture,0.0
39693,high,0.125
16766,non-ag,1.0
16766,low,1.0
16766,tail,0.6153846153846154
16766,head,0.3846153846153846
16766,agriculture,0.0
16766,high,0.0
20869,non-ag,1.0
20869,low,1.0
20869,tail,0.2
20869,head,0.8
20869,agriculture,0.0
20869,high,0.0
22269,non-ag,1.0
22269,low,1.0
22269,tail,0.5909090909090909
22269,head,0.409090909090909
22269,agriculture,0.0
22269,high,0.0
33159,non-ag,1.0
33159,low,0.5833333333333334
33159,tail,0.3333333333333333
33159,head,0.6666666666666666
33159,agriculture,0.0
33159,high,0.4166666666666667
15051,non-ag,1.0
15051,low,1.0
15051,tail,0.8571428571428571
15051,head,0.1428571428571428
15051,agriculture,0.0
15051,high,0.0
26439,non-ag,0.4
26439,low,1.0
26439,tail,0.4
26439,head,0.6000000000000001
26439,agriculture,0.6000000000000001
26439,high,0.0
23130,non-ag,1.0
23130,low,0.8732394366197184
23130,tail,0.323943661971831
23130,head,0.6760563380281691
23130,agriculture,0.0
23130,high,0.1267605633802817
24628,non-ag,1.0
24628,low,0.6000000000000001
24628,tail,0.0
24628,head,1.0
24628,agriculture,0.0
24628,high,0.4
25092,non-ag,1.0
25092,low,0.6363636363636365
25092,tail,0.0
25092,head,1.0
25092,agriculture,0.0
25092,high,0.3636363636363636
32956,non-ag,1.0
32956,low,0.6000000000000001
32956,tail,0.4
32956,head,0.6000000000000001
32956,agriculture,0.0
32956,high,0.4
15427,non-ag,1.0
15427,low,1.0
15427,tail,0.6000000000000001
15427,head,0.4
15427,agriculture,0.0
15427,high,0.0
18641,non-ag,1.0
18641,low,1.0
18641,tail,0.2
18641,head,0.8
18641,agriculture,0.0
18641,high,0.0
24898,non-ag,0.4
24898,low,1.0
24898,tail,0.4
24898,head,0.6000000000000001
24898,agriculture,0.6000000000000001
24898,high,0.0
36162,non-ag,0.8999999999999999
36162,low,1.0
36162,tail,0.4
36162,head,0.6
36162,agriculture,0.0999999999999999
36162,high,0.0
15137,non-ag,1.0
15137,low,1.0
15137,tail,0.4
15137,head,0.6000000000000001
15137,agriculture,0.0
15137,high,0.0
28310,non-ag,1.0
28310,low,0.875
28310,tail,0.125
28310,head,0.875
28310,agriculture,0.0
28310,high,0.125
19910,non-ag,1.0
19910,low,1.0
19910,tail,0.8333333333333334
19910,head,0.1666666666666666
19910,agriculture,0.0
19910,high,0.0
26039,non-ag,1.0
26039,low,1.0
26039,tail,0.5714285714285714
26039,head,0.4285714285714285
26039,agriculture,0.0
26039,high,0.0
35469,non-ag,0.8999999999999999
35469,low,1.0
35469,tail,0.2
35469,head,0.8
35469,agriculture,0.1
35469,high,0.0
15329,non-ag,1.0
15329,low,1.0
15329,tail,1.0
15329,head,0.0
15329,agriculture,0.0
15329,high,0.0
21465,non-ag,1.0
21465,low,1.0
21465,tail,0.5
21465,head,0.5
21465,agriculture,0.0
21465,high,0.0
29584,non-ag,0.7500000000000001
29584,low,1.0
29584,tail,0.125
29584,head,0.875
29584,agriculture,0.25
29584,high,0.0
25745,non-ag,1.0
25745,low,1.0
25745,tail,0.5833333333333334
25745,head,0.4166666666666667
25745,agriculture,0.0
25745,high,0.0
21402,non-ag,0.6000000000000001
21402,low,1.0
21402,tail,0.8
21402,head,0.2
21402,agriculture,0.4
21402,high,0.0
20138,non-ag,0.4285714285714285
20138,low,1.0
20138,tail,0.8571428571428571
20138,head,0.1428571428571428
20138,agriculture,0.5714285714285714
20138,high,0.0
1634,non-ag,1.0
1634,low,0.8571428571428571
1634,tail,0.5714285714285714
1634,head,0.4285714285714285
1634,agriculture,0.0
1634,high,0.1428571428571428
20640,non-ag,0.0
20640,low,1.0
20640,tail,0.6000000000000001
20640,head,0.4
20640,agriculture,1.0
20640,high,0.0
3844,non-ag,0.6000000000000001
3844,low,1.0
3844,tail,0.8
3844,head,0.2
3844,agriculture,0.4
3844,high,0.0
39733,non-ag,0.6666666666666667
39733,low,1.0
39733,tail,0.0
39733,head,1.0
39733,agriculture,0.3333333333333333
39733,high,0.0
25743,non-ag,1.0
25743,low,1.0
25743,tail,0.0
25743,head,1.0
25743,agriculture,0.0
25743,high,0.0
17104,non-ag,0.8
17104,low,1.0
17104,tail,0.4
17104,head,0.6000000000000001
17104,agriculture,0.2
17104,high,0.0
25503,non-ag,1.0
25503,low,1.0
25503,tail,0.0
25503,head,1.0
25503,agriculture,0.0
25503,high,0.0
32308,non-ag,1.0
32308,low,1.0
32308,tail,0.1666666666666666
32308,head,0.8333333333333334
32308,agriculture,0.0
32308,high,0.0
116,non-ag,1.0
116,low,1.0
116,tail,0.6000000000000001
116,head,0.4
116,agriculture,0.0
116,high,0.0
23066,non-ag,0.8333333333333334
23066,low,1.0
23066,tail,0.1666666666666666
23066,head,0.8333333333333334
23066,agriculture,0.1666666666666666
23066,high,0.0
12053,non-ag,0.6000000000000001
12053,low,1.0
12053,tail,0.2
12053,head,0.8
12053,agriculture,0.4
12053,high,0.0
11758,non-ag,1.0
11758,low,0.5
11758,tail,0.3333333333333333
11758,head,0.6666666666666666
11758,agriculture,0.0
11758,high,0.5
29400,non-ag,1.0
29400,low,1.0
29400,tail,0.25
29400,head,0.75
29400,agriculture,0.0
29400,high,0.0
19297,non-ag,0.0
19297,low,1.0
19297,tail,0.5
19297,head,0.5
19297,agriculture,1.0
19297,high,0.0
22394,non-ag,0.0
22394,low,1.0
22394,tail,0.5
22394,head,0.5
22394,agriculture,1.0
22394,high,0.0
15675,non-ag,0.2857142857142857
15675,low,1.0
15675,tail,0.5714285714285714
15675,head,0.4285714285714285
15675,agriculture,0.7142857142857142
15675,high,0.0
17006,non-ag,0.0
17006,low,1.0
17006,tail,0.6666666666666666
17006,head,0.3333333333333333
17006,agriculture,1.0
17006,high,0.0
17680,non-ag,0.0
17680,low,1.0
17680,tail,0.8
17680,head,0.2
17680,agriculture,1.0
17680,high,0.0
26961,non-ag,1.0
26961,low,1.0
26961,tail,0.4
26961,head,0.6000000000000001
26961,agriculture,0.0
26961,high,0.0
29556,non-ag,0.8571428571428571
29556,low,1.0
29556,tail,0.1428571428571428
29556,head,0.8571428571428571
29556,agriculture,0.1428571428571428
29556,high,0.0
8211,non-ag,1.0
8211,low,1.0
8211,tail,0.0
8211,head,1.0
8211,agriculture,0.0
8211,high,0.0
31889,non-ag,1.0
31889,low,1.0
31889,tail,0.4
31889,head,0.6000000000000001
31889,agriculture,0.0
31889,high,0.0
15729,non-ag,0.8
15729,low,1.0
15729,tail,0.6000000000000001
15729,head,0.4
15729,agriculture,0.2
15729,high,0.0
36299,non-ag,1.0
36299,low,1.0
36299,tail,0.5909090909090909
36299,head,0.409090909090909
36299,agriculture,0.0
36299,high,0.0
45705,non-ag,0.7
45705,low,1.0
45705,tail,0.6000000000000001
45705,head,0.4
45705,agriculture,0.3
45705,high,0.0
15737,non-ag,1.0
15737,low,1.0
15737,tail,0.7142857142857143
15737,head,0.2857142857142857
15737,agriculture,0.0
15737,high,0.0
38780,non-ag,0.6818181818181818
38780,low,1.0
38780,tail,0.3181818181818182
38780,head,0.6818181818181818
38780,agriculture,0.3181818181818182
38780,high,0.0
24062,non-ag,1.0
24062,low,1.0
24062,tail,0.4285714285714285
24062,head,0.5714285714285714
24062,agriculture,0.0
24062,high,0.0
15792,non-ag,1.0
15792,low,1.0
15792,tail,0.4
15792,head,0.6000000000000001
15792,agriculture,0.0
15792,high,0.0
23767,non-ag,0.8
23767,low,1.0
23767,tail,0.3
23767,head,0.7
23767,agriculture,0.2
23767,high,0.0
41296,non-ag,0.9166666666666669
41296,low,1.0
41296,tail,0.25
41296,head,0.7500000000000001
41296,agriculture,0.0833333333333333
41296,high,0.0
41791,non-ag,0.8666666666666666
41791,low,1.0
41791,tail,0.3333333333333333
41791,head,0.6666666666666666
41791,agriculture,0.1333333333333333
41791,high,0.0
22898,non-ag,1.0
22898,low,1.0
22898,tail,0.6250000000000001
22898,head,0.375
22898,agriculture,0.0
22898,high,0.0
15861,non-ag,0.1666666666666666
15861,low,1.0
15861,tail,0.8333333333333334
15861,head,0.1666666666666666
15861,agriculture,0.8333333333333334
15861,high,0.0
15924,non-ag,0.0
15924,low,1.0
15924,tail,0.5714285714285714
15924,head,0.4285714285714285
15924,agriculture,1.0
15924,high,0.0
15883,non-ag,0.8
15883,low,1.0
15883,tail,0.2
15883,head,0.8
15883,agriculture,0.2
15883,high,0.0
18422,non-ag,1.0
18422,low,1.0
18422,tail,0.7272727272727273
18422,head,0.2727272727272727
18422,agriculture,0.0
18422,high,0.0
20731,non-ag,1.0
20731,low,1.0
20731,tail,0.6923076923076924
20731,head,0.3076923076923077
20731,agriculture,0.0
20731,high,0.0
26013,non-ag,1.0
26013,low,1.0
26013,tail,0.5
26013,head,0.5
26013,agriculture,0.0
26013,high,0.0
15942,non-ag,1.0
15942,low,1.0
15942,tail,0.2
15942,head,0.8
15942,agriculture,0.0
15942,high,0.0
37081,non-ag,1.0
37081,low,0.9411764705882354
37081,tail,0.2941176470588235
37081,head,0.7058823529411764
37081,agriculture,0.0
37081,high,0.0588235294117647
28702,non-ag,1.0
28702,low,1.0
28702,tail,0.3333333333333333
28702,head,0.6666666666666666
28702,agriculture,0.0
28702,high,0.0
16316,non-ag,0.0
16316,low,1.0
16316,tail,1.0
16316,head,0.0
16316,agriculture,1.0
16316,high,0.0
22463,non-ag,0.4
22463,low,1.0
22463,tail,0.6000000000000001
22463,head,0.4
22463,agriculture,0.6000000000000001
22463,high,0.0
2951,non-ag,0.8571428571428571
2951,low,1.0
2951,tail,0.7142857142857142
2951,head,0.2857142857142857
2951,agriculture,0.1428571428571428
2951,high,0.0
13330,non-ag,1.0
13330,low,0.5
13330,tail,0.0
13330,head,1.0
13330,agriculture,0.0
13330,high,0.5
39093,non-ag,1.0
39093,low,0.8148148148148148
39093,tail,0.1851851851851851
39093,head,0.8148148148148148
39093,agriculture,0.0
39093,high,0.1851851851851851
19562,non-ag,1.0
19562,low,1.0
19562,tail,0.3333333333333333
19562,head,0.6666666666666666
19562,agriculture,0.0
19562,high,0.0
17574,non-ag,1.0
17574,low,0.8
17574,tail,0.1
17574,head,0.8999999999999999
17574,agriculture,0.0
17574,high,0.2
16064,non-ag,1.0
16064,low,1.0
16064,tail,1.0
16064,head,0.0
16064,agriculture,0.0
16064,high,0.0
23327,non-ag,0.1333333333333333
23327,low,1.0
23327,tail,0.5333333333333333
23327,head,0.4666666666666667
23327,agriculture,0.8666666666666666
23327,high,0.0
23786,non-ag,1.0
23786,low,1.0
23786,tail,0.7142857142857143
23786,head,0.2857142857142857
23786,agriculture,0.0
23786,high,0.0
28764,non-ag,0.7692307692307693
28764,low,1.0
28764,tail,0.0769230769230769
28764,head,0.9230769230769232
28764,agriculture,0.2307692307692308
28764,high,0.0
19023,non-ag,1.0
19023,low,1.0
19023,tail,0.5714285714285715
19023,head,0.4285714285714286
19023,agriculture,0.0
19023,high,0.0
24853,non-ag,0.6000000000000001
24853,low,1.0
24853,tail,0.4
24853,head,0.6000000000000001
24853,agriculture,0.4
24853,high,0.0
39953,non-ag,1.0
39953,low,0.9285714285714288
39953,tail,0.0714285714285714
39953,head,0.9285714285714288
39953,agriculture,0.0
39953,high,0.0714285714285714
21237,non-ag,0.5714285714285714
21237,low,1.0
21237,tail,0.4285714285714285
21237,head,0.5714285714285714
21237,agriculture,0.4285714285714285
21237,high,0.0
36298,non-ag,0.0
36298,low,1.0
36298,tail,0.0
36298,head,1.0
36298,agriculture,1.0
36298,high,0.0
19935,non-ag,0.0
19935,low,1.0
19935,tail,0.6000000000000001
19935,head,0.4
19935,agriculture,1.0
19935,high,0.0
22109,non-ag,1.0
22109,low,1.0
22109,tail,0.5
22109,head,0.5
22109,agriculture,0.0
22109,high,0.0
9876,non-ag,1.0
9876,low,1.0
9876,tail,0.2
9876,head,0.8
9876,agriculture,0.0
9876,high,0.0
35189,non-ag,1.0
35189,low,0.6250000000000001
35189,tail,0.0
35189,head,1.0
35189,agriculture,0.0
35189,high,0.375
35454,non-ag,1.0
35454,low,0.6666666666666666
35454,tail,0.0
35454,head,1.0
35454,agriculture,0.0
35454,high,0.3333333333333333
28784,non-ag,1.0
28784,low,0.6000000000000001
28784,tail,0.0
28784,head,1.0
28784,agriculture,0.0
28784,high,0.4
37406,non-ag,1.0
37406,low,0.4
37406,tail,0.0
37406,head,1.0
37406,agriculture,0.0
37406,high,0.6000000000000001
17178,non-ag,1.0
17178,low,1.0
17178,tail,0.7142857142857143
17178,head,0.2857142857142857
17178,agriculture,0.0
17178,high,0.0
38482,non-ag,1.0
38482,low,1.0
38482,tail,0.1666666666666666
38482,head,0.8333333333333334
38482,agriculture,0.0
38482,high,0.0
28638,non-ag,0.8571428571428571
28638,low,1.0
28638,tail,0.5714285714285714
28638,head,0.4285714285714285
28638,agriculture,0.1428571428571428
28638,high,0.0
17595,non-ag,1.0
17595,low,1.0
17595,tail,0.6666666666666666
17595,head,0.3333333333333333
17595,agriculture,0.0
17595,high,0.0
26691,non-ag,1.0
26691,low,1.0
26691,tail,0.6666666666666666
26691,head,0.3333333333333333
26691,agriculture,0.0
26691,high,0.0
40325,non-ag,0.6000000000000001
40325,low,1.0
40325,tail,0.4
40325,head,0.6000000000000001
40325,agriculture,0.4
40325,high,0.0
16260,non-ag,0.3333333333333333
16260,low,1.0
16260,tail,0.8333333333333334
16260,head,0.1666666666666666
16260,agriculture,0.6666666666666666
16260,high,0.0
17245,non-ag,0.0625
17245,low,1.0
17245,tail,0.4375
17245,head,0.5625
17245,agriculture,0.9375
17245,high,0.0
21862,non-ag,0.4285714285714285
21862,low,1.0
21862,tail,0.4285714285714285
21862,head,0.5714285714285714
21862,agriculture,0.5714285714285714
21862,high,0.0
26675,non-ag,1.0
26675,low,1.0
26675,tail,0.6000000000000001
26675,head,0.4
26675,agriculture,0.0
26675,high,0.0
16270,non-ag,0.0
16270,low,1.0
16270,tail,1.0
16270,head,0.0
16270,agriculture,1.0
16270,high,0.0
35795,non-ag,1.0
35795,low,1.0
35795,tail,0.4666666666666667
35795,head,0.5333333333333334
35795,agriculture,0.0
35795,high,0.0
28611,non-ag,0.8571428571428571
28611,low,1.0
28611,tail,0.7142857142857142
28611,head,0.2857142857142857
28611,agriculture,0.1428571428571428
28611,high,0.0
44530,non-ag,0.875
44530,low,1.0
44530,tail,0.6250000000000001
44530,head,0.375
44530,agriculture,0.125
44530,high,0.0
31758,non-ag,0.8124999999999999
31758,low,1.0
31758,tail,0.5625
31758,head,0.4374999999999999
31758,agriculture,0.1874999999999999
31758,high,0.0
33719,non-ag,1.0
33719,low,0.8333333333333334
33719,tail,0.3333333333333333
33719,head,0.6666666666666666
33719,agriculture,0.0
33719,high,0.1666666666666666
28672,non-ag,1.0
28672,low,1.0
28672,tail,0.2
28672,head,0.8
28672,agriculture,0.0
28672,high,0.0
20889,non-ag,0.8999999999999999
20889,low,1.0
20889,tail,0.3
20889,head,0.7
20889,agriculture,0.1
20889,high,0.0
25516,non-ag,0.5434782608695653
25516,low,1.0
25516,tail,1.0
25516,head,0.0
25516,agriculture,0.4565217391304348
25516,high,0.0
17035,non-ag,0.0
17035,low,1.0
17035,tail,1.0
17035,head,0.0
17035,agriculture,1.0
17035,high,0.0
31513,non-ag,0.8999999999999999
31513,low,1.0
31513,tail,0.3
31513,head,0.7
31513,agriculture,0.1
31513,high,0.0
29519,non-ag,1.0
29519,low,1.0
29519,tail,0.4
29519,head,0.6000000000000001
29519,agriculture,0.0
29519,high,0.0
35942,non-ag,0.6000000000000001
35942,low,1.0
35942,tail,0.0
35942,head,1.0
35942,agriculture,0.4
35942,high,0.0
21608,non-ag,0.8571428571428571
21608,low,1.0
21608,tail,0.2857142857142857
21608,head,0.7142857142857142
21608,agriculture,0.1428571428571428
21608,high,0.0
35764,non-ag,0.8
35764,low,1.0
35764,tail,0.2
35764,head,0.8
35764,agriculture,0.2
35764,high,0.0
39830,non-ag,1.0
39830,low,0.7272727272727273
39830,tail,0.0
39830,head,1.0
39830,agriculture,0.0
39830,high,0.2727272727272727
40477,non-ag,0.9090909090909092
40477,low,1.0
40477,tail,0.2727272727272727
40477,head,0.7272727272727274
40477,agriculture,0.0909090909090909
40477,high,0.0
26769,non-ag,1.0
26769,low,1.0
26769,tail,0.2
26769,head,0.8
26769,agriculture,0.0
26769,high,0.0
23607,non-ag,0.0
23607,low,1.0
23607,tail,0.8
23607,head,0.2
23607,agriculture,1.0
23607,high,0.0
16422,non-ag,1.0
16422,low,1.0
16422,tail,0.3333333333333333
16422,head,0.6666666666666666
16422,agriculture,0.0
16422,high,0.0
28253,non-ag,1.0
28253,low,0.8333333333333334
28253,tail,0.1666666666666666
28253,head,0.8333333333333334
28253,agriculture,0.0
28253,high,0.1666666666666666
24274,non-ag,1.0
24274,low,1.0
24274,tail,0.1428571428571428
24274,head,0.8571428571428571
24274,agriculture,0.0
24274,high,0.0
33243,non-ag,0.6000000000000001
33243,low,1.0
33243,tail,0.2
33243,head,0.8
33243,agriculture,0.4
33243,high,0.0
37595,non-ag,1.0
37595,low,1.0
37595,tail,0.2
37595,head,0.8
37595,agriculture,0.0
37595,high,0.0
17567,non-ag,1.0
17567,low,1.0
17567,tail,0.35
17567,head,0.65
17567,agriculture,0.0
17567,high,0.0
43996,non-ag,1.0
43996,low,1.0
43996,tail,0.7777777777777777
43996,head,0.2222222222222222
43996,agriculture,0.0
43996,high,0.0
40756,non-ag,1.0
40756,low,0.6923076923076923
40756,tail,0.1538461538461538
40756,head,0.8461538461538461
40756,agriculture,0.0
40756,high,0.3076923076923077
33297,non-ag,1.0
33297,low,0.6999999999999998
33297,tail,0.3
33297,head,0.6999999999999998
33297,agriculture,0.0
33297,high,0.3
20275,non-ag,1.0
20275,low,0.6000000000000001
20275,tail,0.0
20275,head,1.0
20275,agriculture,0.0
20275,high,0.4
32842,non-ag,1.0
32842,low,1.0
32842,tail,0.2857142857142857
32842,head,0.7142857142857143
32842,agriculture,0.0
32842,high,0.0
25590,non-ag,0.9090909090909092
25590,low,1.0
25590,tail,0.6363636363636364
25590,head,0.3636363636363637
25590,agriculture,0.0909090909090909
25590,high,0.0
30158,non-ag,1.0
30158,low,0.8
30158,tail,0.2
30158,head,0.8
30158,agriculture,0.0
30158,high,0.2
34940,non-ag,1.0
34940,low,1.0
34940,tail,0.2
34940,head,0.8
34940,agriculture,0.0
34940,high,0.0
27226,non-ag,0.2916666666666667
27226,low,1.0
27226,tail,0.8333333333333334
27226,head,0.1666666666666666
27226,agriculture,0.7083333333333333
27226,high,0.0
32344,non-ag,0.4
32344,low,1.0
32344,tail,0.4
32344,head,0.6000000000000001
32344,agriculture,0.6000000000000001
32344,high,0.0
38359,non-ag,1.0
38359,low,1.0
38359,tail,0.3
38359,head,0.7000000000000001
38359,agriculture,0.0
38359,high,0.0
16534,non-ag,0.1666666666666666
16534,low,1.0
16534,tail,1.0
16534,head,0.0
16534,agriculture,0.8333333333333334
16534,high,0.0
41693,non-ag,0.8658536585365854
41693,low,1.0
41693,tail,0.5365853658536586
41693,head,0.4634146341463414
41693,agriculture,0.1341463414634146
41693,high,0.0
1226,non-ag,0.1428571428571428
1226,low,1.0
1226,tail,0.2857142857142857
1226,head,0.7142857142857142
1226,agriculture,0.8571428571428571
1226,high,0.0
30365,non-ag,1.0
30365,low,1.0
30365,tail,0.0
30365,head,1.0
30365,agriculture,0.0
30365,high,0.0
23770,non-ag,1.0
23770,low,0.8571428571428571
23770,tail,0.2857142857142857
23770,head,0.7142857142857142
23770,agriculture,0.0
23770,high,0.1428571428571428
37001,non-ag,1.0
37001,low,1.0
37001,tail,0.0
37001,head,1.0
37001,agriculture,0.0
37001,high,0.0
14481,non-ag,1.0
14481,low,1.0
14481,tail,0.7142857142857143
14481,head,0.2857142857142857
14481,agriculture,0.0
14481,high,0.0
7554,non-ag,1.0
7554,low,1.0
7554,tail,0.8571428571428571
7554,head,0.1428571428571428
7554,agriculture,0.0
7554,high,0.0
34266,non-ag,0.0
34266,low,1.0
34266,tail,0.25
34266,head,0.75
34266,agriculture,1.0
34266,high,0.0
40094,non-ag,0.0
40094,low,1.0
40094,tail,0.2
40094,head,0.8
40094,agriculture,1.0
40094,high,0.0
32758,non-ag,0.0
32758,low,1.0
32758,tail,0.4444444444444444
32758,head,0.5555555555555556
32758,agriculture,1.0
32758,high,0.0
31371,non-ag,1.0
31371,low,1.0
31371,tail,0.2
31371,head,0.8
31371,agriculture,0.0
31371,high,0.0
10541,non-ag,1.0
10541,low,1.0
10541,tail,0.2857142857142857
10541,head,0.7142857142857143
10541,agriculture,0.0
10541,high,0.0
33725,non-ag,1.0
33725,low,0.6000000000000001
33725,tail,0.0
33725,head,1.0
33725,agriculture,0.0
33725,high,0.4
26397,non-ag,1.0
26397,low,0.888888888888889
26397,tail,0.2222222222222222
26397,head,0.7777777777777777
26397,agriculture,0.0
26397,high,0.1111111111111111
39638,non-ag,1.0
39638,low,1.0
39638,tail,0.0
39638,head,1.0
39638,agriculture,0.0
39638,high,0.0
19948,non-ag,0.6666666666666666
19948,low,1.0
19948,tail,1.0
19948,head,0.0
19948,agriculture,0.3333333333333333
19948,high,0.0
25290,non-ag,1.0
25290,low,0.8571428571428571
25290,tail,0.0
25290,head,1.0
25290,agriculture,0.0
25290,high,0.1428571428571428
22200,non-ag,1.0
22200,low,1.0
22200,tail,0.4285714285714285
22200,head,0.5714285714285714
22200,agriculture,0.0
22200,high,0.0
17734,non-ag,0.5714285714285714
17734,low,1.0
17734,tail,0.5714285714285714
17734,head,0.4285714285714285
17734,agriculture,0.4285714285714285
17734,high,0.0
17391,non-ag,1.0
17391,low,1.0
17391,tail,0.8
17391,head,0.2
17391,agriculture,0.0
17391,high,0.0
20410,non-ag,0.8
20410,low,1.0
20410,tail,0.0
20410,head,1.0
20410,agriculture,0.2
20410,high,0.0
17669,non-ag,1.0
17669,low,1.0
17669,tail,0.1
17669,head,0.9
17669,agriculture,0.0
17669,high,0.0
35198,non-ag,0.8
35198,low,1.0
35198,tail,0.2
35198,head,0.8
35198,agriculture,0.2
35198,high,0.0
26416,non-ag,1.0
26416,low,1.0
26416,tail,0.2
26416,head,0.8
26416,agriculture,0.0
26416,high,0.0
26470,non-ag,1.0
26470,low,1.0
26470,tail,0.0
26470,head,1.0
26470,agriculture,0.0
26470,high,0.0
32544,non-ag,0.125
32544,low,1.0
32544,tail,0.25
32544,head,0.7500000000000001
32544,agriculture,0.875
32544,high,0.0
33646,non-ag,1.0
33646,low,1.0
33646,tail,0.3076923076923077
33646,head,0.6923076923076924
33646,agriculture,0.0
33646,high,0.0
37750,non-ag,0.9411764705882354
37750,low,1.0
37750,tail,0.0588235294117647
37750,head,0.9411764705882354
37750,agriculture,0.0588235294117647
37750,high,0.0
43509,non-ag,1.0
43509,low,1.0
43509,tail,0.3333333333333333
43509,head,0.6666666666666666
43509,agriculture,0.0
43509,high,0.0
22664,non-ag,0.2857142857142857
22664,low,1.0
22664,tail,0.4285714285714285
22664,head,0.5714285714285714
22664,agriculture,0.7142857142857142
22664,high,0.0
22512,non-ag,1.0
22512,low,1.0
22512,tail,0.1
22512,head,0.9
22512,agriculture,0.0
22512,high,0.0
29294,non-ag,1.0
29294,low,1.0
29294,tail,0.0
29294,head,1.0
29294,agriculture,0.0
29294,high,0.0
30599,non-ag,0.8571428571428571
30599,low,1.0
30599,tail,0.2857142857142857
30599,head,0.7142857142857142
30599,agriculture,0.1428571428571428
30599,high,0.0
17466,non-ag,1.0
17466,low,1.0
17466,tail,0.25
17466,head,0.75
17466,agriculture,0.0
17466,high,0.0
26885,non-ag,1.0
26885,low,1.0
26885,tail,0.5714285714285714
26885,head,0.4285714285714285
26885,agriculture,0.0
26885,high,0.0
33736,non-ag,0.7272727272727274
33736,low,1.0
33736,tail,0.3636363636363637
33736,head,0.6363636363636364
33736,agriculture,0.2727272727272727
33736,high,0.0
33911,non-ag,0.7647058823529412
33911,low,1.0
33911,tail,0.6470588235294118
33911,head,0.3529411764705882
33911,agriculture,0.2352941176470588
33911,high,0.0
38671,non-ag,1.0
38671,low,0.6176470588235294
38671,tail,0.2647058823529412
38671,head,0.7352941176470588
38671,agriculture,0.0
38671,high,0.3823529411764706
18704,non-ag,1.0
18704,low,1.0
18704,tail,0.2
18704,head,0.8
18704,agriculture,0.0
18704,high,0.0
33258,non-ag,0.8181818181818182
33258,low,1.0
33258,tail,0.0909090909090909
33258,head,0.9090909090909092
33258,agriculture,0.1818181818181818
33258,high,0.0
18697,non-ag,0.6000000000000001
18697,low,1.0
18697,tail,0.5
18697,head,0.5
18697,agriculture,0.4
18697,high,0.0
17113,non-ag,0.1
17113,low,1.0
17113,tail,0.6000000000000001
17113,head,0.4
17113,agriculture,0.8999999999999999
17113,high,0.0
39533,non-ag,1.0
39533,low,1.0
39533,tail,0.1428571428571428
39533,head,0.8571428571428571
39533,agriculture,0.0
39533,high,0.0
3111,non-ag,1.0
3111,low,1.0
3111,tail,0.8
3111,head,0.2
3111,agriculture,0.0
3111,high,0.0
43825,non-ag,1.0
43825,low,1.0
43825,tail,0.3555555555555555
43825,head,0.6444444444444445
43825,agriculture,0.0
43825,high,0.0
36770,non-ag,1.0
36770,low,1.0
36770,tail,0.4285714285714285
36770,head,0.5714285714285714
36770,agriculture,0.0
36770,high,0.0
31910,non-ag,0.7500000000000001
31910,low,1.0
31910,tail,0.125
31910,head,0.875
31910,agriculture,0.25
31910,high,0.0
17118,non-ag,1.0
17118,low,1.0
17118,tail,0.8
17118,head,0.2
17118,agriculture,0.0
17118,high,0.0
18859,non-ag,0.0
18859,low,1.0
18859,tail,0.8
18859,head,0.2
18859,agriculture,1.0
18859,high,0.0
18997,non-ag,0.0
18997,low,1.0
18997,tail,0.7142857142857143
18997,head,0.2857142857142857
18997,agriculture,1.0
18997,high,0.0
22307,non-ag,0.0
22307,low,1.0
22307,tail,1.0
22307,head,0.0
22307,agriculture,1.0
22307,high,0.0
41233,non-ag,1.0
41233,low,1.0
41233,tail,0.6428571428571429
41233,head,0.3571428571428571
41233,agriculture,0.0
41233,high,0.0
30786,non-ag,0.7777777777777777
30786,low,1.0
30786,tail,0.3333333333333333
30786,head,0.6666666666666666
30786,agriculture,0.2222222222222222
30786,high,0.0
42210,non-ag,0.9090909090909092
42210,low,1.0
42210,tail,0.4545454545454546
42210,head,0.5454545454545455
42210,agriculture,0.0909090909090909
42210,high,0.0
26657,non-ag,1.0
26657,low,1.0
26657,tail,0.0
26657,head,1.0
26657,agriculture,0.0
26657,high,0.0
22432,non-ag,1.0
22432,low,1.0
22432,tail,0.6666666666666666
22432,head,0.3333333333333333
22432,agriculture,0.0
22432,high,0.0
25774,non-ag,1.0
25774,low,1.0
25774,tail,0.6666666666666666
25774,head,0.3333333333333333
25774,agriculture,0.0
25774,high,0.0
19079,non-ag,0.875
19079,low,1.0
19079,tail,0.375
19079,head,0.6250000000000001
19079,agriculture,0.125
19079,high,0.0
32890,non-ag,1.0
32890,low,1.0
32890,tail,0.0
32890,head,1.0
32890,agriculture,0.0
32890,high,0.0
33193,non-ag,0.8157894736842106
33193,low,1.0
33193,tail,0.1842105263157894
33193,head,0.8157894736842106
33193,agriculture,0.1842105263157894
33193,high,0.0
244,non-ag,1.0
244,low,1.0
244,tail,0.4
244,head,0.6000000000000001
244,agriculture,0.0
244,high,0.0
41782,non-ag,0.8
41782,low,1.0
41782,tail,0.4
41782,head,0.6000000000000001
41782,agriculture,0.2
41782,high,0.0
19494,non-ag,0.9324324324324323
19494,low,1.0
19494,tail,0.0810810810810811
19494,head,0.918918918918919
19494,agriculture,0.0675675675675675
19494,high,0.0
41633,non-ag,1.0
41633,low,1.0
41633,tail,0.5833333333333334
41633,head,0.4166666666666667
41633,agriculture,0.0
41633,high,0.0
23091,non-ag,1.0
23091,low,1.0
23091,tail,0.5
23091,head,0.5
23091,agriculture,0.0
23091,high,0.0
24381,non-ag,0.8
24381,low,1.0
24381,tail,0.0
24381,head,1.0
24381,agriculture,0.2
24381,high,0.0
33838,non-ag,0.0
33838,low,1.0
33838,tail,0.1666666666666666
33838,head,0.8333333333333334
33838,agriculture,1.0
33838,high,0.0
17547,non-ag,0.25
17547,low,1.0
17547,tail,0.5
17547,head,0.5
17547,agriculture,0.7500000000000001
17547,high,0.0
27521,non-ag,1.0
27521,low,1.0
27521,tail,0.3571428571428571
27521,head,0.6428571428571429
27521,agriculture,0.0
27521,high,0.0
26702,non-ag,0.6250000000000001
26702,low,1.0
26702,tail,0.375
26702,head,0.6250000000000001
26702,agriculture,0.375
26702,high,0.0
36685,non-ag,1.0
36685,low,0.8823529411764707
36685,tail,0.3823529411764706
36685,head,0.6176470588235294
36685,agriculture,0.0
36685,high,0.1176470588235294
43152,non-ag,1.0
43152,low,0.6666666666666666
43152,tail,0.1333333333333333
43152,head,0.8666666666666667
43152,agriculture,0.0
43152,high,0.3333333333333333
43353,non-ag,1.0
43353,low,0.8437500000000001
43353,tail,0.140625
43353,head,0.8593750000000001
43353,agriculture,0.0
43353,high,0.15625
23474,non-ag,1.0
23474,low,1.0
23474,tail,0.1666666666666666
23474,head,0.8333333333333334
23474,agriculture,0.0
23474,high,0.0
21255,non-ag,1.0
21255,low,1.0
21255,tail,0.6666666666666666
21255,head,0.3333333333333333
21255,agriculture,0.0
21255,high,0.0
17848,non-ag,1.0
17848,low,1.0
17848,tail,0.75
17848,head,0.25
17848,agriculture,0.0
17848,high,0.0
12706,non-ag,1.0
12706,low,1.0
12706,tail,0.0
12706,head,1.0
12706,agriculture,0.0
12706,high,0.0
23785,non-ag,1.0
23785,low,1.0
23785,tail,0.1428571428571428
23785,head,0.8571428571428571
23785,agriculture,0.0
23785,high,0.0
22635,non-ag,1.0
22635,low,1.0
22635,tail,0.0
22635,head,1.0
22635,agriculture,0.0
22635,high,0.0
32799,non-ag,1.0
32799,low,1.0
32799,tail,0.5
32799,head,0.5
32799,agriculture,0.0
32799,high,0.0
23406,non-ag,1.0
23406,low,1.0
23406,tail,0.5714285714285714
23406,head,0.4285714285714285
23406,agriculture,0.0
23406,high,0.0
25937,non-ag,1.0
25937,low,1.0
25937,tail,0.8
25937,head,0.2
25937,agriculture,0.0
25937,high,0.0
4462,non-ag,1.0
4462,low,1.0
4462,tail,0.8
4462,head,0.2
4462,agriculture,0.0
4462,high,0.0
18902,non-ag,1.0
18902,low,1.0
18902,tail,0.0
18902,head,1.0
18902,agriculture,0.0
18902,high,0.0
20293,non-ag,1.0
20293,low,0.8333333333333334
20293,tail,0.3333333333333333
20293,head,0.6666666666666666
20293,agriculture,0.0
20293,high,0.1666666666666666
1168,non-ag,1.0
1168,low,1.0
1168,tail,0.3333333333333333
1168,head,0.6666666666666666
1168,agriculture,0.0
1168,high,0.0
35155,non-ag,1.0
35155,low,1.0
35155,tail,0.5
35155,head,0.5
35155,agriculture,0.0
35155,high,0.0
21088,non-ag,0.6000000000000001
21088,low,1.0
21088,tail,0.4
21088,head,0.6000000000000001
21088,agriculture,0.4
21088,high,0.0
32955,non-ag,0.3636363636363636
32955,low,1.0
32955,tail,0.0
32955,head,1.0
32955,agriculture,0.6363636363636365
32955,high,0.0
45409,non-ag,1.0
45409,low,1.0
45409,tail,0.3975903614457832
45409,head,0.6024096385542169
45409,agriculture,0.0
45409,high,0.0
35060,non-ag,0.8333333333333334
35060,low,1.0
35060,tail,0.0
35060,head,1.0
35060,agriculture,0.1666666666666666
35060,high,0.0
39503,non-ag,0.5132743362831859
39503,low,1.0
39503,tail,0.6637168141592921
39503,head,0.3362831858407079
39503,agriculture,0.4867256637168142
39503,high,0.0
27286,non-ag,1.0
27286,low,1.0
27286,tail,0.2
27286,head,0.8
27286,agriculture,0.0
27286,high,0.0
37870,non-ag,1.0
37870,low,1.0
37870,tail,0.0
37870,head,1.0
37870,agriculture,0.0
37870,high,0.0
35886,non-ag,0.8
35886,low,1.0
35886,tail,0.6000000000000001
35886,head,0.4
35886,agriculture,0.2
35886,high,0.0
16572,non-ag,1.0
16572,low,1.0
16572,tail,0.8
16572,head,0.2
16572,agriculture,0.0
16572,high,0.0
37467,non-ag,1.0
37467,low,1.0
37467,tail,0.125
37467,head,0.8750000000000001
37467,agriculture,0.0
37467,high,0.0
30209,non-ag,1.0
30209,low,1.0
30209,tail,0.0
30209,head,1.0
30209,agriculture,0.0
30209,high,0.0
31161,non-ag,1.0
31161,low,1.0
31161,tail,0.0
31161,head,1.0
31161,agriculture,0.0
31161,high,0.0
20797,non-ag,1.0
20797,low,1.0
20797,tail,0.5555555555555556
20797,head,0.4444444444444444
20797,agriculture,0.0
20797,high,0.0
28637,non-ag,0.9411764705882354
28637,low,1.0
28637,tail,0.2352941176470588
28637,head,0.7647058823529412
28637,agriculture,0.0588235294117647
28637,high,0.0
41075,non-ag,1.0
41075,low,1.0
41075,tail,0.4285714285714285
41075,head,0.5714285714285714
41075,agriculture,0.0
41075,high,0.0
27184,non-ag,1.0
27184,low,1.0
27184,tail,0.1666666666666666
27184,head,0.8333333333333334
27184,agriculture,0.0
27184,high,0.0
43555,non-ag,1.0
43555,low,1.0
43555,tail,0.5555555555555556
43555,head,0.4444444444444444
43555,agriculture,0.0
43555,high,0.0
16409,non-ag,1.0
16409,low,1.0
16409,tail,0.0
16409,head,1.0
16409,agriculture,0.0
16409,high,0.0
27297,non-ag,1.0
27297,low,1.0
27297,tail,0.8750000000000001
27297,head,0.125
27297,agriculture,0.0
27297,high,0.0
43519,non-ag,0.6086956521739131
43519,low,1.0
43519,tail,0.1739130434782609
43519,head,0.8260869565217391
43519,agriculture,0.3913043478260869
43519,high,0.0
18305,non-ag,1.0
18305,low,1.0
18305,tail,1.0
18305,head,0.0
18305,agriculture,0.0
18305,high,0.0
29078,non-ag,0.0
29078,low,1.0
29078,tail,0.3333333333333333
29078,head,0.6666666666666666
29078,agriculture,1.0
29078,high,0.0
19510,non-ag,1.0
19510,low,1.0
19510,tail,0.1666666666666666
19510,head,0.8333333333333334
19510,agriculture,0.0
19510,high,0.0
33787,non-ag,1.0
33787,low,1.0
33787,tail,0.2
33787,head,0.8
33787,agriculture,0.0
33787,high,0.0
21040,non-ag,0.0
21040,low,1.0
21040,tail,0.4
21040,head,0.6000000000000001
21040,agriculture,1.0
21040,high,0.0
18465,non-ag,0.1666666666666666
18465,low,1.0
18465,tail,1.0
18465,head,0.0
18465,agriculture,0.8333333333333334
18465,high,0.0
28097,non-ag,0.0
28097,low,1.0
28097,tail,0.6000000000000001
28097,head,0.4
28097,agriculture,1.0
28097,high,0.0
38870,non-ag,0.6153846153846154
38870,low,1.0
38870,tail,0.0
38870,head,1.0
38870,agriculture,0.3846153846153846
38870,high,0.0
24508,non-ag,0.8
24508,low,1.0
24508,tail,0.4
24508,head,0.6000000000000001
24508,agriculture,0.2
24508,high,0.0
34574,non-ag,0.8571428571428571
34574,low,1.0
34574,tail,0.1428571428571428
34574,head,0.8571428571428571
34574,agriculture,0.1428571428571428
34574,high,0.0
45314,non-ag,1.0
45314,low,1.0
45314,tail,0.4
45314,head,0.6000000000000001
45314,agriculture,0.0
45314,high,0.0
39927,non-ag,1.0
39927,low,1.0
39927,tail,0.2
39927,head,0.8
39927,agriculture,0.0
39927,high,0.0
43257,non-ag,0.8888888888888888
43257,low,1.0
43257,tail,0.0
43257,head,1.0
43257,agriculture,0.1111111111111111
43257,high,0.0
26884,non-ag,1.0
26884,low,1.0
26884,tail,0.1428571428571428
26884,head,0.8571428571428571
26884,agriculture,0.0
26884,high,0.0
25480,non-ag,1.0
25480,low,1.0
25480,tail,0.5
25480,head,0.5
25480,agriculture,0.0
25480,high,0.0
8302,non-ag,0.1333333333333333
8302,low,1.0
8302,tail,0.6666666666666666
8302,head,0.3333333333333333
8302,agriculture,0.8666666666666666
8302,high,0.0
32567,non-ag,0.8
32567,low,1.0
32567,tail,0.4
32567,head,0.6000000000000001
32567,agriculture,0.2
32567,high,0.0
14390,non-ag,1.0
14390,low,1.0
14390,tail,0.5
14390,head,0.5
14390,agriculture,0.0
14390,high,0.0
7729,non-ag,0.0
7729,low,1.0
7729,tail,0.75
7729,head,0.25
7729,agriculture,1.0
7729,high,0.0
22289,non-ag,1.0
22289,low,1.0
22289,tail,0.5555555555555556
22289,head,0.4444444444444444
22289,agriculture,0.0
22289,high,0.0
44716,non-ag,0.5
44716,low,1.0
44716,tail,0.3333333333333333
44716,head,0.6666666666666666
44716,agriculture,0.5
44716,high,0.0
20758,non-ag,1.0
20758,low,1.0
20758,tail,0.3571428571428571
20758,head,0.6428571428571429
20758,agriculture,0.0
20758,high,0.0
28940,non-ag,0.375
28940,low,1.0
28940,tail,0.125
28940,head,0.875
28940,agriculture,0.6250000000000001
28940,high,0.0
32992,non-ag,0.6000000000000001
32992,low,1.0
32992,tail,0.6000000000000001
32992,head,0.4
32992,agriculture,0.4
32992,high,0.0
18776,non-ag,1.0
18776,low,1.0
18776,tail,0.4
18776,head,0.6000000000000001
18776,agriculture,0.0
18776,high,0.0
38652,non-ag,1.0
38652,low,1.0
38652,tail,0.1
38652,head,0.9
38652,agriculture,0.0
38652,high,0.0
42265,non-ag,1.0
42265,low,1.0
42265,tail,0.1428571428571428
42265,head,0.8571428571428571
42265,agriculture,0.0
42265,high,0.0
23395,non-ag,1.0
23395,low,1.0
23395,tail,0.1428571428571428
23395,head,0.8571428571428571
23395,agriculture,0.0
23395,high,0.0
26792,non-ag,0.8999999999999999
26792,low,1.0
26792,tail,0.7
26792,head,0.3
26792,agriculture,0.1
26792,high,0.0
25377,non-ag,1.0
25377,low,1.0
25377,tail,0.0
25377,head,1.0
25377,agriculture,0.0
25377,high,0.0
26713,non-ag,1.0
26713,low,1.0
26713,tail,0.0
26713,head,1.0
26713,agriculture,0.0
26713,high,0.0
27661,non-ag,1.0
27661,low,1.0
27661,tail,0.0
27661,head,1.0
27661,agriculture,0.0
27661,high,0.0
29396,non-ag,1.0
29396,low,1.0
29396,tail,0.0
29396,head,1.0
29396,agriculture,0.0
29396,high,0.0
31612,non-ag,1.0
31612,low,1.0
31612,tail,0.0
31612,head,1.0
31612,agriculture,0.0
31612,high,0.0
13529,non-ag,1.0
13529,low,1.0
13529,tail,0.5
13529,head,0.5
13529,agriculture,0.0
13529,high,0.0
31860,non-ag,1.0
31860,low,1.0
31860,tail,0.0
31860,head,1.0
31860,agriculture,0.0
31860,high,0.0
32233,non-ag,1.0
32233,low,1.0
32233,tail,0.0
32233,head,1.0
32233,agriculture,0.0
32233,high,0.0
28090,non-ag,1.0
28090,low,1.0
28090,tail,0.5
28090,head,0.5
28090,agriculture,0.0
28090,high,0.0
37546,non-ag,1.0
37546,low,1.0
37546,tail,0.4
37546,head,0.6000000000000001
37546,agriculture,0.0
37546,high,0.0
19038,non-ag,0.6666666666666666
19038,low,1.0
19038,tail,0.888888888888889
19038,head,0.1111111111111111
19038,agriculture,0.3333333333333333
19038,high,0.0
6689,non-ag,0.2
6689,low,1.0
6689,tail,0.4
6689,head,0.6000000000000001
6689,agriculture,0.8
6689,high,0.0
25812,non-ag,1.0
25812,low,0.8
25812,tail,0.0
25812,head,1.0
25812,agriculture,0.0
25812,high,0.2
38199,non-ag,0.4
38199,low,1.0
38199,tail,0.2
38199,head,0.8
38199,agriculture,0.6000000000000001
38199,high,0.0
35231,non-ag,1.0
35231,low,1.0
35231,tail,0.2
35231,head,0.8
35231,agriculture,0.0
35231,high,0.0
19066,non-ag,1.0
19066,low,1.0
19066,tail,0.6000000000000001
19066,head,0.4
19066,agriculture,0.0
19066,high,0.0
13037,non-ag,0.1428571428571428
13037,low,1.0
13037,tail,0.5714285714285714
13037,head,0.4285714285714285
13037,agriculture,0.8571428571428571
13037,high,0.0
19916,non-ag,0.2499999999999999
19916,low,1.0
19916,tail,0.2499999999999999
19916,head,0.7499999999999999
19916,agriculture,0.7499999999999999
19916,high,0.0
24293,non-ag,1.0
24293,low,1.0
24293,tail,0.8333333333333334
24293,head,0.1666666666666666
24293,agriculture,0.0
24293,high,0.0
11353,non-ag,1.0
11353,low,1.0
11353,tail,0.4
11353,head,0.6000000000000001
11353,agriculture,0.0
11353,high,0.0
18946,non-ag,1.0
18946,low,1.0
18946,tail,0.8
18946,head,0.2
18946,agriculture,0.0
18946,high,0.0
31040,non-ag,0.4
31040,low,1.0
31040,tail,0.2
31040,head,0.8
31040,agriculture,0.6000000000000001
31040,high,0.0
29444,non-ag,0.1666666666666666
29444,low,1.0
29444,tail,0.0
29444,head,1.0
29444,agriculture,0.8333333333333334
29444,high,0.0
35799,non-ag,1.0
35799,low,1.0
35799,tail,0.7272727272727273
35799,head,0.2727272727272727
35799,agriculture,0.0
35799,high,0.0
36471,non-ag,1.0
36471,low,1.0
36471,tail,0.0
36471,head,1.0
36471,agriculture,0.0
36471,high,0.0
28619,non-ag,0.7500000000000001
28619,low,1.0
28619,tail,0.6250000000000001
28619,head,0.375
28619,agriculture,0.25
28619,high,0.0
26950,non-ag,0.8333333333333334
26950,low,1.0
26950,tail,0.1666666666666666
26950,head,0.8333333333333334
26950,agriculture,0.1666666666666666
26950,high,0.0
22467,non-ag,1.0
22467,low,1.0
22467,tail,0.25
22467,head,0.75
22467,agriculture,0.0
22467,high,0.0
32117,non-ag,1.0
32117,low,1.0
32117,tail,0.2
32117,head,0.8
32117,agriculture,0.0
32117,high,0.0
19506,non-ag,1.0
19506,low,1.0
19506,tail,1.0
19506,head,0.0
19506,agriculture,0.0
19506,high,0.0
34152,non-ag,1.0
34152,low,1.0
34152,tail,0.5
34152,head,0.5
34152,agriculture,0.0
34152,high,0.0
38664,non-ag,0.0
38664,low,1.0
38664,tail,0.0
38664,head,1.0
38664,agriculture,1.0
38664,high,0.0
41024,non-ag,1.0
41024,low,1.0
41024,tail,0.4
41024,head,0.6000000000000001
41024,agriculture,0.0
41024,high,0.0
38354,non-ag,0.8333333333333334
38354,low,1.0
38354,tail,0.5
38354,head,0.5
38354,agriculture,0.1666666666666666
38354,high,0.0
41319,non-ag,1.0
41319,low,1.0
41319,tail,0.2
41319,head,0.8
41319,agriculture,0.0
41319,high,0.0
28805,non-ag,1.0
28805,low,1.0
28805,tail,0.4
28805,head,0.6000000000000001
28805,agriculture,0.0
28805,high,0.0
37838,non-ag,0.6000000000000001
37838,low,1.0
37838,tail,0.2
37838,head,0.8
37838,agriculture,0.4
37838,high,0.0
40001,non-ag,1.0
40001,low,1.0
40001,tail,0.2
40001,head,0.8
40001,agriculture,0.0
40001,high,0.0
22391,non-ag,0.6000000000000001
22391,low,1.0
22391,tail,0.8
22391,head,0.2
22391,agriculture,0.4
22391,high,0.0
34378,non-ag,0.888888888888889
34378,low,1.0
34378,tail,0.6666666666666666
34378,head,0.3333333333333333
34378,agriculture,0.1111111111111111
34378,high,0.0
34246,non-ag,1.0
34246,low,1.0
34246,tail,0.5
34246,head,0.5
34246,agriculture,0.0
34246,high,0.0
30403,non-ag,1.0
30403,low,1.0
30403,tail,0.5714285714285714
30403,head,0.4285714285714285
30403,agriculture,0.0
30403,high,0.0
19855,non-ag,0.2
19855,low,1.0
19855,tail,0.2
19855,head,0.8
19855,agriculture,0.8
19855,high,0.0
30260,non-ag,1.0
30260,low,1.0
30260,tail,0.5
30260,head,0.5
30260,agriculture,0.0
30260,high,0.0
32967,non-ag,1.0
32967,low,1.0
32967,tail,0.4
32967,head,0.6000000000000001
32967,agriculture,0.0
32967,high,0.0
32368,non-ag,1.0
32368,low,1.0
32368,tail,0.6666666666666666
32368,head,0.3333333333333333
32368,agriculture,0.0
32368,high,0.0
42938,non-ag,1.0
42938,low,1.0
42938,tail,0.7142857142857143
42938,head,0.2857142857142857
42938,agriculture,0.0
42938,high,0.0
39980,non-ag,0.6000000000000001
39980,low,1.0
39980,tail,0.0
39980,head,1.0
39980,agriculture,0.4
39980,high,0.0
20947,non-ag,1.0
20947,low,0.8
20947,tail,0.0
20947,head,1.0
20947,agriculture,0.0
20947,high,0.2
24933,non-ag,0.2
24933,low,1.0
24933,tail,0.2
24933,head,0.8
24933,agriculture,0.8
24933,high,0.0
43307,non-ag,1.0
43307,low,1.0
43307,tail,0.0
43307,head,1.0
43307,agriculture,0.0
43307,high,0.0
23857,non-ag,1.0
23857,low,1.0
23857,tail,0.2
23857,head,0.8
23857,agriculture,0.0
23857,high,0.0
5543,non-ag,1.0
5543,low,1.0
5543,tail,0.4285714285714285
5543,head,0.5714285714285714
5543,agriculture,0.0
5543,high,0.0
38322,non-ag,0.6666666666666666
38322,low,0.8333333333333334
38322,tail,0.0
38322,head,1.0
38322,agriculture,0.3333333333333333
38322,high,0.1666666666666666
25161,non-ag,1.0
25161,low,1.0
25161,tail,0.0
25161,head,1.0
25161,agriculture,0.0
25161,high,0.0
41663,non-ag,1.0
41663,low,1.0
41663,tail,0.2
41663,head,0.8
41663,agriculture,0.0
41663,high,0.0
46307,non-ag,1.0
46307,low,0.875
46307,tail,0.5
46307,head,0.5
46307,agriculture,0.0
46307,high,0.125
25473,non-ag,1.0
25473,low,1.0
25473,tail,0.3214285714285714
25473,head,0.6785714285714286
25473,agriculture,0.0
25473,high,0.0
31157,non-ag,0.0
31157,low,1.0
31157,tail,0.6923076923076924
31157,head,0.3076923076923077
31157,agriculture,1.0
31157,high,0.0
28738,non-ag,1.0
28738,low,1.0
28738,tail,0.1666666666666666
28738,head,0.8333333333333334
28738,agriculture,0.0
28738,high,0.0
40474,non-ag,0.3
40474,low,1.0
40474,tail,0.1
40474,head,0.8999999999999999
40474,agriculture,0.7
40474,high,0.0
41707,non-ag,1.0
41707,low,0.6000000000000001
41707,tail,0.2
41707,head,0.8
41707,agriculture,0.0
41707,high,0.4
19632,non-ag,1.0
19632,low,0.9629629629629628
19632,tail,0.7407407407407408
19632,head,0.2592592592592592
19632,agriculture,0.0
19632,high,0.037037037037037
7177,non-ag,1.0
7177,low,1.0
7177,tail,0.5
7177,head,0.5
7177,agriculture,0.0
7177,high,0.0
7106,non-ag,1.0
7106,low,1.0
7106,tail,0.1428571428571428
7106,head,0.8571428571428571
7106,agriculture,0.0
7106,high,0.0
35227,non-ag,1.0
35227,low,1.0
35227,tail,0.0
35227,head,1.0
35227,agriculture,0.0
35227,high,0.0
29268,non-ag,0.8181818181818182
29268,low,1.0
29268,tail,0.3636363636363637
29268,head,0.6363636363636364
29268,agriculture,0.1818181818181818
29268,high,0.0
38697,non-ag,1.0
38697,low,1.0
38697,tail,0.8750000000000001
38697,head,0.125
38697,agriculture,0.0
38697,high,0.0
35173,non-ag,1.0
35173,low,1.0
35173,tail,0.8
35173,head,0.2
35173,agriculture,0.0
35173,high,0.0
29280,non-ag,1.0
29280,low,1.0
29280,tail,0.1666666666666666
29280,head,0.8333333333333334
29280,agriculture,0.0
29280,high,0.0
19300,non-ag,0.8333333333333333
19300,low,1.0
19300,tail,0.3333333333333332
19300,head,0.6666666666666667
19300,agriculture,0.1666666666666666
19300,high,0.0
33718,non-ag,0.5384615384615384
33718,low,1.0
33718,tail,0.3846153846153846
33718,head,0.6153846153846154
33718,agriculture,0.4615384615384616
33718,high,0.0
35395,non-ag,1.0
35395,low,1.0
35395,tail,0.5
35395,head,0.5
35395,agriculture,0.0
35395,high,0.0
17464,non-ag,0.125
17464,low,1.0
17464,tail,0.375
17464,head,0.6250000000000001
17464,agriculture,0.875
17464,high,0.0
43265,non-ag,0.7500000000000001
43265,low,1.0
43265,tail,0.25
43265,head,0.7500000000000001
43265,agriculture,0.25
43265,high,0.0
21604,non-ag,0.6666666666666667
21604,low,1.0
21604,tail,0.3333333333333333
21604,head,0.6666666666666667
21604,agriculture,0.3333333333333333
21604,high,0.0
13189,non-ag,1.0
13189,low,0.8
13189,tail,0.0
13189,head,1.0
13189,agriculture,0.0
13189,high,0.2
32772,non-ag,1.0
32772,low,1.0
32772,tail,0.1428571428571428
32772,head,0.8571428571428571
32772,agriculture,0.0
32772,high,0.0
26088,non-ag,1.0
26088,low,1.0
26088,tail,0.6000000000000001
26088,head,0.4
26088,agriculture,0.0
26088,high,0.0
8288,non-ag,1.0
8288,low,1.0
8288,tail,0.7916666666666667
8288,head,0.2083333333333333
8288,agriculture,0.0
8288,high,0.0
21980,non-ag,1.0
21980,low,1.0
21980,tail,0.375
21980,head,0.6250000000000001
21980,agriculture,0.0
21980,high,0.0
26134,non-ag,1.0
26134,low,1.0
26134,tail,0.8571428571428571
26134,head,0.1428571428571428
26134,agriculture,0.0
26134,high,0.0
16343,non-ag,1.0
16343,low,1.0
16343,tail,0.4285714285714285
16343,head,0.5714285714285714
16343,agriculture,0.0
16343,high,0.0
22105,non-ag,1.0
22105,low,1.0
22105,tail,0.8
22105,head,0.2
22105,agriculture,0.0
22105,high,0.0
39855,non-ag,0.7272727272727274
39855,low,1.0
39855,tail,0.3181818181818182
39855,head,0.6818181818181818
39855,agriculture,0.2727272727272727
39855,high,0.0
9034,non-ag,1.0
9034,low,1.0
9034,tail,0.7777777777777778
9034,head,0.2222222222222222
9034,agriculture,0.0
9034,high,0.0
36254,non-ag,1.0
36254,low,1.0
36254,tail,0.2
36254,head,0.8
36254,agriculture,0.0
36254,high,0.0
11584,non-ag,0.6470588235294118
11584,low,1.0
11584,tail,0.7058823529411764
11584,head,0.2941176470588235
11584,agriculture,0.3529411764705882
11584,high,0.0
23823,non-ag,0.4166666666666667
23823,low,1.0
23823,tail,0.7500000000000001
23823,head,0.25
23823,agriculture,0.5833333333333334
23823,high,0.0
32202,non-ag,0.875
32202,low,1.0
32202,tail,0.125
32202,head,0.875
32202,agriculture,0.125
32202,high,0.0
3680,non-ag,1.0
3680,low,1.0
3680,tail,0.4
3680,head,0.6000000000000001
3680,agriculture,0.0
3680,high,0.0
46242,non-ag,0.6666666666666666
46242,low,1.0
46242,tail,0.0
46242,head,1.0
46242,agriculture,0.3333333333333333
46242,high,0.0
46944,non-ag,0.0
46944,low,1.0
46944,tail,0.3333333333333333
46944,head,0.6666666666666666
46944,agriculture,1.0
46944,high,0.0
43477,non-ag,0.8571428571428571
43477,low,1.0
43477,tail,0.0
43477,head,1.0
43477,agriculture,0.1428571428571428
43477,high,0.0
46059,non-ag,0.6250000000000001
46059,low,1.0
46059,tail,0.25
46059,head,0.7500000000000001
46059,agriculture,0.375
46059,high,0.0
31539,non-ag,0.1428571428571428
31539,low,1.0
31539,tail,0.7142857142857142
31539,head,0.2857142857142857
31539,agriculture,0.8571428571428571
31539,high,0.0
22222,non-ag,1.0
22222,low,0.5
22222,tail,0.1666666666666666
22222,head,0.8333333333333334
22222,agriculture,0.0
22222,high,0.5
34987,non-ag,1.0
34987,low,0.6666666666666666
34987,tail,0.1666666666666666
34987,head,0.8333333333333334
34987,agriculture,0.0
34987,high,0.3333333333333333
37455,non-ag,0.6666666666666666
37455,low,1.0
37455,tail,0.1111111111111111
37455,head,0.888888888888889
37455,agriculture,0.3333333333333333
37455,high,0.0
38792,non-ag,0.7500000000000001
38792,low,1.0
38792,tail,0.25
38792,head,0.7500000000000001
38792,agriculture,0.25
38792,high,0.0
38015,non-ag,1.0
38015,low,1.0
38015,tail,0.8
38015,head,0.2
38015,agriculture,0.0
38015,high,0.0
31741,non-ag,0.6666666666666666
31741,low,1.0
31741,tail,0.5
31741,head,0.5
31741,agriculture,0.3333333333333333
31741,high,0.0
16418,non-ag,0.3333333333333333
16418,low,1.0
16418,tail,0.8333333333333334
16418,head,0.1666666666666666
16418,agriculture,0.6666666666666666
16418,high,0.0
29430,non-ag,1.0
29430,low,0.9285714285714286
29430,tail,0.0
29430,head,1.0
29430,agriculture,0.0
29430,high,0.0714285714285714
42332,non-ag,1.0
42332,low,1.0
42332,tail,0.4285714285714285
42332,head,0.5714285714285714
42332,agriculture,0.0
42332,high,0.0
44882,non-ag,1.0
44882,low,0.6666666666666667
44882,tail,0.0
44882,head,1.0
44882,agriculture,0.0
44882,high,0.3333333333333333
31089,non-ag,1.0
31089,low,1.0
31089,tail,0.6666666666666666
31089,head,0.3333333333333333
31089,agriculture,0.0
31089,high,0.0
27168,non-ag,1.0
27168,low,1.0
27168,tail,0.0
27168,head,1.0
27168,agriculture,0.0
27168,high,0.0
23431,non-ag,1.0
23431,low,1.0
23431,tail,0.8
23431,head,0.2
23431,agriculture,0.0
23431,high,0.0
39143,non-ag,1.0
39143,low,1.0
39143,tail,0.5714285714285714
39143,head,0.4285714285714285
39143,agriculture,0.0
39143,high,0.0
23435,non-ag,1.0
23435,low,1.0
23435,tail,0.4
23435,head,0.6000000000000001
23435,agriculture,0.0
23435,high,0.0
45864,non-ag,0.7368421052631579
45864,low,1.0
45864,tail,0.0526315789473684
45864,head,0.9473684210526316
45864,agriculture,0.2631578947368421
45864,high,0.0
23464,non-ag,1.0
23464,low,1.0
23464,tail,0.8571428571428571
23464,head,0.1428571428571428
23464,agriculture,0.0
23464,high,0.0
48397,non-ag,1.0
48397,low,0.8
48397,tail,0.3
48397,head,0.7
48397,agriculture,0.0
48397,high,0.2
32089,non-ag,0.8333333333333334
32089,low,1.0
32089,tail,0.1666666666666666
32089,head,0.8333333333333334
32089,agriculture,0.1666666666666666
32089,high,0.0
40010,non-ag,0.8
40010,low,1.0
40010,tail,0.6000000000000001
40010,head,0.4
40010,agriculture,0.2
40010,high,0.0
9317,non-ag,1.0
9317,low,1.0
9317,tail,0.45
9317,head,0.55
9317,agriculture,0.0
9317,high,0.0
43439,non-ag,1.0
43439,low,1.0
43439,tail,0.6666666666666666
43439,head,0.3333333333333333
43439,agriculture,0.0
43439,high,0.0
44329,non-ag,1.0
44329,low,1.0
44329,tail,0.375
44329,head,0.6250000000000001
44329,agriculture,0.0
44329,high,0.0
31519,non-ag,1.0
31519,low,1.0
31519,tail,0.3333333333333333
31519,head,0.6666666666666666
31519,agriculture,0.0
31519,high,0.0
37100,non-ag,1.0
37100,low,1.0
37100,tail,0.6000000000000001
37100,head,0.4
37100,agriculture,0.0
37100,high,0.0
27490,non-ag,1.0
27490,low,1.0
27490,tail,0.75
27490,head,0.25
27490,agriculture,0.0
27490,high,0.0
43084,non-ag,0.875
43084,low,1.0
43084,tail,0.5
43084,head,0.5
43084,agriculture,0.125
43084,high,0.0
43548,non-ag,1.0
43548,low,1.0
43548,tail,0.1
43548,head,0.9
43548,agriculture,0.0
43548,high,0.0
31264,non-ag,1.0
31264,low,1.0
31264,tail,0.3333333333333333
31264,head,0.6666666666666666
31264,agriculture,0.0
31264,high,0.0
34834,non-ag,1.0
34834,low,1.0
34834,tail,0.6000000000000001
34834,head,0.4
34834,agriculture,0.0
34834,high,0.0
16256,non-ag,1.0
16256,low,1.0
16256,tail,0.0
16256,head,1.0
16256,agriculture,0.0
16256,high,0.0
37727,non-ag,0.3333333333333333
37727,low,0.8333333333333334
37727,tail,0.0
37727,head,1.0
37727,agriculture,0.6666666666666666
37727,high,0.1666666666666666
2825,non-ag,1.0
2825,low,1.0
2825,tail,0.6000000000000001
2825,head,0.4
2825,agriculture,0.0
2825,high,0.0
25515,non-ag,1.0
25515,low,1.0
25515,tail,0.2
25515,head,0.8
25515,agriculture,0.0
25515,high,0.0
45516,non-ag,1.0
45516,low,0.7777777777777777
45516,tail,0.3333333333333333
45516,head,0.6666666666666666
45516,agriculture,0.0
45516,high,0.2222222222222222
48428,non-ag,1.0
48428,low,0.875
48428,tail,0.125
48428,head,0.875
48428,agriculture,0.0
48428,high,0.125
38392,non-ag,0.2
38392,low,1.0
38392,tail,0.2
38392,head,0.8
38392,agriculture,0.8
38392,high,0.0
31698,non-ag,1.0
31698,low,1.0
31698,tail,0.4375
31698,head,0.5625
31698,agriculture,0.0
31698,high,0.0
1960,non-ag,1.0
1960,low,0.9444444444444444
1960,tail,0.3333333333333333
1960,head,0.6666666666666666
1960,agriculture,0.0
1960,high,0.0555555555555555
33853,non-ag,1.0
33853,low,0.6000000000000001
33853,tail,0.4
33853,head,0.6000000000000001
33853,agriculture,0.0
33853,high,0.4
42893,non-ag,0.0
42893,low,1.0
42893,tail,0.6000000000000001
42893,head,0.4
42893,agriculture,1.0
42893,high,0.0
41188,non-ag,0.6000000000000001
41188,low,1.0
41188,tail,0.2
41188,head,0.8
41188,agriculture,0.4
41188,high,0.0
39358,non-ag,0.6000000000000001
39358,low,1.0
39358,tail,0.2
39358,head,0.8
39358,agriculture,0.4
39358,high,0.0
8551,non-ag,1.0
8551,low,1.0
8551,tail,0.2
8551,head,0.8
8551,agriculture,0.0
8551,high,0.0
43866,non-ag,0.8571428571428571
43866,low,1.0
43866,tail,0.5714285714285714
43866,head,0.4285714285714285
43866,agriculture,0.1428571428571428
43866,high,0.0
31674,non-ag,1.0
31674,low,1.0
31674,tail,0.4
31674,head,0.6000000000000001
31674,agriculture,0.0
31674,high,0.0
33731,non-ag,1.0
33731,low,0.875
33731,tail,0.125
33731,head,0.875
33731,agriculture,0.0
33731,high,0.125
33488,non-ag,1.0
33488,low,1.0
33488,tail,0.5833333333333334
33488,head,0.4166666666666667
33488,agriculture,0.0
33488,high,0.0
41894,non-ag,0.6000000000000001
41894,low,1.0
41894,tail,0.0
41894,head,1.0
41894,agriculture,0.4
41894,high,0.0
31111,non-ag,1.0
31111,low,1.0
31111,tail,0.6585365853658537
31111,head,0.3414634146341463
31111,agriculture,0.0
31111,high,0.0
16055,non-ag,1.0
16055,low,1.0
16055,tail,0.0
16055,head,1.0
16055,agriculture,0.0
16055,high,0.0
35796,non-ag,1.0
35796,low,1.0
35796,tail,0.2727272727272727
35796,head,0.7272727272727273
35796,agriculture,0.0
35796,high,0.0
35430,non-ag,1.0
35430,low,0.5
35430,tail,0.0
35430,head,1.0
35430,agriculture,0.0
35430,high,0.5
42290,non-ag,0.8
42290,low,1.0
42290,tail,0.8
42290,head,0.2
42290,agriculture,0.2
42290,high,0.0
43925,non-ag,1.0
43925,low,1.0
43925,tail,0.1666666666666666
43925,head,0.8333333333333334
43925,agriculture,0.0
43925,high,0.0
38400,non-ag,1.0
38400,low,0.8571428571428571
38400,tail,0.0
38400,head,1.0
38400,agriculture,0.0
38400,high,0.1428571428571428
48133,non-ag,0.9166666666666669
48133,low,1.0
48133,tail,0.5833333333333334
48133,head,0.4166666666666667
48133,agriculture,0.0833333333333333
48133,high,0.0
28156,non-ag,1.0
28156,low,1.0
28156,tail,0.6000000000000001
28156,head,0.4
28156,agriculture,0.0
28156,high,0.0
25388,non-ag,0.6666666666666669
25388,low,1.0
25388,tail,0.5238095238095238
25388,head,0.4761904761904762
25388,agriculture,0.3333333333333333
25388,high,0.0
34622,non-ag,0.8333333333333334
34622,low,1.0
34622,tail,0.3333333333333333
34622,head,0.6666666666666666
34622,agriculture,0.1666666666666666
34622,high,0.0
40234,non-ag,0.0
40234,low,1.0
40234,tail,0.0
40234,head,1.0
40234,agriculture,1.0
40234,high,0.0
1646,non-ag,0.8333333333333334
1646,low,1.0
1646,tail,0.1666666666666666
1646,head,0.8333333333333334
1646,agriculture,0.1666666666666666
1646,high,0.0
39420,non-ag,0.6000000000000001
39420,low,1.0
39420,tail,0.2
39420,head,0.8
39420,agriculture,0.4
39420,high,0.0
20692,non-ag,1.0
20692,low,1.0
20692,tail,0.6470588235294118
20692,head,0.3529411764705882
20692,agriculture,0.0
20692,high,0.0
20135,non-ag,1.0
20135,low,1.0
20135,tail,0.0
20135,head,1.0
20135,agriculture,0.0
20135,high,0.0
46114,non-ag,0.0
46114,low,1.0
46114,tail,0.6000000000000001
46114,head,0.4
46114,agriculture,1.0
46114,high,0.0
49628,non-ag,1.0
49628,low,0.9411764705882354
49628,tail,0.6470588235294118
49628,head,0.3529411764705882
49628,agriculture,0.0
49628,high,0.0588235294117647
37700,non-ag,0.888888888888889
37700,low,1.0
37700,tail,0.2222222222222222
37700,head,0.7777777777777777
37700,agriculture,0.1111111111111111
37700,high,0.0
32655,non-ag,1.0
32655,low,1.0
32655,tail,0.0
32655,head,1.0
32655,agriculture,0.0
32655,high,0.0
29503,non-ag,1.0
29503,low,1.0
29503,tail,0.5
29503,head,0.5
29503,agriculture,0.0
29503,high,0.0
21378,non-ag,1.0
21378,low,1.0
21378,tail,0.0
21378,head,1.0
21378,agriculture,0.0
21378,high,0.0
37128,non-ag,1.0
37128,low,1.0
37128,tail,0.5555555555555556
37128,head,0.4444444444444444
37128,agriculture,0.0
37128,high,0.0
45869,non-ag,0.8333333333333334
45869,low,1.0
45869,tail,0.8333333333333334
45869,head,0.1666666666666666
45869,agriculture,0.1666666666666666
45869,high,0.0
26791,non-ag,1.0
26791,low,1.0
26791,tail,0.8333333333333334
26791,head,0.1666666666666666
26791,agriculture,0.0
26791,high,0.0
44985,non-ag,1.0
44985,low,1.0
44985,tail,0.0
44985,head,1.0
44985,agriculture,0.0
44985,high,0.0
38068,non-ag,1.0
38068,low,0.9
38068,tail,0.0
38068,head,1.0
38068,agriculture,0.0
38068,high,0.1
39273,non-ag,1.0
39273,low,0.6363636363636364
39273,tail,0.0909090909090909
39273,head,0.9090909090909092
39273,agriculture,0.0
39273,high,0.3636363636363637
37336,non-ag,1.0
37336,low,0.8571428571428571
37336,tail,0.5714285714285714
37336,head,0.4285714285714285
37336,agriculture,0.0
37336,high,0.1428571428571428
48434,non-ag,1.0
48434,low,0.6666666666666666
48434,tail,0.3333333333333333
48434,head,0.6666666666666666
48434,agriculture,0.0
48434,high,0.3333333333333333
36780,non-ag,0.6000000000000001
36780,low,1.0
36780,tail,0.0
36780,head,1.0
36780,agriculture,0.4
36780,high,0.0
37845,non-ag,1.0
37845,low,1.0
37845,tail,0.4444444444444444
37845,head,0.5555555555555556
37845,agriculture,0.0
37845,high,0.0
38488,non-ag,1.0
38488,low,1.0
38488,tail,0.5
38488,head,0.5
38488,agriculture,0.0
38488,high,0.0
30901,non-ag,0.0
30901,low,1.0
30901,tail,0.6000000000000001
30901,head,0.4
30901,agriculture,1.0
30901,high,0.0
27354,non-ag,1.0
27354,low,1.0
27354,tail,1.0
27354,head,0.0
27354,agriculture,0.0
27354,high,0.0
38966,non-ag,0.9230769230769232
38966,low,1.0
38966,tail,0.9230769230769232
38966,head,0.0769230769230769
38966,agriculture,0.0769230769230769
38966,high,0.0
32001,non-ag,0.9090909090909092
32001,low,1.0
32001,tail,0.7272727272727274
32001,head,0.2727272727272727
32001,agriculture,0.0909090909090909
32001,high,0.0
45336,non-ag,1.0
45336,low,1.0
45336,tail,0.6923076923076924
45336,head,0.3076923076923077
45336,agriculture,0.0
45336,high,0.0
49181,non-ag,1.0
49181,low,1.0
49181,tail,0.8750000000000001
49181,head,0.125
49181,agriculture,0.0
49181,high,0.0
36435,non-ag,1.0
36435,low,0.8
36435,tail,0.0
36435,head,1.0
36435,agriculture,0.0
36435,high,0.2
28125,non-ag,1.0
28125,low,1.0
28125,tail,0.4
28125,head,0.6000000000000001
28125,agriculture,0.0
28125,high,0.0
46988,non-ag,1.0
46988,low,1.0
46988,tail,0.6451612903225806
46988,head,0.3548387096774192
46988,agriculture,0.0
46988,high,0.0
35925,non-ag,1.0
35925,low,1.0
35925,tail,0.2857142857142857
35925,head,0.7142857142857143
35925,agriculture,0.0
35925,high,0.0
45170,non-ag,1.0
45170,low,0.0
45170,tail,0.0
45170,head,1.0
45170,agriculture,0.0
45170,high,1.0
45905,non-ag,1.0
45905,low,0.0
45905,tail,0.0
45905,head,1.0
45905,agriculture,0.0
45905,high,1.0
43407,non-ag,1.0
43407,low,1.0
43407,tail,0.1666666666666666
43407,head,0.8333333333333334
43407,agriculture,0.0
43407,high,0.0
39158,non-ag,0.8
39158,low,1.0
39158,tail,0.4
39158,head,0.6000000000000001
39158,agriculture,0.2
39158,high,0.0
47289,non-ag,1.0
47289,low,0.8
47289,tail,0.6000000000000001
47289,head,0.4
47289,agriculture,0.0
47289,high,0.2
46955,non-ag,1.0
46955,low,0.8333333333333334
46955,tail,0.6666666666666666
46955,head,0.3333333333333333
46955,agriculture,0.0
46955,high,0.1666666666666666
35514,non-ag,1.0
35514,low,1.0
35514,tail,0.2
35514,head,0.8
35514,agriculture,0.0
35514,high,0.0
47302,non-ag,1.0
47302,low,1.0
47302,tail,0.2
47302,head,0.8
47302,agriculture,0.0
47302,high,0.0
32855,non-ag,1.0
32855,low,1.0
32855,tail,0.5714285714285714
32855,head,0.4285714285714285
32855,agriculture,0.0
32855,high,0.0
32490,non-ag,0.4285714285714285
32490,low,1.0
32490,tail,0.4285714285714285
32490,head,0.5714285714285714
32490,agriculture,0.5714285714285714
32490,high,0.0
39015,non-ag,1.0
39015,low,0.8
39015,tail,0.2
39015,head,0.8
39015,agriculture,0.0
39015,high,0.2
46530,non-ag,1.0
46530,low,0.875
46530,tail,0.6666666666666666
46530,head,0.3333333333333333
46530,agriculture,0.0
46530,high,0.125
49467,non-ag,1.0
49467,low,0.8
49467,tail,0.4
49467,head,0.6000000000000001
49467,agriculture,0.0
49467,high,0.2
37036,non-ag,1.0
37036,low,1.0
37036,tail,0.1666666666666666
37036,head,0.8333333333333334
37036,agriculture,0.0
37036,high,0.0
44853,non-ag,0.3333333333333333
44853,low,1.0
44853,tail,0.5555555555555556
44853,head,0.4444444444444445
44853,agriculture,0.6666666666666666
44853,high,0.0
48195,non-ag,0.7777777777777777
48195,low,1.0
48195,tail,0.4444444444444445
48195,head,0.5555555555555556
48195,agriculture,0.2222222222222222
48195,high,0.0
41738,non-ag,1.0
41738,low,1.0
41738,tail,0.6666666666666667
41738,head,0.3333333333333333
41738,agriculture,0.0
41738,high,0.0
47992,non-ag,1.0
47992,low,1.0
47992,tail,0.0
47992,head,1.0
47992,agriculture,0.0
47992,high,0.0
48499,non-ag,1.0
48499,low,1.0
48499,tail,0.5
48499,head,0.5
48499,agriculture,0.0
48499,high,0.0
48716,non-ag,1.0
48716,low,1.0
48716,tail,0.375
48716,head,0.6250000000000001
48716,agriculture,0.0
48716,high,0.0
21289,non-ag,0.8
21289,low,1.0
21289,tail,0.6000000000000001
21289,head,0.4
21289,agriculture,0.2
21289,high,0.0
46252,non-ag,0.5
46252,low,1.0
46252,tail,0.8333333333333334
46252,head,0.1666666666666666
46252,agriculture,0.5
46252,high,0.0
13071,non-ag,0.8333333333333334
13071,low,1.0
13071,tail,0.3333333333333333
13071,head,0.6666666666666666
13071,agriculture,0.1666666666666666
13071,high,0.0
33622,non-ag,1.0
33622,low,1.0
33622,tail,0.4
33622,head,0.6000000000000001
33622,agriculture,0.0
33622,high,0.0
37460,non-ag,1.0
37460,low,1.0
37460,tail,0.4
37460,head,0.6000000000000001
37460,agriculture,0.0
37460,high,0.0
48455,non-ag,0.7500000000000001
48455,low,1.0
48455,tail,0.25
48455,head,0.7500000000000001
48455,agriculture,0.25
48455,high,0.0
33597,non-ag,0.8
33597,low,1.0
33597,tail,0.2
33597,head,0.8
33597,agriculture,0.2
33597,high,0.0
40297,non-ag,1.0
40297,low,1.0
40297,tail,0.2
40297,head,0.8
40297,agriculture,0.0
40297,high,0.0
30092,non-ag,1.0
30092,low,1.0
30092,tail,0.7777777777777778
30092,head,0.2222222222222222
30092,agriculture,0.0
30092,high,0.0
44188,non-ag,0.0
44188,low,1.0
44188,tail,0.2
44188,head,0.8
44188,agriculture,1.0
44188,high,0.0
36028,non-ag,0.6666666666666666
36028,low,1.0
36028,tail,0.0
36028,head,1.0
36028,agriculture,0.3333333333333333
36028,high,0.0
13919,non-ag,1.0
13919,low,1.0
13919,tail,0.6206896551724138
13919,head,0.3793103448275862
13919,agriculture,0.0
13919,high,0.0
48856,non-ag,0.8333333333333336
48856,low,1.0
48856,tail,0.5000000000000001
48856,head,0.5000000000000001
48856,agriculture,0.1666666666666667
48856,high,0.0
21705,non-ag,1.0
21705,low,0.6250000000000001
21705,tail,0.125
21705,head,0.875
21705,agriculture,0.0
21705,high,0.375
29781,non-ag,0.8333333333333334
29781,low,1.0
29781,tail,0.5
29781,head,0.5
29781,agriculture,0.1666666666666666
29781,high,0.0
47685,non-ag,0.6250000000000001
47685,low,1.0
47685,tail,0.25
47685,head,0.7500000000000001
47685,agriculture,0.375
47685,high,0.0
47999,non-ag,1.0
47999,low,1.0
47999,tail,0.4285714285714285
47999,head,0.5714285714285714
47999,agriculture,0.0
47999,high,0.0
46852,non-ag,1.0
46852,low,0.7777777777777777
46852,tail,0.3333333333333333
46852,head,0.6666666666666666
46852,agriculture,0.0
46852,high,0.2222222222222222
31757,non-ag,0.0
31757,low,1.0
31757,tail,0.8
31757,head,0.2
31757,agriculture,1.0
31757,high,0.0
45814,non-ag,0.9183673469387756
45814,low,1.0
45814,tail,0.5714285714285714
45814,head,0.4285714285714285
45814,agriculture,0.0816326530612244
45814,high,0.0
42870,non-ag,1.0
42870,low,1.0
42870,tail,0.5
42870,head,0.5
42870,agriculture,0.0
42870,high,0.0
31720,non-ag,1.0
31720,low,1.0
31720,tail,0.8
31720,head,0.2
31720,agriculture,0.0
31720,high,0.0
34841,non-ag,0.1666666666666666
34841,low,1.0
34841,tail,0.6666666666666666
34841,head,0.3333333333333333
34841,agriculture,0.8333333333333334
34841,high,0.0
39838,non-ag,1.0
39838,low,0.8333333333333334
39838,tail,0.5555555555555556
39838,head,0.4444444444444445
39838,agriculture,0.0
39838,high,0.1666666666666666
46075,non-ag,1.0
46075,low,0.95
46075,tail,0.4
46075,head,0.6000000000000001
46075,agriculture,0.0
46075,high,0.05
46047,non-ag,1.0
46047,low,1.0
46047,tail,0.8
46047,head,0.2
46047,agriculture,0.0
46047,high,0.0
45296,non-ag,1.0
45296,low,1.0
45296,tail,0.5
45296,head,0.5
45296,agriculture,0.0
45296,high,0.0
49374,non-ag,1.0
49374,low,1.0
49374,tail,0.4
49374,head,0.6000000000000001
49374,agriculture,0.0
49374,high,0.0
41305,non-ag,1.0
41305,low,1.0
41305,tail,0.8
41305,head,0.2
41305,agriculture,0.0
41305,high,0.0
48729,non-ag,0.6000000000000001
48729,low,1.0
48729,tail,0.4
48729,head,0.6000000000000001
48729,agriculture,0.4
48729,high,0.0
48656,non-ag,1.0
48656,low,0.7500000000000001
48656,tail,0.125
48656,head,0.875
48656,agriculture,0.0
48656,high,0.25
46317,non-ag,1.0
46317,low,1.0
46317,tail,0.75
46317,head,0.25
46317,agriculture,0.0
46317,high,0.0
36787,non-ag,0.8
36787,low,1.0
36787,tail,0.6000000000000001
36787,head,0.4
36787,agriculture,0.2
36787,high,0.0
14954,non-ag,0.7333333333333333
14954,low,1.0
14954,tail,0.6000000000000001
14954,head,0.4
14954,agriculture,0.2666666666666666
14954,high,0.0
11475,non-ag,1.0
11475,low,1.0
11475,tail,0.7000000000000001
11475,head,0.3
11475,agriculture,0.0
11475,high,0.0
41480,non-ag,0.8
41480,low,1.0
41480,tail,0.2
41480,head,0.8
41480,agriculture,0.2
41480,high,0.0
35314,non-ag,0.8
35314,low,1.0
35314,tail,0.6000000000000001
35314,head,0.4
35314,agriculture,0.2
35314,high,0.0
32067,non-ag,0.1666666666666666
32067,low,1.0
32067,tail,0.5
32067,head,0.5
32067,agriculture,0.8333333333333334
32067,high,0.0
46633,non-ag,0.8
46633,low,1.0
46633,tail,0.6000000000000001
46633,head,0.4
46633,agriculture,0.2
46633,high,0.0
36225,non-ag,0.4
36225,low,1.0
36225,tail,0.6000000000000001
36225,head,0.4
36225,agriculture,0.6000000000000001
36225,high,0.0
6730,non-ag,1.0
6730,low,0.8999999999999999
6730,tail,0.6000000000000001
6730,head,0.4
6730,agriculture,0.0
6730,high,0.1
32393,non-ag,1.0
32393,low,1.0
32393,tail,0.8
32393,head,0.2
32393,agriculture,0.0
32393,high,0.0
1379,non-ag,1.0
1379,low,1.0
1379,tail,0.3333333333333333
1379,head,0.6666666666666667
1379,agriculture,0.0
1379,high,0.0
40613,non-ag,1.0
40613,low,1.0
40613,tail,0.2
40613,head,0.8
40613,agriculture,0.0
40613,high,0.0
34217,non-ag,1.0
34217,low,1.0
34217,tail,0.0
34217,head,1.0
34217,agriculture,0.0
34217,high,0.0
41065,non-ag,1.0
41065,low,0.8
41065,tail,0.2
41065,head,0.8
41065,agriculture,0.0
41065,high,0.2
37743,non-ag,1.0
37743,low,1.0
37743,tail,0.5
37743,head,0.5
37743,agriculture,0.0
37743,high,0.0
47759,non-ag,1.0
47759,low,1.0
47759,tail,0.0
47759,head,1.0
47759,agriculture,0.0
47759,high,0.0
28451,non-ag,1.0
28451,low,1.0
28451,tail,0.6666666666666666
28451,head,0.3333333333333333
28451,agriculture,0.0
28451,high,0.0
41190,non-ag,0.5555555555555556
41190,low,1.0
41190,tail,0.5555555555555556
41190,head,0.4444444444444445
41190,agriculture,0.4444444444444445
41190,high,0.0
40754,non-ag,1.0
40754,low,1.0
40754,tail,0.1666666666666666
40754,head,0.8333333333333334
40754,agriculture,0.0
40754,high,0.0
39122,non-ag,0.875
39122,low,1.0
39122,tail,0.6250000000000001
39122,head,0.375
39122,agriculture,0.125
39122,high,0.0
38973,non-ag,0.8
38973,low,1.0
38973,tail,0.8
38973,head,0.2
38973,agriculture,0.2
38973,high,0.0
47220,non-ag,1.0
47220,low,1.0
47220,tail,0.5
47220,head,0.5
47220,agriculture,0.0
47220,high,0.0
41893,non-ag,1.0
41893,low,1.0
41893,tail,0.6000000000000001
41893,head,0.4
41893,agriculture,0.0
41893,high,0.0
48079,non-ag,0.6666666666666666
48079,low,1.0
48079,tail,0.1666666666666666
48079,head,0.8333333333333334
48079,agriculture,0.3333333333333333
48079,high,0.0
34364,non-ag,0.8888888888888888
34364,low,1.0
34364,tail,1.0
34364,head,0.0
34364,agriculture,0.1111111111111111
34364,high,0.0
48549,non-ag,1.0
48549,low,1.0
48549,tail,0.3333333333333333
48549,head,0.6666666666666666
48549,agriculture,0.0
48549,high,0.0
47384,non-ag,1.0
47384,low,0.8571428571428571
47384,tail,0.1428571428571428
47384,head,0.8571428571428571
47384,agriculture,0.0
47384,high,0.1428571428571428
40207,non-ag,0.8333333333333334
40207,low,1.0
40207,tail,0.3333333333333333
40207,head,0.6666666666666666
40207,agriculture,0.1666666666666666
40207,high,0.0
34596,non-ag,0.7142857142857143
34596,low,1.0
34596,tail,1.0
34596,head,0.0
34596,agriculture,0.2857142857142857
34596,high,0.0
48348,non-ag,0.9166666666666669
48348,low,1.0
48348,tail,0.7500000000000001
48348,head,0.25
48348,agriculture,0.0833333333333333
48348,high,0.0
42579,non-ag,1.0
42579,low,1.0
42579,tail,0.8333333333333334
42579,head,0.1666666666666666
42579,agriculture,0.0
42579,high,0.0
35400,non-ag,1.0
35400,low,1.0
35400,tail,0.8947368421052632
35400,head,0.1052631578947368
35400,agriculture,0.0
35400,high,0.0
35213,non-ag,1.0
35213,low,0.8
35213,tail,0.4
35213,head,0.6000000000000001
35213,agriculture,0.0
35213,high,0.2
49007,non-ag,1.0
49007,low,1.0
49007,tail,0.6000000000000001
49007,head,0.4
49007,agriculture,0.0
49007,high,0.0
35211,non-ag,0.3333333333333333
35211,low,1.0
35211,tail,0.6666666666666666
35211,head,0.3333333333333333
35211,agriculture,0.6666666666666666
35211,high,0.0
46212,non-ag,1.0
46212,low,1.0
46212,tail,0.2
46212,head,0.8
46212,agriculture,0.0
46212,high,0.0
39858,non-ag,1.0
39858,low,0.7499999999999999
39858,tail,0.0
39858,head,1.0
39858,agriculture,0.0
39858,high,0.2499999999999999
48851,non-ag,1.0
48851,low,0.8571428571428571
48851,tail,0.1428571428571428
48851,head,0.8571428571428571
48851,agriculture,0.0
48851,high,0.1428571428571428
16718,non-ag,0.8333333333333334
16718,low,1.0
16718,tail,0.5
16718,head,0.5
16718,agriculture,0.1666666666666666
16718,high,0.0
24903,non-ag,1.0
24903,low,0.0
24903,tail,0.0
24903,head,1.0
24903,agriculture,0.0
24903,high,1.0
49190,non-ag,0.8999999999999999
49190,low,1.0
49190,tail,0.4
49190,head,0.6000000000000001
49190,agriculture,0.1
49190,high,0.0
49414,non-ag,1.0
49414,low,1.0
49414,tail,0.4285714285714285
49414,head,0.5714285714285714
49414,agriculture,0.0
49414,high,0.0
49254,non-ag,1.0
49254,low,1.0
49254,tail,0.0
49254,head,1.0
49254,agriculture,0.0
49254,high,0.0
27756,non-ag,1.0
27756,low,1.0
27756,tail,0.5555555555555556
27756,head,0.4444444444444444
27756,agriculture,0.0
27756,high,0.0
39460,non-ag,1.0
39460,low,1.0
39460,tail,0.0
39460,head,1.0
39460,agriculture,0.0
39460,high,0.0
7430,non-ag,0.9090909090909092
7430,low,1.0
7430,tail,0.2727272727272727
7430,head,0.7272727272727274
7430,agriculture,0.0909090909090909
7430,high,0.0
43064,non-ag,0.8571428571428571
43064,low,1.0
43064,tail,0.2857142857142857
43064,head,0.7142857142857142
43064,agriculture,0.1428571428571428
43064,high,0.0
39892,non-ag,1.0
39892,low,1.0
39892,tail,0.1666666666666666
39892,head,0.8333333333333334
39892,agriculture,0.0
39892,high,0.0
45320,non-ag,1.0
45320,low,0.8571428571428571
45320,tail,0.4285714285714285
45320,head,0.5714285714285714
45320,agriculture,0.0
45320,high,0.1428571428571428
38576,non-ag,1.0
38576,low,1.0
38576,tail,0.6666666666666666
38576,head,0.3333333333333333
38576,agriculture,0.0
38576,high,0.0
47047,non-ag,1.0
47047,low,1.0
47047,tail,0.6000000000000001
47047,head,0.4
47047,agriculture,0.0
47047,high,0.0
41530,non-ag,1.0
41530,low,1.0
41530,tail,1.0
41530,head,0.0
41530,agriculture,0.0
41530,high,0.0
46184,non-ag,1.0
46184,low,0.0
46184,tail,0.0
46184,head,1.0
46184,agriculture,0.0
46184,high,1.0
49006,non-ag,1.0
49006,low,0.6000000000000001
49006,tail,0.8
49006,head,0.2
49006,agriculture,0.0
49006,high,0.4
46447,non-ag,0.888888888888889
46447,low,1.0
46447,tail,0.3333333333333333
46447,head,0.6666666666666666
46447,agriculture,0.1111111111111111
46447,high,0.0
9197,non-ag,1.0
9197,low,0.8333333333333334
9197,tail,0.5
9197,head,0.5
9197,agriculture,0.0
9197,high,0.1666666666666666
45033,non-ag,0.8
45033,low,1.0
45033,tail,0.8
45033,head,0.2
45033,agriculture,0.2
45033,high,0.0
40878,non-ag,0.8
40878,low,1.0
40878,tail,0.8
40878,head,0.2
40878,agriculture,0.2
40878,high,0.0
40963,non-ag,1.0
40963,low,1.0
40963,tail,0.3333333333333333
40963,head,0.6666666666666666
40963,agriculture,0.0
40963,high,0.0
37956,non-ag,1.0
37956,low,0.8
37956,tail,0.2
37956,head,0.8
37956,agriculture,0.0
37956,high,0.2
46015,non-ag,1.0
46015,low,1.0
46015,tail,0.75
46015,head,0.25
46015,agriculture,0.0
46015,high,0.0
46326,non-ag,1.0
46326,low,1.0
46326,tail,0.5
46326,head,0.5
46326,agriculture,0.0
46326,high,0.0
43026,non-ag,1.0
43026,low,1.0
43026,tail,0.6000000000000001
43026,head,0.4
43026,agriculture,0.0
43026,high,0.0
46426,non-ag,1.0
46426,low,1.0
46426,tail,0.3333333333333333
46426,head,0.6666666666666666
46426,agriculture,0.0
46426,high,0.0
45811,non-ag,0.7142857142857142
45811,low,1.0
45811,tail,0.7142857142857142
45811,head,0.2857142857142857
45811,agriculture,0.2857142857142857
45811,high,0.0
45339,non-ag,0.92
45339,low,1.0
45339,tail,0.68
45339,head,0.32
45339,agriculture,0.08
45339,high,0.0
22942,non-ag,1.0
22942,low,0.8333333333333334
22942,tail,0.6666666666666666
22942,head,0.3333333333333333
22942,agriculture,0.0
22942,high,0.1666666666666666
47369,non-ag,1.0
47369,low,0.0
47369,tail,0.0
47369,head,1.0
47369,agriculture,0.0
47369,high,1.0
47473,non-ag,0.5714285714285714
47473,low,1.0
47473,tail,0.8571428571428571
47473,head,0.1428571428571428
47473,agriculture,0.4285714285714285
47473,high,0.0
42324,non-ag,1.0
42324,low,1.0
42324,tail,0.5833333333333334
42324,head,0.4166666666666667
42324,agriculture,0.0
42324,high,0.0
46801,non-ag,1.0
46801,low,1.0
46801,tail,0.3333333333333333
46801,head,0.6666666666666666
46801,agriculture,0.0
46801,high,0.0
47499,non-ag,1.0
47499,low,1.0
47499,tail,0.8
47499,head,0.2
47499,agriculture,0.0
47499,high,0.0
42191,non-ag,1.0
42191,low,1.0
42191,tail,0.6000000000000001
42191,head,0.4
42191,agriculture,0.0
42191,high,0.0
41955,non-ag,1.0
41955,low,1.0
41955,tail,1.0
41955,head,0.0
41955,agriculture,0.0
41955,high,0.0
46481,non-ag,1.0
46481,low,0.875
46481,tail,0.125
46481,head,0.875
46481,agriculture,0.0
46481,high,0.125
2819,non-ag,1.0
2819,low,0.8333333333333334
2819,tail,0.5
2819,head,0.5
2819,agriculture,0.0
2819,high,0.1666666666666666
40517,non-ag,0.4
40517,low,1.0
40517,tail,0.8
40517,head,0.2
40517,agriculture,0.6000000000000001
40517,high,0.0
21332,non-ag,1.0
21332,low,1.0
21332,tail,0.8125
21332,head,0.1875
21332,agriculture,0.0
21332,high,0.0
42463,non-ag,0.0
42463,low,1.0
42463,tail,0.5454545454545455
42463,head,0.4545454545454546
42463,agriculture,1.0
42463,high,0.0
45102,non-ag,1.0
45102,low,1.0
45102,tail,0.7499999999999999
45102,head,0.2499999999999999
45102,agriculture,0.0
45102,high,0.0
43900,non-ag,0.0
43900,low,1.0
43900,tail,0.6666666666666666
43900,head,0.3333333333333333
43900,agriculture,1.0
43900,high,0.0
40872,non-ag,1.0
40872,low,1.0
40872,tail,0.6666666666666666
40872,head,0.3333333333333333
40872,agriculture,0.0
40872,high,0.0
49074,non-ag,1.0
49074,low,1.0
49074,tail,0.0
49074,head,1.0
49074,agriculture,0.0
49074,high,0.0
46855,non-ag,0.0
46855,low,1.0
46855,tail,0.8
46855,head,0.2
46855,agriculture,1.0
46855,high,0.0
41037,non-ag,1.0
41037,low,1.0
41037,tail,0.75
41037,head,0.25
41037,agriculture,0.0
41037,high,0.0
27800,non-ag,1.0
27800,low,1.0
27800,tail,1.0
27800,head,0.0
27800,agriculture,0.0
27800,high,0.0
45697,non-ag,0.6666666666666666
45697,low,1.0
45697,tail,0.3333333333333333
45697,head,0.6666666666666666
45697,agriculture,0.3333333333333333
45697,high,0.0
48932,non-ag,0.4
48932,low,1.0
48932,tail,0.6000000000000001
48932,head,0.4
48932,agriculture,0.6000000000000001
48932,high,0.0
16238,non-ag,1.0
16238,low,1.0
16238,tail,0.8333333333333334
16238,head,0.1666666666666666
16238,agriculture,0.0
16238,high,0.0
28725,non-ag,1.0
28725,low,1.0
28725,tail,0.9047619047619048
28725,head,0.0952380952380952
28725,agriculture,0.0
28725,high,0.0
48826,non-ag,0.8
48826,low,1.0
48826,tail,0.8
48826,head,0.2
48826,agriculture,0.2
48826,high,0.0
44715,non-ag,1.0
44715,low,1.0
44715,tail,0.6000000000000001
44715,head,0.4
44715,agriculture,0.0
44715,high,0.0
47338,non-ag,0.8571428571428571
47338,low,1.0
47338,tail,0.8571428571428571
47338,head,0.1428571428571428
47338,agriculture,0.1428571428571428
47338,high,0.0
46820,non-ag,0.6363636363636364
46820,low,1.0
46820,tail,0.7272727272727274
46820,head,0.2727272727272727
46820,agriculture,0.3636363636363637
46820,high,0.0
42132,non-ag,1.0
42132,low,1.0
42132,tail,1.0
42132,head,0.0
42132,agriculture,0.0
42132,high,0.0
44072,non-ag,1.0
44072,low,1.0
44072,tail,1.0
44072,head,0.0
44072,agriculture,0.0
44072,high,0.0
45737,non-ag,1.0
45737,low,1.0
45737,tail,1.0
45737,head,0.0
45737,agriculture,0.0
45737,high,0.0
47114,non-ag,0.7142857142857142
47114,low,1.0
47114,tail,0.8571428571428571
47114,head,0.1428571428571428
47114,agriculture,0.2857142857142857
47114,high,0.0
43868,non-ag,1.0
43868,low,1.0
43868,tail,1.0
43868,head,0.0
43868,agriculture,0.0
43868,high,0.0
46376,non-ag,0.1666666666666666
46376,low,1.0
46376,tail,1.0
46376,head,0.0
46376,agriculture,0.8333333333333334
46376,high,0.0
47613,non-ag,1.0
47613,low,1.0
47613,tail,0.4
47613,head,0.6000000000000001
47613,agriculture,0.0
47613,high,0.0
46627,non-ag,0.0
46627,low,1.0
46627,tail,0.9166666666666669
46627,head,0.0833333333333333
46627,agriculture,1.0
46627,high,0.0
44991,non-ag,1.0
44991,low,0.6666666666666666
44991,tail,0.3333333333333333
44991,head,0.6666666666666666
44991,agriculture,0.0
44991,high,0.3333333333333333
47799,non-ag,0.8
47799,low,1.0
47799,tail,0.4
47799,head,0.6000000000000001
47799,agriculture,0.2
47799,high,0.0
23862,non-ag,1.0
23862,low,1.0
23862,tail,0.9230769230769232
23862,head,0.0769230769230769
23862,agriculture,0.0
23862,high,0.0
45461,non-ag,0.6666666666666667
45461,low,1.0
45461,tail,0.0
45461,head,1.0
45461,agriculture,0.3333333333333333
45461,high,0.0
36382,non-ag,1.0
36382,low,1.0
36382,tail,1.0
36382,head,0.0
36382,agriculture,0.0
36382,high,0.0
42239,non-ag,0.8
42239,low,1.0
42239,tail,0.2
42239,head,0.8
42239,agriculture,0.2
42239,high,0.0
44911,non-ag,1.0
44911,low,1.0
44911,tail,0.8333333333333334
44911,head,0.1666666666666666
44911,agriculture,0.0
44911,high,0.0
48975,non-ag,0.8571428571428571
48975,low,1.0
48975,tail,0.7142857142857142
48975,head,0.2857142857142857
48975,agriculture,0.1428571428571428
48975,high,0.0
47691,non-ag,0.8
47691,low,1.0
47691,tail,0.6000000000000001
47691,head,0.4
47691,agriculture,0.2
47691,high,0.0
45545,non-ag,1.0
45545,low,1.0
45545,tail,1.0
45545,head,0.0
45545,agriculture,0.0
45545,high,0.0
48374,non-ag,1.0
48374,low,1.0
48374,tail,0.75
48374,head,0.25
48374,agriculture,0.0
48374,high,0.0
47063,non-ag,1.0
47063,low,1.0
47063,tail,0.8
47063,head,0.2
47063,agriculture,0.0
47063,high,0.0
49281,non-ag,0.6666666666666666
49281,low,1.0
49281,tail,0.5
49281,head,0.5
49281,agriculture,0.3333333333333333
49281,high,0.0
48906,non-ag,0.3333333333333333
48906,low,1.0
48906,tail,1.0
48906,head,0.0
48906,agriculture,0.6666666666666666
48906,high,0.0
49192,non-ag,1.0
49192,low,1.0
49192,tail,0.8
49192,head,0.2
49192,agriculture,0.0
49192,high,0.0
47908,non-ag,0.6000000000000001
47908,low,1.0
47908,tail,0.8
47908,head,0.2
47908,agriculture,0.4
47908,high,0.0
46883,non-ag,1.0
46883,low,1.0
46883,tail,1.0
46883,head,0.0
46883,agriculture,0.0
46883,high,0.0
46141,non-ag,0.8333333333333334
46141,low,1.0
46141,tail,0.8333333333333334
46141,head,0.1666666666666666
46141,agriculture,0.1666666666666666
46141,high,0.0
19552,non-ag,1.0
19552,low,0.52
19552,tail,0.04
19552,head,0.96
19552,agriculture,0.0
19552,high,0.48
47658,non-ag,1.0
47658,low,0.6923076923076923
47658,tail,0.5384615384615384
47658,head,0.4615384615384616
47658,agriculture,0.0
47658,high,0.3076923076923077
46118,non-ag,1.0
46118,low,0.3636363636363637
46118,tail,0.0909090909090909
46118,head,0.9090909090909092
46118,agriculture,0.0
46118,high,0.6363636363636364
5132,non-ag,0.8
5132,low,1.0
5132,tail,0.0
5132,head,1.0
5132,agriculture,0.2
5132,high,0.0
1383,non-ag,0.6666666666666666
1383,low,1.0
1383,tail,0.6666666666666666
1383,head,0.3333333333333333
1383,agriculture,0.3333333333333333
1383,high,0.0
45867,non-ag,0.75
45867,low,1.0
45867,tail,1.0
45867,head,0.0
45867,agriculture,0.25
45867,high,0.0
46546,non-ag,1.0
46546,low,1.0
46546,tail,0.5714285714285714
46546,head,0.4285714285714285
46546,agriculture,0.0
46546,high,0.0
48585,non-ag,1.0
48585,low,1.0
48585,tail,0.8333333333333334
48585,head,0.1666666666666666
48585,agriculture,0.0
48585,high,0.0
48249,non-ag,1.0
48249,low,1.0
48249,tail,0.7142857142857143
48249,head,0.2857142857142857
48249,agriculture,0.0
48249,high,0.0
49711,non-ag,1.0
49711,low,1.0
49711,tail,1.0
49711,head,0.0
49711,agriculture,0.0
49711,high,0.0
46486,non-ag,1.0
46486,low,1.0
46486,tail,1.0
46486,head,0.0
46486,agriculture,0.0
46486,high,0.0
47769,non-ag,1.0
47769,low,1.0
47769,tail,0.5
47769,head,0.5
47769,agriculture,0.0
47769,high,0.0
49262,non-ag,0.0
49262,low,1.0
49262,tail,1.0
49262,head,0.0
49262,agriculture,1.0
49262,high,0.0
46795,non-ag,0.4285714285714285
46795,low,1.0
46795,tail,0.8571428571428571
46795,head,0.1428571428571428
46795,agriculture,0.5714285714285714
46795,high,0.0
47837,non-ag,1.0
47837,low,1.0
47837,tail,1.0
47837,head,0.0
47837,agriculture,0.0
47837,high,0.0
48336,non-ag,1.0
48336,low,1.0
48336,tail,0.8571428571428571
48336,head,0.1428571428571428
48336,agriculture,0.0
48336,high,0.0
47773,non-ag,1.0
47773,low,1.0
47773,tail,0.7142857142857143
47773,head,0.2857142857142857
47773,agriculture,0.0
47773,high,0.0
49552,non-ag,1.0
49552,low,1.0
49552,tail,0.4285714285714285
49552,head,0.5714285714285714
49552,agriculture,0.0
49552,high,0.0
47848,non-ag,1.0
47848,low,1.0
47848,tail,1.0
47848,head,0.0
47848,agriculture,0.0
47848,high,0.0
47661,non-ag,1.0
47661,low,1.0
47661,tail,1.0
47661,head,0.0
47661,agriculture,0.0
47661,high,0.0
