user_id,item_id,rating
18997,2726576,4.0
1295,2718205,4.0
1418,2708658,4.0
26696,2710674,4.0
1835,2717967,4.0
22307,2710198,4.0
1158,2712446,4.0
22350,2701317,4.0
49628,2736386,4.0
3236,2692364,4.0
12250,2707987,4.0
43353,2718584,4.0
12447,2711273,4.0
14024,2713543,4.0
10995,2724120,4.0
43509,2729735,4.0
23406,2714839,4.0
744,2706506,4.0
696,2713425,4.0
696,2726769,4.0
7897,2726153,4.0
1158,2728100,4.0
817,2717793,4.0
5541,2722741,4.0
1418,2710051,4.0
5759,2701949,4.0
5879,2730236,4.0
3696,2698711,4.0
15397,2721470,4.0
22997,2702044,4.0
10921,2732371,4.0
17588,2707050,4.0
6902,2700304,4.0
9218,2709603,4.0
7011,2722828,4.0
884,2702556,4.0
3375,2712057,4.0
18257,2705567,4.0
19494,2717879,4.0
47613,2726104,4.0
18966,2717715,4.0
40878,2724350,4.0
16316,2729283,4.0
3917,2706663,4.0
1418,2714906,4.0
12280,2712874,4.0
164,2688840,4.0
3003,2723010,4.0
12740,2726165,4.0
1295,2709697,4.0
39953,2723880,4.0
35454,2711697,4.0
22429,2713986,4.0
43353,2722743,4.0
23552,2707445,4.0
19494,2720442,4.0
10270,2720039,4.0
4430,2687858,4.0
2687,2699754,4.0
2341,2687825,4.0
2197,2722666,4.0
35253,2726043,4.0
23176,2710549,4.0
35227,2714899,4.0
39733,2717430,4.0
13957,2713377,4.0
4624,2697297,4.0
28988,2705486,4.0
18955,2699668,4.0
6313,2700603,4.0
42132,2728015,4.0
24640,2715063,4.0
11359,2727431,4.0
29268,2720363,4.0
17006,2724339,4.0
16279,2701754,4.0
19481,2712555,4.0
7406,2706084,4.0
8731,2713011,4.0
12764,2705680,4.0
30,2712039,4.0
28793,2716815,4.0
21,2707635,4.0
35173,2723866,4.0
1418,2704983,4.0
17816,2696899,4.0
23224,2711785,4.0
3768,2734401,4.0
8406,2709926,4.0
48249,2732883,4.0
3917,2705118,4.0
42938,2721078,4.0
29032,2720514,4.0
15656,2714904,4.0
834,2715463,4.0
43519,2725998,4.0
180,2696589,4.0
12053,2715863,4.0
6260,2710160,4.0
2585,2718199,4.0
19494,2719495,4.0
45461,2725621,4.0
13137,2711728,4.0
7645,2681310,4.0
35479,2715515,4.0
11584,2713105,4.0
5759,2699025,4.0
39445,2721050,4.0
6988,2695819,4.0
17104,2710060,4.0
16104,2709609,4.0
8487,2698559,4.0
10995,2718607,4.0
12572,2709213,4.0
24339,2714821,4.0
11002,2699909,4.0
24478,2713069,4.0
7643,2692472,4.0
44911,2730183,4.0
834,2708417,4.0
43477,2721944,4.0
3950,2728736,4.0
498,2702771,4.0
761,2717444,4.0
29371,2705244,4.0
21,2697383,4.0
10865,2720351,4.0
1295,2730707,4.0
29503,2720850,4.0
10508,2702209,4.0
23395,2726852,4.0
48716,2720894,4.0
22765,2724351,4.0
8074,2709903,4.0
19699,2704434,4.0
2193,2705111,4.0
17428,2725105,4.0
2290,2687175,4.0
36435,2723607,4.0
28725,2713431,4.0
28603,2713110,4.0
11002,2710398,4.0
21040,2706953,4.0
1197,2716810,4.0
45409,2730961,4.0
19107,2706537,4.0
33838,2721439,4.0
22232,2726153,4.0
5809,2734452,4.0
32758,2719769,4.0
14902,2707015,4.0
1399,2720246,4.0
2885,2722818,4.0
19749,2712717,4.0
10664,2710568,4.0
33705,2719060,4.0
10995,2714135,4.0
11808,2693966,4.0
46118,2715677,4.0
6545,2720734,4.0
25,2696309,4.0
10784,2710671,4.0
1418,2725898,4.0
13464,2706219,4.0
27349,2706970,4.0
696,2716538,4.0
1,2703938,4.0
27012,2718602,4.0
3730,2705777,4.0
7719,2712980,4.0
26509,2724118,4.0
45409,2724378,4.0
7897,2716746,4.0
22617,2728506,4.0
10087,2709720,4.0
17479,2696866,4.0
35253,2719279,4.0
8637,2698735,4.0
3917,2707320,4.0
970,2700317,4.0
12850,2716983,4.0
9385,2708601,4.0
360,2695324,4.0
3428,2698671,4.0
23420,2706705,4.0
26801,2727323,4.0
15023,2710971,4.0
5832,2728867,4.0
945,2706124,4.0
21322,2716583,4.0
20924,2714269,4.0
12182,2710978,4.0
7586,2706689,4.0
16238,2728942,4.0
48455,2718584,4.0
21680,2707840,4.0
26961,2711419,4.0
19632,2726685,4.0
45409,2730007,4.0
11803,2702030,4.0
18900,2679471,4.0
26509,2715534,4.0
23785,2715620,4.0
29396,2717190,4.0
6019,2698985,4.0
19699,2702877,4.0
802,2701310,4.0
43866,2726209,4.0
1893,2726085,4.0
3236,2689416,4.0
3785,2696287,4.0
1150,2714468,4.0
2356,2698970,4.0
3191,2705414,4.0
8002,2702742,4.0
498,2702756,4.0
12579,2706474,4.0
17848,2716707,4.0
696,2713530,4.0
43925,2719369,4.0
4468,2696861,4.0
21,2687526,4.0
33049,2713587,4.0
11051,2704865,4.0
44716,2719474,4.0
22765,2720665,4.0
4985,2722953,4.0
7788,2707983,4.0
13813,2701857,4.0
17136,2715099,4.0
3424,2725018,4.0
9205,2730683,4.0
47908,2734575,4.0
22854,2726173,4.0
25516,2716502,4.0
1295,2725788,4.0
20731,2708440,4.0
43519,2726605,4.0
44188,2717521,4.0
11454,2706495,4.0
37455,2718636,4.0
6619,2725099,4.0
2197,2708324,4.0
30786,2720168,4.0
2594,2692858,4.0
29556,2705686,4.0
4315,2728982,4.0
21705,2721013,4.0
43825,2723158,4.0
2523,2710217,4.0
25743,2722553,4.0
3594,2706134,4.0
17411,2706534,4.0
14840,2718296,4.0
22680,2706823,4.0
12850,2720087,4.0
21,2715258,4.0
14126,2734777,4.0
11002,2705487,4.0
2825,2722685,4.0
25194,2715895,4.0
4560,2706190,4.0
834,2726710,4.0
1728,2703039,4.0
2695,2706999,4.0
19699,2712150,4.0
18829,2701058,4.0
696,2709913,4.0
945,2719978,4.0
193,2724472,4.0
7241,2713470,4.0
46486,2728691,4.0
16173,2699926,4.0
2197,2733752,4.0
13817,2707115,4.0
164,2684174,4.0
47769,2734552,4.0
22940,2703448,4.0
20509,2701060,4.0
24478,2708996,4.0
696,2695710,4.0
19494,2719685,4.0
30209,2714005,4.0
831,2716810,4.0
7830,2719634,4.0
5132,2729549,4.0
5650,2695304,4.0
1418,2713835,4.0
10333,2713478,4.0
25664,2710154,4.0
12280,2725089,4.0
8370,2700212,4.0
19702,2696811,4.0
1335,2698145,4.0
33597,2718844,4.0
2878,2690139,4.0
14167,2711782,4.0
2197,2704667,4.0
2197,2712806,4.0
7830,2707339,4.0
47769,2732862,4.0
37750,2720433,4.0
18966,2730222,4.0
2446,2689925,4.0
834,2735464,4.0
24295,2712723,4.0
7934,2701068,4.0
23,2733215,4.0
2778,2700962,4.0
23,2713018,4.0
15839,2724660,4.0
18171,2714696,4.0
32488,2714085,4.0
9317,2726295,4.0
21236,2714186,4.0
17232,2707794,4.0
10314,2707269,4.0
696,2699924,4.0
1430,2704966,4.0
45409,2715877,4.0
23689,2704315,4.0
10769,2706547,4.0
46075,2718164,4.0
9215,2724898,4.0
8125,2707220,4.0
16009,2697841,4.0
11002,2709159,4.0
45814,2726270,4.0
62,2699858,4.0
10473,2709745,4.0
16450,2717017,4.0
1430,2719248,4.0
2120,2655913,4.0
12197,2700945,4.0
1397,2695965,4.0
2760,2690044,4.0
48249,2732424,4.0
30,2731806,4.0
6250,2711972,4.0
3205,2702149,4.0
3463,2719414,4.0
1295,2723994,4.0
2585,2697445,4.0
12484,2704889,4.0
12850,2709660,4.0
12044,2705005,4.0
2991,2706063,4.0
25743,2723140,4.0
6012,2715810,4.0
12850,2698221,4.0
24295,2695402,4.0
1295,2714930,4.0
25388,2722553,4.0
28637,2720085,4.0
5650,2703283,4.0
28763,2714664,4.0
1706,2728522,4.0
7974,2693824,4.0
19256,2706240,4.0
27226,2718071,4.0
40872,2721502,4.0
22668,2713927,4.0
6313,2702834,4.0
834,2710472,4.0
696,2707099,4.0
1418,2713798,4.0
24062,2719797,4.0
2449,2717758,4.0
3917,2708856,4.0
21,2707676,4.0
10264,2710637,4.0
12182,2683377,4.0
1418,2726449,4.0
31513,2722664,4.0
34860,2723825,4.0
26262,2718745,4.0
22668,2710982,4.0
1706,2726520,4.0
1295,2734595,4.0
17848,2716675,4.0
39093,2706667,4.0
47658,2733124,4.0
36254,2708733,4.0
39855,2704575,4.0
23607,2716449,4.0
16822,2706724,4.0
121,2706701,4.0
4469,2691895,4.0
1861,2715242,4.0
23,2712024,4.0
5650,2682714,4.0
4052,2704642,4.0
35376,2715921,4.0
696,2717433,4.0
10680,2727864,4.0
15675,2716495,4.0
23482,2699945,4.0
16374,2714464,4.0
3107,2685821,4.0
696,2713523,4.0
38923,2727184,4.0
4114,2705514,4.0
36913,2730222,4.0
2197,2723039,4.0
6789,2705559,4.0
6369,2729746,4.0
7241,2727727,4.0
21378,2711376,4.0
696,2720608,4.0
32117,2719322,4.0
1960,2722283,4.0
27484,2728135,4.0
831,2714785,4.0
8074,2711453,4.0
41480,2729534,4.0
10664,2698121,4.0
15961,2707660,4.0
3295,2690276,4.0
49262,2735251,4.0
1914,2699787,4.0
24837,2717728,4.0
3003,2722994,4.0
2197,2730393,4.0
6782,2702135,4.0
23074,2705057,4.0
10664,2707289,4.0
25516,2710822,4.0
32532,2705000,4.0
10664,2720634,4.0
8871,2696721,4.0
21956,2707532,4.0
7934,2725026,4.0
19038,2724313,4.0
2778,2704285,4.0
26509,2719071,4.0
14375,2687915,4.0
15675,2710952,4.0
19494,2730112,4.0
26509,2715542,4.0
18955,2714941,4.0
959,2698393,4.0
25092,2707104,4.0
16343,2713147,4.0
26691,2716847,4.0
18829,2706997,4.0
23483,2730319,4.0
15051,2729760,4.0
48195,2720199,4.0
41955,2727375,4.0
1689,2705437,4.0
15407,2706880,4.0
7660,2718042,4.0
16290,2709523,4.0
36298,2721366,4.0
20758,2720813,4.0
18966,2719934,4.0
35991,2723555,4.0
35514,2717656,4.0
11002,2711256,4.0
22296,2703005,4.0
10680,2698222,4.0
23823,2717516,4.0
5650,2717466,4.0
4953,2721522,4.0
9034,2718218,4.0
18966,2717597,4.0
37750,2719685,4.0
42324,2721978,4.0
945,2696289,4.0
6250,2693941,4.0
37081,2719497,4.0
3904,2700690,4.0
25745,2697287,4.0
3107,2708882,4.0
7830,2723644,4.0
25388,2730095,4.0
1430,2715926,4.0
15883,2718096,4.0
25,2714834,4.0
696,2717553,4.0
164,2684871,4.0
7241,2716477,4.0
19562,2720091,4.0
1418,2701552,4.0
2587,2704752,4.0
19494,2722450,4.0
14303,2692395,4.0
8302,2717448,4.0
17922,2714719,4.0
5241,2729897,4.0
3562,2703337,4.0
9059,2701091,4.0
27012,2712952,4.0
10264,2718623,4.0
7459,2721763,4.0
7075,2705527,4.0
12919,2712024,4.0
13330,2703199,4.0
21378,2717481,4.0
3003,2734329,4.0
25377,2717190,4.0
13922,2710274,4.0
18171,2715863,4.0
29371,2716344,4.0
15331,2718678,4.0
12645,2721758,4.0
21236,2695982,4.0
30,2728415,4.0
24339,2695397,4.0
2991,2713423,4.0
20013,2701298,4.0
2197,2720773,4.0
25760,2716536,4.0
1418,2707318,4.0
167,2706656,4.0
19279,2696461,4.0
10333,2722768,4.0
5759,2695555,4.0
45516,2723573,4.0
28310,2719323,4.0
42579,2721160,4.0
121,2707793,4.0
6402,2708394,4.0
62,2713932,4.0
22212,2707212,4.0
29727,2716740,4.0
696,2701889,4.0
2864,2716426,4.0
11387,2707206,4.0
7814,2716810,4.0
27484,2723338,4.0
30403,2717037,4.0
23689,2713440,4.0
26696,2706534,4.0
8356,2721617,4.0
48397,2733820,4.0
3447,2687950,4.0
8086,2690891,4.0
45409,2726587,4.0
5759,2689861,4.0
17787,2713648,4.0
935,2686862,4.0
1660,2718185,4.0
6373,2720261,4.0
2489,2721930,4.0
258,2706637,4.0
23813,2711975,4.0
13644,2705058,4.0
13848,2677955,4.0
48975,2734808,4.0
18084,2703224,4.0
127,2727189,4.0
34596,2723302,4.0
23130,2716509,4.0
498,2713496,4.0
36913,2731631,4.0
37750,2717674,4.0
23130,2716556,4.0
21421,2714881,4.0
23880,2711665,4.0
33705,2723126,4.0
18484,2710469,4.0
180,2686811,4.0
901,2703102,4.0
29109,2718341,4.0
1418,2703404,4.0
45697,2726632,4.0
11387,2701513,4.0
10333,2716765,4.0
21048,2691023,4.0
38652,2724748,4.0
19224,2708000,4.0
11002,2710945,4.0
16100,2708484,4.0
193,2707019,4.0
48434,2734876,4.0
7459,2701237,4.0
6257,2696343,4.0
30,2729174,4.0
37663,2719880,4.0
12178,2718576,4.0
2368,2699690,4.0
21015,2724420,4.0
41693,2721062,4.0
36335,2730276,4.0
25552,2706054,4.0
2362,2685153,4.0
1255,2725161,4.0
30,2710059,4.0
10024,2711998,4.0
22668,2701734,4.0
39503,2723930,4.0
11002,2722937,4.0
11002,2705588,4.0
16424,2721992,4.0
20758,2715143,4.0
23823,2714917,4.0
31331,2712936,4.0
945,2701980,4.0
5119,2725081,4.0
4985,2699476,4.0
12447,2715272,4.0
193,2704806,4.0
8534,2709667,4.0
22757,2716372,4.0
3003,2708607,4.0
43257,2729905,4.0
1418,2709906,4.0
15309,2707100,4.0
11027,2705238,4.0
34246,2715260,4.0
21421,2703340,4.0
17816,2710590,4.0
13071,2727312,4.0
26509,2720973,4.0
8406,2730116,4.0
21453,2706358,4.0
8469,2707684,4.0
22512,2710220,4.0
26769,2700949,4.0
19256,2706198,4.0
17397,2711092,4.0
7830,2709559,4.0
43509,2727970,4.0
1418,2714406,4.0
30,2728075,4.0
10021,2723638,4.0
5409,2718602,4.0
7809,2707898,4.0
7290,2710591,4.0
18997,2709535,4.0
23130,2707316,4.0
33705,2714873,4.0
18966,2712644,4.0
12166,2705888,4.0
1418,2726335,4.0
35211,2710336,4.0
46447,2722736,4.0
1706,2707788,4.0
45409,2723372,4.0
39927,2716830,4.0
36254,2719517,4.0
7080,2725442,4.0
18966,2715738,4.0
4501,2708939,4.0
834,2711349,4.0
32655,2720994,4.0
25745,2715712,4.0
39503,2726924,4.0
987,2714497,4.0
45545,2730317,4.0
8302,2723458,4.0
21332,2721839,4.0
16009,2707720,4.0
37700,2711711,4.0
5541,2695314,4.0
21741,2716515,4.0
18257,2714708,4.0
18214,2710524,4.0
3127,2701727,4.0
15871,2713332,4.0
696,2713516,4.0
779,2692327,4.0
19279,2698831,4.0
2197,2720903,4.0
696,2732492,4.0
43868,2729384,4.0
10995,2717521,4.0
5241,2723286,4.0
48906,2722318,4.0
23,2733215,4.0
17680,2711801,4.0
1418,2715128,4.0
33736,2723628,4.0
498,2705115,4.0
41037,2727680,4.0
3212,2704968,4.0
13137,2706707,4.0
11889,2699424,4.0
1430,2720156,4.0
25760,2707595,4.0
22222,2711370,4.0
27163,2713270,4.0
834,2736198,4.0
5809,2731976,4.0
22235,2702030,4.0
29032,2717907,4.0
20345,2708148,4.0
10787,2707508,4.0
24339,2707352,4.0
39533,2721930,4.0
23130,2716522,4.0
4963,2698731,4.0
20062,2710217,4.0
29510,2715464,4.0
7241,2703963,4.0
48195,2733534,4.0
8002,2702295,4.0
16104,2730255,4.0
7241,2721324,4.0
19632,2727100,4.0
2878,2699677,4.0
46426,2732333,4.0
42463,2726340,4.0
27800,2730447,4.0
22897,2725856,4.0
1683,2710909,4.0
7568,2722857,4.0
35925,2722920,4.0
29268,2718054,4.0
11619,2694694,4.0
18887,2710542,4.0
11127,2710573,4.0
31758,2730336,4.0
11369,2704825,4.0
7908,2701229,4.0
6728,2704931,4.0
7934,2724451,4.0
20207,2713629,4.0
20465,2724807,4.0
33297,2730624,4.0
2360,2702930,4.0
33718,2711585,4.0
1295,2715667,4.0
8538,2714488,4.0
22956,2712950,4.0
5571,2693946,4.0
26554,2708845,4.0
19699,2698779,4.0
1295,2710282,4.0
19164,2732816,4.0
39503,2711693,4.0
156,2700172,4.0
2366,2696812,4.0
26088,2716203,4.0
27111,2708527,4.0
22269,2712200,4.0
2446,2677162,4.0
15961,2722017,4.0
7272,2686737,4.0
3571,2689661,4.0
16450,2706488,4.0
2197,2720749,4.0
24381,2716861,4.0
25773,2712836,4.0
1430,2719258,4.0
10263,2703794,4.0
1418,2718227,4.0
14107,2704716,4.0
1295,2716020,4.0
23224,2711904,4.0
29371,2720743,4.0
7643,2698671,4.0
6307,2725097,4.0
17499,2726579,4.0
17758,2710150,4.0
6447,2693883,4.0
16882,2723723,4.0
23738,2715631,4.0
2236,2731498,4.0
19656,2705478,4.0
39503,2718167,4.0
1980,2718192,4.0
7643,2702877,4.0
2197,2727906,4.0
46481,2732813,4.0
8383,2704924,4.0
12514,2716277,4.0
11127,2718596,4.0
4985,2699913,4.0
696,2711748,4.0
2354,2707024,4.0
35764,2697865,4.0
33004,2708407,4.0
7241,2727242,4.0
7814,2707584,4.0
29109,2717404,4.0
7830,2725410,4.0
12006,2705920,4.0
8716,2714224,4.0
2905,2703427,4.0
16104,2719975,4.0
6328,2702067,4.0
2197,2711229,4.0
26427,2699805,4.0
16888,2703384,4.0
46307,2713373,4.0
23533,2716612,4.0
1285,2718096,4.0
3287,2717395,4.0
33193,2717400,4.0
1661,2696505,4.0
5650,2711979,4.0
7310,2712183,4.0
360,2702987,4.0
2502,2713821,4.0
26888,2719498,4.0
39980,2716965,4.0
15052,2707251,4.0
35253,2722585,4.0
36471,2704820,4.0
10787,2729104,4.0
889,2707659,4.0
14430,2725191,4.0
48079,2734385,4.0
6012,2712940,4.0
11777,2697494,4.0
10270,2729495,4.0
7830,2708508,4.0
19822,2713072,4.0
19494,2721346,4.0
24849,2717887,4.0
2202,2706630,4.0
10995,2713347,4.0
21,2698235,4.0
396,2704467,4.0
21457,2715413,4.0
12827,2712251,4.0
12850,2693819,4.0
3917,2712315,4.0
40001,2723475,4.0
27785,2704992,4.0
8074,2722812,4.0
12675,2706552,4.0
11475,2709314,4.0
15729,2713073,4.0
36335,2715683,4.0
14840,2718042,4.0
36466,2709497,4.0
24314,2695984,4.0
29032,2714996,4.0
30165,2714816,4.0
21705,2723637,4.0
10333,2716758,4.0
43509,2717557,4.0
1418,2710767,4.0
7830,2720902,4.0
8705,2713755,4.0
39503,2722453,4.0
21629,2717602,4.0
16412,2716536,4.0
37663,2725671,4.0
15891,2689470,4.0
11002,2705643,4.0
193,2731088,4.0
7897,2726052,4.0
1835,2709693,4.0
19699,2715427,4.0
41233,2721797,4.0
14948,2719978,4.0
11352,2716966,4.0
40050,2726168,4.0
7331,2706268,4.0
22590,2698612,4.0
22898,2714206,4.0
37128,2733455,4.0
42290,2717824,4.0
7530,2726776,4.0
7719,2679467,4.0
38923,2717928,4.0
8002,2703487,4.0
16104,2722714,4.0
4114,2722858,4.0
40050,2726226,4.0
31111,2730164,4.0
834,2707386,4.0
4966,2686870,4.0
17848,2716665,4.0
5083,2687503,4.0
16722,2711375,4.0
2824,2704256,4.0
1614,2713279,4.0
1399,2709123,4.0
47691,2729276,4.0
20758,2728174,4.0
9255,2693478,4.0
3006,2712409,4.0
15052,2703097,4.0
62,2733194,4.0
31539,2707002,4.0
7568,2705864,4.0
5759,2699797,4.0
21936,2717675,4.0
3283,2715507,4.0
833,2699007,4.0
8973,2707389,4.0
27297,2711478,4.0
834,2715078,4.0
28611,2720482,4.0
5185,2695924,4.0
11027,2707168,4.0
26509,2718146,4.0
37595,2712844,4.0
45102,2718513,4.0
1980,2704975,4.0
13189,2718185,4.0
9714,2721117,4.0
13209,2697668,4.0
29400,2708938,4.0
22668,2713932,4.0
8370,2706849,4.0
5650,2689308,4.0
2563,2706842,4.0
27163,2719770,4.0
24853,2718327,4.0
17739,2717549,4.0
38671,2713081,4.0
37750,2710220,4.0
28539,2718632,4.0
25377,2715849,4.0
1418,2725888,4.0
4312,2699903,4.0
11458,2724984,4.0
2193,2707202,4.0
11330,2707700,4.0
46883,2719459,4.0
2991,2701177,4.0
12006,2693868,4.0
31860,2717190,4.0
3696,2711983,4.0
18880,2709813,4.0
43152,2721033,4.0
696,2711451,4.0
37750,2714971,4.0
17574,2705507,4.0
37803,2680840,4.0
8534,2699549,4.0
10087,2733488,4.0
45814,2720678,4.0
39015,2725717,4.0
22269,2725779,4.0
32956,2717478,4.0
48585,2731614,4.0
33705,2721653,4.0
7830,2723645,4.0
18966,2716837,4.0
29985,2716359,4.0
22467,2720088,4.0
7897,2730318,4.0
24062,2721829,4.0
2360,2725786,4.0
7310,2725513,4.0
16450,2720675,4.0
42324,2721192,4.0
10473,2702566,4.0
10118,2702659,4.0
9205,2707065,4.0
22886,2708649,4.0
10995,2711894,4.0
62,2711792,4.0
9242,2707209,4.0
46184,2724173,4.0
6260,2720215,4.0
6313,2682712,4.0
40105,2723868,4.0
32758,2721423,4.0
62,2715884,4.0
17758,2709324,4.0
1869,2705047,4.0
20002,2706474,4.0
23586,2721348,4.0
35198,2723411,4.0
6373,2717657,4.0
31814,2709720,4.0
10430,2709591,4.0
22897,2686871,4.0
30,2728921,4.0
40050,2725798,4.0
31089,2717007,4.0
12055,2702710,4.0
44985,2722714,4.0
39830,2723604,4.0
7923,2705075,4.0
38664,2721606,4.0
22668,2714489,4.0
4560,2718015,4.0
696,2712761,4.0
11002,2700667,4.0
28129,2706652,4.0
25388,2726790,4.0
12208,2711572,4.0
19656,2703312,4.0
6394,2701985,4.0
33193,2720616,4.0
1418,2712042,4.0
25552,2710692,4.0
1295,2723973,4.0
4695,2734129,4.0
2858,2695935,4.0
25552,2695053,4.0
16104,2709662,4.0
5650,2712669,4.0
8107,2712970,4.0
4297,2677913,4.0
5409,2718185,4.0
15143,2702687,4.0
7054,2695838,4.0
11002,2719238,4.0
17911,2713992,4.0
3227,2705575,4.0
26950,2709000,4.0
8731,2722099,4.0
16564,2702124,4.0
935,2699805,4.0
6789,2732466,4.0
41693,2728204,4.0
193,2711738,4.0
1158,2711760,4.0
18262,2704934,4.0
166,2715303,4.0
11002,2722894,4.0
36299,2717800,4.0
25194,2711375,4.0
1514,2718191,4.0
13533,2707400,4.0
12460,2702035,4.0
24295,2718399,4.0
2197,2709934,4.0
48549,2722813,4.0
3375,2719371,4.0
15655,2713322,4.0
1418,2719234,4.0
11352,2716410,4.0
46481,2732499,4.0
3917,2714004,4.0
27419,2710360,4.0
23412,2711015,4.0
11002,2708413,4.0
3173,2708181,4.0
10664,2725688,4.0
48195,2734263,4.0
6536,2698676,4.0
2828,2677035,4.0
7830,2711263,4.0
35400,2724099,4.0
20465,2698815,4.0
1255,2725162,4.0
2624,2727242,4.0
36770,2712867,4.0
7195,2686091,4.0
10333,2719092,4.0
49374,2720942,4.0
25,2725467,4.0
16055,2720606,4.0
31371,2714551,4.0
20994,2710035,4.0
28672,2714274,4.0
30,2710260,4.0
8383,2708365,4.0
26675,2712200,4.0
6260,2716974,4.0
22673,2707747,4.0
13067,2704853,4.0
8217,2721448,4.0
2940,2703441,4.0
45409,2724868,4.0
7310,2716903,4.0
37460,2729718,4.0
696,2736097,4.0
20138,2708919,4.0
6307,2681545,4.0
20033,2703979,4.0
10995,2714464,4.0
7406,2717236,4.0
10508,2716327,4.0
18776,2722689,4.0
1660,2718730,4.0
13394,2727739,4.0
33597,2722971,4.0
5119,2696811,4.0
43996,2716663,4.0
30,2720578,4.0
7724,2710305,4.0
9157,2707080,4.0
696,2719501,4.0
27356,2731023,4.0
2396,2685789,4.0
15975,2729270,4.0
45814,2718354,4.0
3387,2706886,4.0
16450,2717043,4.0
39445,2724713,4.0
24209,2693037,4.0
889,2709336,4.0
6330,2720113,4.0
8826,2708786,4.0
29985,2713094,4.0
17247,2722980,4.0
25388,2732496,4.0
7908,2691878,4.0
29046,2720083,4.0
6902,2705140,4.0
12178,2711352,4.0
7479,2713105,4.0
5124,2700562,4.0
23169,2714914,4.0
6958,2707306,4.0
5551,2698063,4.0
4501,2702088,4.0
8106,2705917,4.0
33093,2704092,4.0
19494,2720600,4.0
12740,2707954,4.0
19279,2698832,4.0
26397,2716740,4.0
16343,2719625,4.0
18003,2706688,4.0
22886,2711946,4.0
29280,2708540,4.0
6250,2706257,4.0
29488,2721573,4.0
19699,2702168,4.0
9156,2721565,4.0
6563,2704182,4.0
11717,2708959,4.0
31519,2703155,4.0
49181,2735695,4.0
43648,2686862,4.0
3659,2699199,4.0
18677,2718452,4.0
20889,2713305,4.0
126,2730028,4.0
13067,2688444,4.0
62,2712125,4.0
8637,2698630,4.0
2991,2703113,4.0
17428,2700949,4.0
7210,2730482,4.0
38966,2726430,4.0
6373,2729142,4.0
26792,2720076,4.0
38966,2726376,4.0
2885,2701312,4.0
18911,2711453,4.0
45705,2722417,4.0
1295,2716021,4.0
3003,2718752,4.0
10314,2703448,4.0
151,2702930,4.0
26509,2705031,4.0
6803,2694356,4.0
7811,2693156,4.0
6619,2729154,4.0
16104,2704651,4.0
20293,2713481,4.0
29488,2714728,4.0
7807,2733515,4.0
26427,2699752,4.0
3446,2704689,4.0
6614,2705901,4.0
166,2701044,4.0
28339,2715974,4.0
3871,2704715,4.0
3680,2715451,4.0
16409,2720027,4.0
39093,2723516,4.0
696,2732494,4.0
27884,2707093,4.0
23607,2710481,4.0
17922,2715879,4.0
10865,2720353,4.0
23,2712204,4.0
43519,2718888,4.0
2556,2686423,4.0
1418,2693146,4.0
17557,2715025,4.0
19279,2698455,4.0
38482,2710028,4.0
12191,2711720,4.0
3191,2706485,4.0
11002,2706152,4.0
7554,2701960,4.0
21,2710597,4.0
17049,2726330,4.0
7807,2732420,4.0
22830,2711949,4.0
696,2713492,4.0
20465,2730299,4.0
2197,2706664,4.0
7830,2721632,4.0
25092,2707406,4.0
14981,2699945,4.0
7934,2707089,4.0
11435,2700029,4.0
696,2720610,4.0
23862,2730034,4.0
19632,2728516,4.0
11002,2712163,4.0
36254,2724314,4.0
1335,2698116,4.0
19364,2705104,4.0
696,2713510,4.0
19002,2720967,4.0
11002,2707127,4.0
9089,2701079,4.0
36162,2724788,4.0
7719,2732818,4.0
25,2722728,4.0
2197,2703454,4.0
10784,2706528,4.0
29654,2708647,4.0
1809,2691852,4.0
35795,2715344,4.0
7814,2714005,4.0
15061,2712075,4.0
18839,2712950,4.0
935,2714712,4.0
166,2705575,4.0
35469,2714109,4.0
1295,2721331,4.0
39953,2726713,4.0
18572,2704601,4.0
7934,2725716,4.0
23,2706184,4.0
23,2721267,4.0
35799,2717230,4.0
20692,2731821,4.0
9019,2698648,4.0
2502,2698738,4.0
19699,2713072,4.0
31698,2719567,4.0
10425,2729379,4.0
6640,2706667,4.0
16270,2726567,4.0
26397,2719167,4.0
18392,2715033,4.0
9495,2719831,4.0
33736,2723411,4.0
3145,2707625,4.0
7241,2708297,4.0
14183,2707718,4.0
22200,2707586,4.0
935,2704020,4.0
32955,2714664,4.0
17787,2708763,4.0
696,2713334,4.0
21352,2729654,4.0
193,2718167,4.0
696,2703609,4.0
8211,2710554,4.0
48932,2732389,4.0
508,2700917,4.0
3375,2712914,4.0
8529,2718852,4.0
10333,2728615,4.0
27756,2734871,4.0
12208,2713773,4.0
29268,2713096,4.0
22990,2721747,4.0
1967,2700748,4.0
7406,2707441,4.0
18677,2718374,4.0
6260,2723352,4.0
5650,2687925,4.0
5650,2691757,4.0
1968,2709918,4.0
1893,2705483,4.0
27163,2711371,4.0
43825,2731241,4.0
26803,2703184,4.0
12764,2689003,4.0
17739,2718383,4.0
6584,2707043,4.0
10165,2690846,4.0
8871,2726113,4.0
22668,2708607,4.0
15590,2720027,4.0
18966,2725165,4.0
6260,2716956,4.0
7080,2687700,4.0
11431,2726328,4.0
5759,2706712,4.0
2197,2717701,4.0
22109,2703963,4.0
11326,2719248,4.0
1418,2707697,4.0
12191,2711295,4.0
15143,2701264,4.0
6782,2700655,4.0
7910,2721031,4.0
30,2722282,4.0
2197,2716084,4.0
5811,2699993,4.0
39855,2710954,4.0
18966,2720173,4.0
28764,2718432,4.0
39855,2723183,4.0
1660,2720043,4.0
9541,2716504,4.0
28940,2717400,4.0
11803,2726971,4.0
7430,2733026,4.0
62,2709586,4.0
834,2707840,4.0
19023,2711233,4.0
2658,2723469,4.0
6345,2689849,4.0
45409,2721658,4.0
47302,2721314,4.0
6622,2705523,4.0
7851,2708325,4.0
45409,2720570,4.0
23197,2701985,4.0
10752,2704609,4.0
6373,2716415,4.0
31308,2715761,4.0
1295,2717633,4.0
42239,2723718,4.0
14948,2704913,4.0
13644,2710367,4.0
3923,2681546,4.0
3448,2703531,4.0
19552,2732470,4.0
19279,2695090,4.0
22668,2707311,4.0
36335,2717622,4.0
2197,2704611,4.0
3635,2734557,4.0
5160,2708289,4.0
62,2718153,4.0
6260,2723752,4.0
9396,2705923,4.0
19699,2703861,4.0
34841,2727921,4.0
3874,2706117,4.0
46307,2728446,4.0
17251,2705496,4.0
12447,2709668,4.0
19749,2726236,4.0
13313,2707235,4.0
19164,2724935,4.0
32895,2722971,4.0
6373,2722060,4.0
23085,2700454,4.0
1879,2717472,4.0
20013,2715099,4.0
9702,2722738,4.0
12827,2712201,4.0
9205,2729937,4.0
29109,2729006,4.0
3040,2705859,4.0
31308,2723737,4.0
28764,2718452,4.0
14954,2715703,4.0
11002,2706241,4.0
5400,2690269,4.0
25,2732508,4.0
31152,2712569,4.0
27490,2719580,4.0
8520,2703034,4.0
1418,2696105,4.0
11741,2704925,4.0
32001,2720899,4.0
8658,2706698,4.0
1295,2729627,4.0
18499,2713314,4.0
45905,2723129,4.0
10098,2706381,4.0
2375,2713887,4.0
62,2704029,4.0
13401,2712227,4.0
834,2721187,4.0
21741,2707226,4.0
34596,2723955,4.0
29756,2719975,4.0
21453,2713512,4.0
1399,2699409,4.0
15590,2718980,4.0
41693,2728046,4.0
2193,2711359,4.0
17118,2729819,4.0
7290,2703908,4.0
2197,2726307,4.0
889,2714135,4.0
6225,2695075,4.0
2197,2703124,4.0
14770,2711927,4.0
3973,2692791,4.0
9541,2716530,4.0
11330,2720651,4.0
27274,2713255,4.0
30,2728493,4.0
2778,2704281,4.0
13346,2716098,4.0
19538,2723583,4.0
17287,2697527,4.0
39638,2720841,4.0
9223,2708197,4.0
1418,2720158,4.0
43353,2720032,4.0
14609,2711566,4.0
10664,2715464,4.0
3917,2717204,4.0
696,2721651,4.0
1295,2704401,4.0
23978,2680840,4.0
2197,2727590,4.0
27349,2717602,4.0
35796,2719100,4.0
17734,2717740,4.0
42210,2714171,4.0
12191,2711273,4.0
28,2704151,4.0
28556,2716810,4.0
18966,2720464,4.0
802,2692988,4.0
5241,2723826,4.0
39892,2727381,4.0
2257,2714767,4.0
439,2684061,4.0
9081,2705249,4.0
14126,2719069,4.0
12447,2697913,4.0
16412,2699888,4.0
7830,2721320,4.0
7807,2734421,4.0
31349,2711395,4.0
26803,2693487,4.0
14024,2707553,4.0
37595,2724561,4.0
2202,2704515,4.0
3635,2714644,4.0
6687,2707020,4.0
4697,2705466,4.0
125,2695289,4.0
17049,2712346,4.0
1960,2722709,4.0
834,2722665,4.0
8107,2717935,4.0
11451,2710617,4.0
1418,2707205,4.0
39503,2726969,4.0
2375,2716570,4.0
14931,2715637,4.0
9080,2710641,4.0
22668,2713855,4.0
38576,2723828,4.0
1423,2698075,4.0
17739,2713690,4.0
28828,2721645,4.0
27163,2718871,4.0
12850,2706312,4.0
30,2719743,4.0
29444,2714173,4.0
6093,2696288,4.0
4501,2697998,4.0
46317,2733754,4.0
2197,2725340,4.0
24339,2699411,4.0
3295,2708553,4.0
43152,2713028,4.0
43509,2708533,4.0
31331,2710639,4.0
40325,2726547,4.0
7897,2726173,4.0
8383,2707713,4.0
22365,2698752,4.0
10473,2703838,4.0
30,2727702,4.0
696,2713513,4.0
10664,2720068,4.0
21322,2713295,4.0
21113,2716108,4.0
211,2715533,4.0
14375,2697911,4.0
1809,2693902,4.0
35060,2715855,4.0
7430,2729549,4.0
23767,2713649,4.0
10848,2706489,4.0
5400,2717089,4.0
3769,2719983,4.0
4983,2696295,4.0
14609,2693562,4.0
35253,2715736,4.0
23689,2714259,4.0
25290,2710216,4.0
7890,2706670,4.0
8651,2711115,4.0
2197,2706781,4.0
32758,2719847,4.0
7830,2717413,4.0
32067,2726440,4.0
41791,2724152,4.0
46212,2720403,4.0
3203,2704164,4.0
42463,2722852,4.0
6619,2714182,4.0
5426,2692305,4.0
696,2726770,4.0
9242,2704108,4.0
23813,2704414,4.0
34217,2733799,4.0
23786,2713585,4.0
17462,2680840,4.0
5650,2689661,4.0
16121,2697356,4.0
35799,2704776,4.0
18966,2715795,4.0
22886,2726527,4.0
14303,2694521,4.0
12197,2705395,4.0
20465,2708484,4.0
45737,2728272,4.0
19632,2727093,4.0
49007,2710919,4.0
43519,2717281,4.0
8658,2690964,4.0
7814,2707568,4.0
8572,2691150,4.0
834,2723771,4.0
23224,2724398,4.0
20797,2716574,4.0
20345,2691194,4.0
12746,2696744,4.0
15568,2712297,4.0
7290,2710606,4.0
5729,2698832,4.0
35133,2719204,4.0
7241,2726960,4.0
17295,2707985,4.0
30,2708424,4.0
5802,2722741,4.0
11808,2695015,4.0
4646,2700990,4.0
9210,2707267,4.0
18966,2715985,4.0
36028,2720954,4.0
20275,2721052,4.0
10848,2706481,4.0
21113,2706332,4.0
2197,2728739,4.0
19506,2697250,4.0
1295,2724692,4.0
45811,2725734,4.0
39015,2719960,4.0
25388,2731156,4.0
43509,2721613,4.0
22269,2724102,4.0
6398,2700919,4.0
15590,2722953,4.0
11874,2732406,4.0
21,2707657,4.0
8469,2704162,4.0
22830,2705514,4.0
17863,2715109,4.0
12850,2723347,4.0
14840,2720004,4.0
39503,2719590,4.0
20053,2698704,4.0
46307,2733747,4.0
9242,2698514,4.0
29488,2717190,4.0
8637,2718194,4.0
285,2696481,4.0
25908,2703353,4.0
285,2696117,4.0
1295,2714269,4.0
25954,2714176,4.0
41530,2725029,4.0
44329,2715714,4.0
30,2708153,4.0
29519,2718746,4.0
5974,2706468,4.0
22871,2723076,4.0
12740,2706309,4.0
17550,2695383,4.0
16279,2707315,4.0
15051,2727986,4.0
7241,2734735,4.0
15568,2707019,4.0
16279,2727172,4.0
16346,2704346,4.0
7080,2704377,4.0
3003,2703669,4.0
6394,2714346,4.0
45339,2728879,4.0
22830,2711999,4.0
38068,2707600,4.0
48932,2734385,4.0
39122,2723295,4.0
24468,2717248,4.0
16718,2728134,4.0
10430,2707922,4.0
4540,2706624,4.0
18880,2709863,4.0
17816,2695234,4.0
24006,2705936,4.0
45320,2727232,4.0
8974,2703507,4.0
27206,2710205,4.0
24209,2695406,4.0
8758,2695839,4.0
43353,2716789,4.0
18484,2710129,4.0
33193,2717413,4.0
2799,2713318,4.0
19079,2715330,4.0
32899,2715837,4.0
16104,2724672,4.0
23085,2697271,4.0
10342,2705500,4.0
25,2723129,4.0
18833,2698769,4.0
17536,2710273,4.0
21936,2708547,4.0
26696,2712052,4.0
5119,2725095,4.0
17758,2714619,4.0
14481,2702945,4.0
22897,2686891,4.0
19297,2711156,4.0
1418,2715329,4.0
2197,2732758,4.0
31111,2722240,4.0
29629,2707650,4.0
36335,2721172,4.0
17411,2706935,4.0
10858,2698765,4.0
40050,2724704,4.0
12740,2707621,4.0
3874,2699772,4.0
1226,2719715,4.0
11874,2728598,4.0
15813,2721070,4.0
62,2723428,4.0
4793,2695367,4.0
4052,2705203,4.0
12191,2711895,4.0
45905,2722728,4.0
13873,2730717,4.0
25194,2707626,4.0
18289,2715628,4.0
20551,2705189,4.0
13957,2711232,4.0
40050,2718501,4.0
29907,2722455,4.0
2396,2687102,4.0
12498,2711932,4.0
37750,2713947,4.0
30165,2718963,4.0
10118,2693181,4.0
29463,2715530,4.0
16279,2712310,4.0
1295,2712911,4.0
696,2711273,4.0
34051,2725553,4.0
20002,2726076,4.0
46627,2723024,4.0
46546,2732450,4.0
46627,2730952,4.0
186,2704958,4.0
3003,2714541,4.0
6373,2732826,4.0
7503,2676762,4.0
6619,2706187,4.0
23823,2714136,4.0
3785,2696288,4.0
7209,2724652,4.0
8705,2724847,4.0
41188,2726695,4.0
1158,2713091,4.0
8074,2705077,4.0
32772,2712980,4.0
7290,2710588,4.0
23796,2702927,4.0
8637,2732483,4.0
26741,2718316,4.0
23,2706168,4.0
1848,2704858,4.0
27356,2718736,4.0
25052,2698792,4.0
6260,2728047,4.0
834,2721563,4.0
14902,2725657,4.0
13919,2732473,4.0
24339,2697985,4.0
7295,2696693,4.0
37467,2718875,4.0
38068,2725095,4.0
11002,2705870,4.0
28129,2706728,4.0
35211,2723404,4.0
21901,2714512,4.0
23552,2712008,4.0
12498,2681676,4.0
19699,2706596,4.0
43353,2714222,4.0
40094,2712735,4.0
46988,2731303,4.0
30092,2714603,4.0
14375,2699569,4.0
833,2698582,4.0
5083,2720078,4.0
3173,2725005,4.0
37336,2702069,4.0
498,2720151,4.0
2360,2716810,4.0
21729,2711300,4.0
6536,2690872,4.0
5650,2706055,4.0
11002,2711086,4.0
2044,2722895,4.0
4985,2695324,4.0
26932,2718349,4.0
20551,2706926,4.0
5650,2696370,4.0
17567,2704225,4.0
41233,2721751,4.0
43353,2718182,4.0
16290,2711292,4.0
15495,2705410,4.0
14375,2732225,4.0
44716,2714491,4.0
25518,2705504,4.0
8074,2692168,4.0
10587,2714612,4.0
696,2714868,4.0
18376,2717469,4.0
45905,2716869,4.0
12324,2724926,4.0
18398,2708566,4.0
5541,2695314,4.0
8383,2698237,4.0
30,2708670,4.0
11619,2707237,4.0
935,2731156,4.0
21453,2714581,4.0
23224,2724719,4.0
22664,2722863,4.0
38400,2718197,4.0
22854,2714945,4.0
25,2707067,4.0
14430,2703892,4.0
12116,2696004,4.0
12208,2717672,4.0
15599,2731206,4.0
28,2705002,4.0
21040,2715364,4.0
12149,2705543,4.0
1295,2715449,4.0
26554,2701986,4.0
18697,2715270,4.0
5292,2693277,4.0
17739,2719308,4.0
12514,2711060,4.0
46047,2721884,4.0
30,2703509,4.0
24339,2716720,4.0
31910,2722704,4.0
8075,2706371,4.0
17411,2706527,4.0
1239,2717540,4.0
7897,2730018,4.0
2197,2714635,4.0
29654,2719733,4.0
29727,2704383,4.0
10270,2702954,4.0
9100,2693697,4.0
41037,2727504,4.0
18407,2712030,4.0
23,2719136,4.0
2523,2706841,4.0
10865,2711797,4.0
180,2692201,4.0
7830,2722694,4.0
24849,2734872,4.0
29449,2722745,4.0
8032,2695017,4.0
2819,2734802,4.0
3440,2706089,4.0
17466,2715882,4.0
49262,2732249,4.0
25473,2716953,4.0
1418,2720458,4.0
23042,2700641,4.0
25473,2716523,4.0
23689,2699411,4.0
15757,2727969,4.0
28846,2712417,4.0
29347,2719776,4.0
11479,2730301,4.0
6625,2715302,4.0
22463,2713473,4.0
40878,2725966,4.0
9255,2690892,4.0
36466,2713518,4.0
11002,2708123,4.0
18571,2702930,4.0
7830,2720921,4.0
1500,2693198,4.0
46184,2721923,4.0
11435,2737045,4.0
20509,2703215,4.0
18050,2713061,4.0
24381,2716861,4.0
33258,2719502,4.0
15793,2726737,4.0
28619,2713219,4.0
6579,2704182,4.0
3375,2718258,4.0
23437,2714965,4.0
5759,2690684,4.0
18966,2714950,4.0
10673,2701088,4.0
1295,2723377,4.0
26340,2719525,4.0
17848,2716660,4.0
7910,2731306,4.0
17848,2716685,4.0
10848,2705434,4.0
1295,2715571,4.0
25193,2729562,4.0
10118,2696085,4.0
889,2696261,4.0
19279,2701317,4.0
10784,2706532,4.0
8337,2713299,4.0
11002,2720775,4.0
16104,2700963,4.0
22854,2713514,4.0
5160,2695922,4.0
7209,2726794,4.0
33977,2718811,4.0
16418,2710598,4.0
5256,2714046,4.0
18134,2704887,4.0
19984,2714915,4.0
696,2726777,4.0
4697,2703853,4.0
935,2699880,4.0
16450,2720821,4.0
9034,2720169,4.0
20692,2722677,4.0
19494,2721610,4.0
12208,2706240,4.0
23197,2704357,4.0
24478,2714812,4.0
62,2698942,4.0
5759,2702776,4.0
31720,2716932,4.0
37595,2719722,4.0
39503,2715400,4.0
35430,2722853,4.0
4540,2693966,4.0
7773,2697598,4.0
6687,2708000,4.0
11002,2712423,4.0
9767,2709691,4.0
30,2720154,4.0
11479,2703262,4.0
2840,2709336,4.0
23452,2697990,4.0
21936,2721348,4.0
7272,2735652,4.0
166,2694992,4.0
29371,2707890,4.0
5811,2702584,4.0
12572,2696211,4.0
29488,2716810,4.0
34260,2707700,4.0
3463,2719627,4.0
17832,2713403,4.0
8637,2704227,4.0
15924,2713289,4.0
23224,2697495,4.0
2197,2721750,4.0
16450,2708107,4.0
285,2695579,4.0
11055,2709584,4.0
10865,2716935,4.0
12208,2713650,4.0
13394,2725754,4.0
22854,2715305,4.0
4624,2693886,4.0
35796,2719118,4.0
4137,2706811,4.0
4624,2703150,4.0
19362,2711968,4.0
10921,2703341,4.0
3730,2705037,4.0
36335,2709682,4.0
15590,2720122,4.0
3375,2712415,4.0
16104,2723643,4.0
1418,2707196,4.0
26769,2700998,4.0
10784,2706545,4.0
17247,2729343,4.0
35479,2708379,4.0
23823,2726783,4.0
1967,2711357,4.0
7809,2705628,4.0
16564,2708291,4.0
2760,2719596,4.0
9495,2702099,4.0
9205,2711696,4.0
21862,2706642,4.0
20731,2708444,4.0
10021,2701931,4.0
2824,2704715,4.0
16104,2705530,4.0
45409,2730036,4.0
1418,2720571,4.0
8002,2703411,4.0
15568,2718564,4.0
32590,2711338,4.0
32001,2712993,4.0
34151,2718596,4.0
22990,2711557,4.0
30178,2686892,4.0
32899,2721574,4.0
1829,2698766,4.0
5650,2703005,4.0
30511,2708141,4.0
8539,2713243,4.0
21457,2706129,4.0
19494,2719498,4.0
15086,2712892,4.0
12447,2702092,4.0
22799,2710377,4.0
6533,2718254,4.0
183,2706021,4.0
9205,2721290,4.0
6803,2697337,4.0
11803,2702018,4.0
39093,2722689,4.0
14375,2732222,4.0
7830,2719960,4.0
834,2714464,4.0
11803,2702271,4.0
5759,2698679,4.0
15143,2719052,4.0
48856,2734169,4.0
3003,2732904,4.0
28097,2709392,4.0
9265,2711755,4.0
8288,2727655,4.0
45409,2724898,4.0
40207,2725717,4.0
15427,2726814,4.0
22269,2725150,4.0
2585,2693832,4.0
19038,2712403,4.0
15052,2704439,4.0
12116,2719331,4.0
21457,2732321,4.0
915,2704302,4.0
17848,2716671,4.0
6215,2711672,4.0
8519,2699876,4.0
25,2734475,4.0
17247,2708823,4.0
1418,2716145,4.0
1652,2723060,4.0
696,2714873,4.0
6260,2715170,4.0
12055,2697743,4.0
12498,2710305,4.0
48397,2723613,4.0
20692,2732813,4.0
31741,2724005,4.0
696,2699208,4.0
37128,2730515,4.0
7910,2727273,4.0
834,2724542,4.0
2197,2712740,4.0
4540,2704409,4.0
6373,2733997,4.0
7830,2722682,4.0
13137,2700748,4.0
3647,2704170,4.0
5650,2713974,4.0
7704,2704121,4.0
19481,2713133,4.0
39503,2723277,4.0
11777,2695960,4.0
8534,2710536,4.0
39503,2723630,4.0
12197,2701980,4.0
1418,2712109,4.0
35799,2718018,4.0
45320,2714756,4.0
7830,2708921,4.0
35514,2720153,4.0
10784,2719506,4.0
33705,2725449,4.0
13817,2708932,4.0
1418,2711608,4.0
21352,2729173,4.0
935,2720756,4.0
18376,2703781,4.0
36471,2723598,4.0
1158,2711746,4.0
25518,2712967,4.0
258,2705211,4.0
11174,2695429,4.0
21855,2704917,4.0
10664,2707327,4.0
18484,2713946,4.0
8074,2696043,4.0
18214,2713239,4.0
1,2725263,4.0
16104,2704846,4.0
12850,2712936,4.0
27226,2708231,4.0
24613,2717454,4.0
39693,2720967,4.0
9714,2719110,4.0
7807,2705483,4.0
6330,2717430,4.0
298,2701657,4.0
36335,2728585,4.0
62,2705317,4.0
7807,2707100,4.0
2992,2705091,4.0
8539,2705876,4.0
5650,2709722,4.0
4966,2689657,4.0
23401,2714712,4.0
21604,2719333,4.0
22635,2715815,4.0
4381,2708273,4.0
7011,2725694,4.0
21332,2721837,4.0
834,2710599,4.0
11387,2704509,4.0
670,2692307,4.0
12739,2701081,4.0
22143,2723818,4.0
258,2722564,4.0
44530,2708287,4.0
33705,2680840,4.0
24647,2706547,4.0
18833,2704124,4.0
21680,2713688,4.0
23862,2731855,4.0
9089,2717337,4.0
25193,2706326,4.0
11002,2704995,4.0
12484,2686885,4.0
23,2712235,4.0
32308,2708379,4.0
1994,2712848,4.0
10473,2707212,4.0
11414,2695976,4.0
889,2694029,4.0
27274,2717483,4.0
889,2711758,4.0
1418,2725570,4.0
8534,2711916,4.0
2390,2692252,4.0
13090,2711932,4.0
23482,2720059,4.0
28725,2714387,4.0
10264,2720160,4.0
2799,2691248,4.0
1418,2723772,4.0
7724,2710570,4.0
3003,2708724,4.0
30,2726317,4.0
48906,2730574,4.0
1689,2710663,4.0
7719,2732487,4.0
17550,2687765,4.0
13037,2723749,4.0
19364,2703107,4.0
39855,2717205,4.0
12739,2695431,4.0
23455,2714005,4.0
43825,2721456,4.0
23130,2716523,4.0
7568,2715629,4.0
16064,2722236,4.0
13533,2718178,4.0
27884,2718123,4.0
28828,2711447,4.0
834,2725550,4.0
5736,2716979,4.0
5209,2686847,4.0
11055,2705543,4.0
13189,2720004,4.0
11002,2710130,4.0
11253,2709059,4.0
11590,2697401,4.0
47759,2718366,4.0
10784,2696081,4.0
1155,2693482,4.0
17411,2700427,4.0
23918,2717049,4.0
36685,2718732,4.0
41663,2713834,4.0
1255,2720979,4.0
22668,2706914,4.0
8063,2707642,4.0
40050,2718624,4.0
31239,2711134,4.0
24478,2708405,4.0
8551,2718452,4.0
16269,2712287,4.0
2368,2702712,4.0
22871,2724183,4.0
3917,2707019,4.0
2910,2704608,4.0
49281,2726799,4.0
945,2719960,4.0
11866,2706466,4.0
11955,2686849,4.0
10264,2710639,4.0
7479,2714860,4.0
12742,2704776,4.0
4769,2720063,4.0
39143,2711424,4.0
14154,2713239,4.0
11231,2710297,4.0
8383,2696032,4.0
6115,2707522,4.0
17905,2707034,4.0
25194,2722385,4.0
14093,2709124,4.0
20731,2708350,4.0
27578,2715325,4.0
21453,2713545,4.0
40050,2715758,4.0
10921,2706775,4.0
9495,2704023,4.0
10159,2713370,4.0
19017,2715120,4.0
33705,2716149,4.0
12044,2702913,4.0
10473,2703467,4.0
2290,2705036,4.0
9205,2731637,4.0
3950,2703966,4.0
24295,2716885,4.0
35213,2724411,4.0
48195,2725430,4.0
26322,2713976,4.0
11127,2723994,4.0
14609,2692424,4.0
38354,2725045,4.0
6373,2718794,4.0
3874,2704723,4.0
9242,2697216,4.0
818,2694629,4.0
2254,2729367,4.0
1418,2707406,4.0
25,2724165,4.0
2197,2728814,4.0
1295,2731920,4.0
23,2719366,4.0
19749,2716249,4.0
7241,2713151,4.0
25290,2711454,4.0
8678,2721653,4.0
17816,2693517,4.0
7109,2724984,4.0
13043,2734913,4.0
26134,2710884,4.0
35886,2711955,4.0
10787,2727252,4.0
696,2716542,4.0
19023,2722387,4.0
20293,2710554,4.0
7719,2712961,4.0
16450,2720831,4.0
19362,2696301,4.0
16463,2706794,4.0
6260,2717017,4.0
24882,2716304,4.0
11741,2702810,4.0
10682,2717972,4.0
19373,2686091,4.0
17787,2706402,4.0
2623,2710859,4.0
12208,2705238,4.0
21936,2716367,4.0
11051,2718189,4.0
10673,2693442,4.0
3874,2691549,4.0
11302,2708407,4.0
18955,2700197,4.0
4918,2703525,4.0
802,2713699,4.0
19362,2699546,4.0
19552,2712313,4.0
1158,2717313,4.0
39503,2728446,4.0
29449,2700212,4.0
9495,2692433,4.0
35504,2721164,4.0
12417,2715532,4.0
17592,2713080,4.0
18407,2709820,4.0
35799,2724340,4.0
14825,2725915,4.0
11002,2714303,4.0
3917,2701769,4.0
3428,2704227,4.0
2197,2732878,4.0
7890,2706134,4.0
2193,2719308,4.0
439,2681396,4.0
22059,2706694,4.0
5572,2702504,4.0
24483,2717897,4.0
23738,2706659,4.0
12498,2693904,4.0
8106,2709139,4.0
8678,2720797,4.0
7719,2720436,4.0
4540,2706361,4.0
47473,2723929,4.0
46988,2731482,4.0
48336,2730185,4.0
21,2703496,4.0
25473,2716983,4.0
30,2700110,4.0
889,2716810,4.0
39503,2723295,4.0
2390,2705318,4.0
13425,2699846,4.0
3424,2704674,4.0
6730,2728825,4.0
11127,2714965,4.0
834,2720820,4.0
6328,2704185,4.0
8086,2699901,4.0
5811,2702457,4.0
48499,2723528,4.0
4674,2704024,4.0
11866,2691136,4.0
49711,2722402,4.0
22673,2698719,4.0
11127,2703924,4.0
7897,2699872,4.0
2197,2717011,4.0
21402,2696822,4.0
40050,2713038,4.0
1408,2704532,4.0
18676,2729191,4.0
19699,2700057,4.0
6789,2708687,4.0
12280,2720765,4.0
33297,2708603,4.0
23,2712134,4.0
3769,2707100,4.0
11002,2706231,4.0
49254,2723613,4.0
696,2728589,4.0
15931,2735115,4.0
11002,2711144,4.0
33838,2713252,4.0
7990,2700919,4.0
2778,2696064,4.0
43353,2727308,4.0
45814,2720868,4.0
20947,2712812,4.0
20202,2705244,4.0
7807,2730984,4.0
12484,2710537,4.0
2197,2732225,4.0
7830,2728247,4.0
19910,2704080,4.0
309,2704113,4.0
10784,2706555,4.0
6728,2713567,4.0
23604,2705937,4.0
40963,2729513,4.0
15052,2705310,4.0
12742,2706495,4.0
186,2696414,4.0
10541,2707097,4.0
20175,2705217,4.0
38923,2718201,4.0
1418,2724792,4.0
36787,2697312,4.0
46075,2731300,4.0
6687,2707655,4.0
12850,2722080,4.0
24628,2702030,4.0
46530,2719279,4.0
18880,2710715,4.0
23042,2722851,4.0
16104,2730996,4.0
1706,2712438,4.0
23689,2709624,4.0
3107,2702595,4.0
7830,2720857,4.0
10183,2702927,4.0
13957,2713233,4.0
23978,2716810,4.0
36162,2716762,4.0
16374,2728017,4.0
62,2695928,4.0
1967,2694580,4.0
7457,2691720,4.0
5083,2714263,4.0
18809,2712968,4.0
20640,2710896,4.0
9080,2707993,4.0
6115,2723178,4.0
21979,2721197,4.0
22990,2711497,4.0
29032,2710182,4.0
11943,2706120,4.0
17755,2724840,4.0
14481,2713180,4.0
25,2723666,4.0
36685,2719278,4.0
10664,2713056,4.0
31111,2719928,4.0
22897,2720539,4.0
22432,2711618,4.0
2991,2698035,4.0
22289,2709261,4.0
18966,2712355,4.0
3003,2720834,4.0
834,2723822,4.0
834,2729266,4.0
3769,2707115,4.0
1994,2705326,4.0
34151,2712417,4.0
5132,2733026,4.0
5759,2694953,4.0
1418,2711519,4.0
34622,2725983,4.0
23130,2714682,4.0
7209,2725059,4.0
2612,2704811,4.0
3107,2683875,4.0
1660,2716827,4.0
16450,2727998,4.0
7807,2732303,4.0
30,2731515,4.0
23,2705567,4.0
11294,2707578,4.0
37803,2723603,4.0
12746,2711721,4.0
156,2708491,4.0
11866,2701928,4.0
4963,2734502,4.0
834,2706970,4.0
3006,2695934,4.0
17863,2683873,4.0
43868,2722093,4.0
23197,2712334,4.0
24381,2710792,4.0
62,2713537,4.0
3659,2691153,4.0
11002,2707112,4.0
48585,2725053,4.0
17848,2716700,4.0
166,2712504,4.0
17816,2697375,4.0
22235,2715418,4.0
42463,2729184,4.0
15106,2705370,4.0
23130,2716510,4.0
14609,2711307,4.0
18966,2708366,4.0
21,2710230,4.0
34772,2720978,4.0
43353,2719119,4.0
11027,2705565,4.0
19843,2703892,4.0
18809,2706999,4.0
22668,2707637,4.0
1840,2701915,4.0
16450,2720388,4.0
1706,2730743,4.0
8086,2692434,4.0
16684,2727011,4.0
21275,2727619,4.0
8075,2713575,4.0
23,2715946,4.0
25182,2716459,4.0
26322,2703097,4.0
7851,2692940,4.0
1399,2708655,4.0
21979,2710859,4.0
4424,2720207,4.0
7589,2690040,4.0
9303,2704705,4.0
15590,2715257,4.0
6260,2716491,4.0
35314,2723891,4.0
10784,2710591,4.0
19769,2708884,4.0
9876,2727758,4.0
22549,2719990,4.0
19279,2697364,4.0
45409,2730996,4.0
439,2700919,4.0
31910,2715524,4.0
38438,2709280,4.0
4918,2706706,4.0
10314,2700096,4.0
2489,2713613,4.0
13854,2726715,4.0
43353,2718191,4.0
193,2695806,4.0
39830,2727289,4.0
2197,2713255,4.0
31513,2718552,4.0
28828,2719854,4.0
33705,2721653,4.0
23,2712032,4.0
43353,2726807,4.0
7830,2714686,4.0
26509,2718606,4.0
8246,2704002,4.0
36685,2719968,4.0
9317,2721312,4.0
28805,2698783,4.0
6093,2704825,4.0
38322,2710507,4.0
4009,2697343,4.0
9059,2704378,4.0
6012,2696579,4.0
46944,2734521,4.0
24903,2729589,4.0
37546,2717422,4.0
5241,2699787,4.0
10784,2710616,4.0
3904,2692250,4.0
9151,2696090,4.0
696,2707398,4.0
7897,2710622,4.0
6215,2708459,4.0
22673,2711935,4.0
16191,2706408,4.0
3594,2704255,4.0
24930,2714420,4.0
20758,2716491,4.0
62,2715876,4.0
17923,2723074,4.0
40001,2729266,4.0
24613,2718059,4.0
30,2702556,4.0
22590,2716584,4.0
23135,2732205,4.0
498,2721813,4.0
11489,2710409,4.0
44853,2732186,4.0
62,2703293,4.0
5409,2718119,4.0
6625,2710617,4.0
46481,2732504,4.0
23490,2698235,4.0
18966,2720565,4.0
10664,2729444,4.0
2197,2711222,4.0
8217,2718125,4.0
21855,2722390,4.0
18966,2730225,4.0
46988,2726252,4.0
25,2699859,4.0
19927,2712893,4.0
5303,2690942,4.0
16904,2719988,4.0
10264,2701989,4.0
8716,2706298,4.0
18392,2707482,4.0
32488,2715757,4.0
27163,2714604,4.0
19699,2708439,4.0
1168,2709680,4.0
47691,2722739,4.0
18447,2708289,4.0
9495,2714869,4.0
44072,2721539,4.0
10342,2707243,4.0
16343,2726054,4.0
945,2716753,4.0
47658,2734305,4.0
26885,2711683,4.0
18676,2728100,4.0
10680,2707472,4.0
27274,2712569,4.0
11127,2731282,4.0
14126,2716815,4.0
1399,2717618,4.0
1967,2709214,4.0
10444,2725569,4.0
36466,2716651,4.0
39503,2722620,4.0
23813,2703234,4.0
21275,2696549,4.0
31698,2716874,4.0
2585,2724136,4.0
16243,2732689,4.0
3917,2732338,4.0
10165,2705521,4.0
26884,2709673,4.0
18839,2712951,4.0
4596,2688423,4.0
38671,2720143,4.0
2828,2676888,4.0
1295,2702253,4.0
7934,2703840,4.0
1968,2702590,4.0
18398,2694629,4.0
29756,2719960,4.0
22322,2722485,4.0
25760,2707350,4.0
31328,2709848,4.0
16055,2719494,4.0
7897,2729234,4.0
32895,2717958,4.0
35504,2708003,4.0
46955,2731919,4.0
5292,2703351,4.0
28611,2720587,4.0
39503,2723218,4.0
10680,2725642,4.0
696,2713526,4.0
889,2714632,4.0
24478,2726995,4.0
46075,2733751,4.0
28828,2718387,4.0
12850,2682638,4.0
11002,2695960,4.0
7044,2692638,4.0
9495,2725070,4.0
25377,2717199,4.0
16632,2723296,4.0
18880,2706660,4.0
5633,2705550,4.0
25760,2715269,4.0
186,2698711,4.0
30511,2713553,4.0
1418,2719468,4.0
18651,2703789,4.0
29449,2726186,4.0
26885,2697713,4.0
8302,2709060,4.0
298,2702527,4.0
30,2726586,4.0
4964,2720124,4.0
45814,2728037,4.0
12862,2707099,4.0
11961,2735566,4.0
508,2700899,4.0
40517,2722462,4.0
40207,2724378,4.0
834,2708646,4.0
25718,2726465,4.0
18134,2714167,4.0
14965,2704011,4.0
127,2711845,4.0
2202,2680935,4.0
8539,2714243,4.0
16009,2708962,4.0
29556,2715302,4.0
8106,2729124,4.0
41693,2727174,4.0
7310,2691642,4.0
26509,2704917,4.0
696,2723612,4.0
7071,2703566,4.0
6260,2734851,4.0
26195,2720618,4.0
5650,2711940,4.0
5650,2695947,4.0
10680,2718957,4.0
20138,2697882,4.0
10911,2679460,4.0
32799,2714630,4.0
11808,2698719,4.0
1646,2719813,4.0
38923,2726500,4.0
11777,2697872,4.0
5759,2702601,4.0
17247,2705478,4.0
6988,2707330,4.0
10995,2698590,4.0
34260,2697296,4.0
16587,2714480,4.0
23176,2702063,4.0
16450,2720684,4.0
25473,2716498,4.0
696,2732488,4.0
9080,2707416,4.0
62,2733910,4.0
12579,2704938,4.0
7830,2716633,4.0
39093,2720750,4.0
10995,2719071,4.0
6093,2704218,4.0
10159,2688341,4.0
5970,2697407,4.0
18419,2714574,4.0
17411,2703965,4.0
11127,2704982,4.0
7513,2710661,4.0
36685,2720980,4.0
21,2706610,4.0
12447,2715280,4.0
834,2716407,4.0
1660,2708300,4.0
29849,2720146,4.0
16450,2723321,4.0
32955,2714719,4.0
21705,2718596,4.0
19494,2716367,4.0
48428,2719127,4.0
19164,2718606,4.0
7568,2722438,4.0
21088,2697499,4.0
834,2710803,4.0
22105,2734459,4.0
14348,2697713,4.0
8871,2677035,4.0
2197,2699895,4.0
11051,2726188,4.0
39460,2725087,4.0
29046,2713646,4.0
8217,2718598,4.0
18966,2713038,4.0
10784,2698830,4.0
11253,2712207,4.0
21048,2706684,4.0
31040,2715538,4.0
34834,2724011,4.0
7830,2722679,4.0
20138,2713298,4.0
18499,2712656,4.0
20013,2721568,4.0
4983,2688098,4.0
9205,2707760,4.0
3653,2711893,4.0
3127,2719506,4.0
1418,2709676,4.0
24322,2711087,4.0
3844,2709921,4.0
2066,2695012,4.0
18966,2720187,4.0
46118,2712299,4.0
26416,2715533,4.0
11808,2708942,4.0
7979,2723371,4.0
696,2716607,4.0
7830,2721329,4.0
7910,2725514,4.0
27521,2714844,4.0
166,2707406,4.0
7851,2706544,4.0
1418,2708522,4.0
20293,2709664,4.0
5650,2699872,4.0
46988,2731364,4.0
8519,2704976,4.0
6260,2701720,4.0
186,2702053,4.0
23169,2708267,4.0
48195,2726865,4.0
7479,2705184,4.0
7906,2709893,4.0
18677,2718418,4.0
33705,2725807,4.0
6260,2722813,4.0
24478,2732504,4.0
19822,2713498,4.0
16104,2704837,4.0
24339,2693040,4.0
7161,2726120,4.0
8790,2719492,4.0
12498,2707763,4.0
32089,2716544,4.0
39855,2718167,4.0
6373,2702047,4.0
1295,2707694,4.0
25196,2702072,4.0
40474,2724930,4.0
1706,2730433,4.0
1418,2710241,4.0
8288,2727576,4.0
9228,2730546,4.0
8572,2692149,4.0
26834,2717971,4.0
16346,2714895,4.0
6260,2698921,4.0
6782,2702770,4.0
8534,2702756,4.0
9479,2703716,4.0
1295,2723120,4.0
10921,2707426,4.0
18392,2705170,4.0
32607,2719376,4.0
25516,2718290,4.0
5650,2712504,4.0
4910,2704385,4.0
2202,2704657,4.0
5409,2728572,4.0
46546,2732426,4.0
23412,2710721,4.0
9506,2717677,4.0
39838,2729909,4.0
8469,2704183,4.0
1418,2723773,4.0
24483,2717845,4.0
29347,2721577,4.0
14375,2687925,4.0
1217,2688339,4.0
19256,2702036,4.0
18422,2709997,4.0
3624,2718732,4.0
9714,2720075,4.0
7830,2722681,4.0
34217,2733056,4.0
8758,2699903,4.0
16104,2707312,4.0
6619,2714092,4.0
24849,2712844,4.0
22554,2689370,4.0
33705,2726908,4.0
6447,2690716,4.0
41233,2721251,4.0
4698,2716810,4.0
46627,2731915,4.0
834,2719236,4.0
62,2730079,4.0
11127,2707375,4.0
7645,2711215,4.0
16110,2710846,4.0
9396,2704121,4.0
10880,2681567,4.0
19373,2701093,4.0
1706,2724791,4.0
62,2711848,4.0
406,2706120,4.0
49374,2719167,4.0
10137,2704917,4.0
10784,2706537,4.0
35213,2724415,4.0
834,2721026,4.0
10865,2704184,4.0
19916,2723906,4.0
3871,2690044,4.0
15813,2708529,4.0
8534,2711912,4.0
37036,2719817,4.0
6622,2683938,4.0
30,2718368,4.0
10011,2716813,4.0
45516,2723104,4.0
16424,2720517,4.0
29046,2712881,4.0
186,2704777,4.0
22799,2711851,4.0
1552,2706021,4.0
9265,2697918,4.0
22886,2735518,4.0
12497,2703175,4.0
27462,2719498,4.0
53,2709445,4.0
498,2703538,4.0
44716,2731073,4.0
35795,2706499,4.0
36913,2716837,4.0
17848,2724390,4.0
5645,2688206,4.0
3428,2698627,4.0
7310,2733669,4.0
32488,2722883,4.0
7719,2717468,4.0
834,2733438,4.0
44072,2727598,4.0
15493,2694654,4.0
23206,2695216,4.0
696,2713507,4.0
2341,2693478,4.0
696,2718382,4.0
889,2705500,4.0
1295,2701285,4.0
16316,2713371,4.0
834,2702154,4.0
7241,2703869,4.0
16346,2715381,4.0
18419,2695227,4.0
16718,2716733,4.0
5759,2707325,4.0
1660,2716097,4.0
10680,2732195,4.0
10995,2715722,4.0
40477,2727197,4.0
22757,2708542,4.0
7908,2692865,4.0
21,2694017,4.0
9151,2706649,4.0
16009,2715628,4.0
20459,2713563,4.0
20797,2727760,4.0
39503,2726118,4.0
10784,2710611,4.0
12044,2712315,4.0
14840,2705494,4.0
11795,2701074,4.0
19632,2716810,4.0
4697,2685763,4.0
22232,2720074,4.0
45864,2718042,4.0
1158,2707022,4.0
3917,2704803,4.0
30,2731433,4.0
889,2718436,4.0
4985,2725012,4.0
7814,2721109,4.0
1418,2712656,4.0
15975,2712623,4.0
25194,2712951,4.0
37406,2719216,4.0
7830,2709675,4.0
19699,2703257,4.0
1158,2704183,4.0
11612,2708331,4.0
37700,2719216,4.0
8534,2703356,4.0
24647,2706551,4.0
27111,2719104,4.0
21,2699604,4.0
17479,2696859,4.0
8370,2689100,4.0
25552,2707319,4.0
12498,2704638,4.0
15568,2722778,4.0
11475,2723246,4.0
5759,2707279,4.0
22549,2704414,4.0
4424,2685825,4.0
21924,2701757,4.0
33719,2710919,4.0
16422,2724756,4.0
30,2727387,4.0
15757,2721732,4.0
19074,2722128,4.0
3003,2715861,4.0
360,2703198,4.0
33159,2716653,4.0
1158,2715067,4.0
14428,2712284,4.0
26509,2716841,4.0
5360,2703176,4.0
17846,2725561,4.0
16244,2722671,4.0
11127,2714953,4.0
1158,2707312,4.0
7990,2696927,4.0
7457,2701748,4.0
22668,2708754,4.0
8002,2700210,4.0
696,2710222,4.0
2197,2727066,4.0
2368,2702701,4.0
10087,2720163,4.0
11211,2713620,4.0
6773,2703794,4.0
4540,2700672,4.0
6330,2705194,4.0
7241,2717593,4.0
14430,2703846,4.0
41693,2727317,4.0
7830,2727319,4.0
31758,2721324,4.0
7830,2719119,4.0
24006,2707968,4.0
834,2708919,4.0
48656,2735435,4.0
7934,2707100,4.0
28129,2706655,4.0
26702,2718346,4.0
25,2724146,4.0
2405,2699993,4.0
29449,2723610,4.0
62,2717267,4.0
8370,2704163,4.0
36685,2714643,4.0
25552,2719324,4.0
3455,2704710,4.0
8731,2727609,4.0
10430,2695876,4.0
2569,2732758,4.0
31349,2719481,4.0
16256,2721603,4.0
935,2729206,4.0
35060,2715863,4.0
2991,2686672,4.0
33911,2717550,4.0
44715,2725175,4.0
38966,2725640,4.0
45409,2728137,4.0
1418,2717627,4.0
15792,2727110,4.0
7378,2706105,4.0
20640,2712654,4.0
7589,2707207,4.0
12514,2704307,4.0
193,2704805,4.0
7830,2720873,4.0
18966,2726228,4.0
20202,2712434,4.0
9089,2713001,4.0
17113,2726399,4.0
3003,2723027,4.0
30,2715986,4.0
19699,2729622,4.0
39838,2724773,4.0
7457,2698172,4.0
9495,2724959,4.0
46015,2730985,4.0
2951,2703956,4.0
10680,2714173,4.0
15737,2707511,4.0
3127,2719601,4.0
1295,2719967,4.0
16269,2712289,4.0
28129,2711701,4.0
6545,2710601,4.0
26417,2710581,4.0
6782,2703701,4.0
14928,2696771,4.0
35454,2719216,4.0
5759,2707357,4.0
11584,2715632,4.0
32890,2720801,4.0
22898,2715615,4.0
40050,2726220,4.0
2116,2689831,4.0
7272,2710654,4.0
6373,2713931,4.0
7974,2680840,4.0
17247,2715011,4.0
53,2716242,4.0
17816,2726754,4.0
11575,2710535,4.0
34378,2712011,4.0
6803,2698640,4.0
7830,2709220,4.0
28702,2716704,4.0
10342,2704666,4.0
9768,2696954,4.0
16450,2716933,4.0
2193,2708556,4.0
23169,2727261,4.0
22897,2686873,4.0
28828,2716812,4.0
7586,2706738,4.0
15890,2726494,4.0
23770,2707322,4.0
17411,2709228,4.0
17592,2712370,4.0
7378,2703442,4.0
7830,2707285,4.0
12044,2698632,4.0
30,2720154,4.0
21025,2713767,4.0
2197,2728889,4.0
21980,2717621,4.0
1848,2700914,4.0
23042,2706686,4.0
166,2701439,4.0
43353,2718200,4.0
2585,2693868,4.0
33193,2717398,4.0
47047,2718850,4.0
16100,2711034,4.0
24339,2698210,4.0
7290,2710582,4.0
2840,2714431,4.0
41024,2726085,4.0
3696,2704944,4.0
37081,2725338,4.0
47289,2725418,4.0
41305,2719321,4.0
48428,2719265,4.0
12850,2704938,4.0
34051,2716945,4.0
2197,2702079,4.0
28637,2719335,4.0
20889,2714997,4.0
24125,2709502,4.0
29032,2717130,4.0
6533,2714227,4.0
10359,2708420,4.0
38359,2698767,4.0
19017,2715441,4.0
39503,2719571,4.0
2197,2714605,4.0
3696,2696831,4.0
7310,2712268,4.0
2193,2724982,4.0
48549,2722465,4.0
17111,2727201,4.0
19699,2725704,4.0
2612,2688095,4.0
498,2692818,4.0
49190,2728642,4.0
10087,2714665,4.0
20207,2711699,4.0
48374,2717518,4.0
17186,2704482,4.0
3175,2690379,4.0
46481,2732486,4.0
5974,2731631,4.0
27274,2722813,4.0
4501,2714916,4.0
9241,2693868,4.0
17669,2708381,4.0
6789,2734623,4.0
7503,2726509,4.0
33705,2716810,4.0
8086,2693966,4.0
25102,2716829,4.0
2563,2709920,4.0
19552,2718514,4.0
11127,2716746,4.0
23978,2716361,4.0
8469,2704189,4.0
6330,2714967,4.0
6373,2715580,4.0
3205,2710371,4.0
151,2723359,4.0
9303,2689680,4.0
16104,2725043,4.0
32799,2735339,4.0
29756,2721593,4.0
6313,2692376,4.0
3493,2728758,4.0
3446,2705902,4.0
12850,2689721,4.0
31513,2705661,4.0
41075,2720769,4.0
508,2715294,4.0
3424,2701507,4.0
45869,2714027,4.0
2585,2717469,4.0
508,2708931,4.0
5650,2717448,4.0
8637,2729538,4.0
889,2716249,4.0
23,2721205,4.0
3696,2702042,4.0
30,2705239,4.0
7457,2703337,4.0
24628,2707117,4.0
1379,2717305,4.0
10264,2714554,4.0
696,2712839,4.0
2193,2725068,4.0
36770,2712733,4.0
8534,2722699,4.0
38671,2732506,4.0
1980,2695857,4.0
7830,2712104,4.0
34574,2711430,4.0
6373,2720529,4.0
3145,2695235,4.0
16104,2730817,4.0
24314,2717796,4.0
498,2720376,4.0
23483,2725803,4.0
1158,2707655,4.0
48656,2728603,4.0
16691,2713310,4.0
17786,2702181,4.0
16412,2715302,4.0
32488,2713482,4.0
21015,2703759,4.0
4560,2709524,4.0
15437,2721265,4.0
22322,2705762,4.0
38966,2726463,4.0
5759,2706714,4.0
10489,2704666,4.0
10270,2698067,4.0
35479,2720672,4.0
5119,2717084,4.0
45339,2720397,4.0
41693,2726679,4.0
27349,2712438,4.0
11002,2698813,4.0
16882,2683873,4.0
29727,2718580,4.0
29109,2716810,4.0
12470,2707408,4.0
1418,2704473,4.0
15052,2711113,4.0
19079,2721448,4.0
7830,2720751,4.0
6420,2689985,4.0
23074,2709620,4.0
24314,2703846,4.0
6447,2698630,4.0
6728,2714145,4.0
3003,2726718,4.0
7830,2719965,4.0
3003,2719328,4.0
35764,2708953,4.0
24647,2715846,4.0
5144,2717975,4.0
43353,2722691,4.0
19916,2728027,4.0
19164,2722714,4.0
7568,2722892,4.0
26509,2703249,4.0
38199,2719962,4.0
45461,2730956,4.0
12329,2711890,4.0
16238,2730183,4.0
2197,2736264,4.0
24933,2706660,4.0
5650,2715316,4.0
11002,2715100,4.0
26039,2719027,4.0
16343,2728592,4.0
7830,2710407,4.0
8447,2736931,4.0
16381,2709460,4.0
11127,2720059,4.0
12222,2701033,4.0
6531,2716763,4.0
12208,2708627,4.0
1295,2703020,4.0
18966,2717129,4.0
7316,2705873,4.0
1968,2696391,4.0
834,2727542,4.0
5119,2719082,4.0
4114,2723906,4.0
11479,2703247,4.0
3785,2714464,4.0
44715,2723335,4.0
47773,2734835,4.0
8302,2724908,4.0
3950,2694662,4.0
29400,2704290,4.0
889,2703388,4.0
23712,2698064,4.0
10680,2727030,4.0
4769,2719328,4.0
6250,2721981,4.0
20947,2726169,4.0
49181,2719353,4.0
3917,2715686,4.0
45102,2727426,4.0
3003,2699871,4.0
18167,2707827,4.0
37128,2720991,4.0
7830,2726558,4.0
1137,2706268,4.0
45867,2726239,4.0
2878,2692000,4.0
13093,2691997,4.0
1408,2706037,4.0
40050,2726219,4.0
15890,2728100,4.0
1418,2719541,4.0
7830,2721660,4.0
28619,2708966,4.0
62,2706534,4.0
696,2711822,4.0
11002,2710416,4.0
2197,2712027,4.0
19552,2719290,4.0
19267,2711244,4.0
19593,2698671,4.0
3283,2711681,4.0
12764,2699082,4.0
2197,2718268,4.0
166,2686171,4.0
30,2708342,4.0
2254,2705038,4.0
44882,2721929,4.0
14378,2691948,4.0
7811,2706873,4.0
19843,2708219,4.0
5409,2690038,4.0
193,2722620,4.0
9210,2714674,4.0
33297,2717411,4.0
12324,2706850,4.0
23401,2714846,4.0
48428,2719129,4.0
24882,2716973,4.0
5292,2703767,4.0
3917,2719290,4.0
10098,2708385,4.0
4394,2698605,4.0
33193,2717407,4.0
1418,2713318,4.0
5326,2702914,4.0
32799,2734875,4.0
1865,2707197,4.0
22222,2718594,4.0
10137,2704907,4.0
23042,2722399,4.0
25552,2713756,4.0
2506,2686049,4.0
5650,2693213,4.0
29032,2709996,4.0
31111,2730410,4.0
23796,2704900,4.0
13873,2698318,4.0
2044,2731386,4.0
15137,2729177,4.0
48826,2732485,4.0
26509,2717447,4.0
7719,2721608,4.0
11002,2697883,4.0
3440,2706034,4.0
28763,2718042,4.0
8758,2722626,4.0
15069,2697625,4.0
8758,2694886,4.0
25704,2715244,4.0
16450,2720780,4.0
35400,2731088,4.0
23327,2714618,4.0
21,2707679,4.0
34260,2715131,4.0
24062,2717281,4.0
11027,2705570,4.0
193,2714856,4.0
27168,2719724,4.0
15890,2717098,4.0
17428,2722300,4.0
23689,2704414,4.0
5256,2695017,4.0
22559,2714929,4.0
6215,2722913,4.0
8217,2704889,4.0
4297,2689978,4.0
35400,2724008,4.0
11241,2709477,4.0
20924,2708094,4.0
12484,2707016,4.0
8826,2708442,4.0
6782,2689516,4.0
34260,2701043,4.0
22680,2709788,4.0
19494,2719506,4.0
31157,2721407,4.0
29727,2712105,4.0
22757,2707449,4.0
49190,2726954,4.0
6394,2714093,4.0
26675,2730130,4.0
7897,2711349,4.0
7660,2730968,4.0
9685,2703639,4.0
12862,2707088,4.0
17049,2705170,4.0
28672,2714855,4.0
5974,2696326,4.0
13813,2678543,4.0
12764,2702135,4.0
3917,2705957,4.0
7331,2735638,4.0
1418,2708067,4.0
13043,2711724,4.0
1397,2718315,4.0
23130,2716498,4.0
47220,2720809,4.0
11002,2695072,4.0
7897,2707700,4.0
11127,2704820,4.0
1295,2705548,4.0
18677,2715879,4.0
11387,2704429,4.0
16374,2698135,4.0
11127,2726178,4.0
27226,2726061,4.0
1295,2719418,4.0
13533,2699924,4.0
3647,2719481,4.0
13518,2707683,4.0
28793,2724680,4.0
27168,2719492,4.0
29430,2716726,4.0
16110,2712742,4.0
20033,2723245,4.0
12324,2727287,4.0
17763,2710032,4.0
32544,2721373,4.0
17245,2718855,4.0
39855,2723229,4.0
6093,2704212,4.0
16766,2714579,4.0
18966,2726218,4.0
1295,2712276,4.0
47773,2733028,4.0
18776,2726701,4.0
4540,2704408,4.0
38664,2716810,4.0
6373,2694962,4.0
12324,2711551,4.0
39980,2725512,4.0
26515,2702928,4.0
9541,2728029,4.0
31690,2718156,4.0
3768,2728146,4.0
7830,2720773,4.0
25388,2726493,4.0
18997,2708912,4.0
47114,2732397,4.0
46546,2732255,4.0
20924,2715517,4.0
7208,2705579,4.0
834,2707359,4.0
2341,2687070,4.0
4769,2698095,4.0
36299,2711948,4.0
7406,2705500,4.0
46530,2722383,4.0
285,2696122,4.0
37001,2710220,4.0
10658,2706055,4.0
19916,2723765,4.0
23401,2711357,4.0
37406,2707326,4.0
9385,2695532,4.0
12738,2699855,4.0
28603,2706537,4.0
8550,2720391,4.0
5409,2711376,4.0
24056,2707402,4.0
2197,2710492,4.0
11874,2718200,4.0
8447,2734594,4.0
30260,2719945,4.0
39503,2723796,4.0
13644,2706594,4.0
1893,2687991,4.0
6260,2728055,4.0
9089,2700618,4.0
21680,2716669,4.0
11741,2708364,4.0
3493,2702770,4.0
6789,2716722,4.0
7316,2705883,4.0
29109,2717093,4.0
28940,2717398,4.0
25388,2732382,4.0
7807,2711928,4.0
1645,2685923,4.0
11127,2702049,4.0
7990,2696896,4.0
22269,2713819,4.0
7830,2720712,4.0
6260,2728014,4.0
10995,2687039,4.0
36685,2723991,4.0
49628,2718381,4.0
7406,2722961,4.0
24613,2714559,4.0
36335,2731344,4.0
25080,2717875,4.0
11002,2706634,4.0
21,2705801,4.0
1255,2700962,4.0
1295,2713795,4.0
12197,2699807,4.0
29046,2715346,4.0
3411,2708409,4.0
33736,2713166,4.0
6260,2715133,4.0
12587,2712122,4.0
15331,2706084,4.0
1430,2705065,4.0
1418,2718171,4.0
23224,2717007,4.0
25194,2711396,4.0
21465,2713584,4.0
17574,2705386,4.0
25516,2710021,4.0
15590,2714914,4.0
10107,2714225,4.0
6471,2720323,4.0
18966,2716837,4.0
14954,2702062,4.0
18760,2715851,4.0
3874,2705103,4.0
6373,2721103,4.0
23130,2716459,4.0
10264,2726508,4.0
16104,2712986,4.0
5315,2702330,4.0
7210,2730166,4.0
35227,2722574,4.0
30,2710459,4.0
11955,2707473,4.0
4430,2723160,4.0
11127,2709702,4.0
12470,2698677,4.0
6373,2717667,4.0
12324,2706980,4.0
6373,2715582,4.0
258,2715545,4.0
7897,2730593,4.0
121,2714409,4.0
2202,2697283,4.0
48826,2726208,4.0
38697,2710045,4.0
18966,2708601,4.0
4769,2733866,4.0
1418,2708516,4.0
35479,2711454,4.0
21518,2713545,4.0
2354,2710641,4.0
17120,2698792,4.0
22673,2699864,4.0
8648,2707931,4.0
43996,2728406,4.0
22365,2695992,4.0
13363,2691997,4.0
15656,2711339,4.0
2368,2694570,4.0
11808,2701033,4.0
7080,2695036,4.0
29968,2686892,4.0
19679,2727762,4.0
17758,2701661,4.0
34364,2722982,4.0
696,2715304,4.0
16573,2711185,4.0
17245,2713728,4.0
7830,2708505,4.0
47473,2720225,4.0
1,2726478,4.0
3917,2706665,4.0
18836,2710442,4.0
3127,2719506,4.0
4560,2713533,4.0
776,2723602,4.0
1991,2704711,4.0
17816,2692414,4.0
45336,2731625,4.0
7586,2706209,4.0
62,2706553,4.0
23452,2714198,4.0
8534,2715302,4.0
37036,2720822,4.0
3145,2720784,4.0
7807,2714907,4.0
19279,2698454,4.0
16100,2715248,4.0
12191,2699549,4.0
17462,2707882,4.0
5759,2702698,4.0
8871,2704013,4.0
17739,2714601,4.0
31665,2706923,4.0
2386,2684098,4.0
20924,2706297,4.0
62,2698885,4.0
19944,2707402,4.0
33646,2727303,4.0
19699,2705075,4.0
7554,2697231,4.0
9856,2708406,4.0
3387,2703606,4.0
41791,2722326,4.0
1893,2732853,4.0
3925,2705481,4.0
18697,2711042,4.0
23224,2725014,4.0
7241,2729197,4.0
3446,2704646,4.0
7979,2707622,4.0
47369,2733866,4.0
10784,2706551,4.0
31264,2718632,4.0
834,2718623,4.0
834,2713517,4.0
29488,2698577,4.0
121,2708407,4.0
16357,2702637,4.0
27356,2713115,4.0
9265,2707659,4.0
18376,2729502,4.0
33705,2718171,4.0
32772,2720831,4.0
3917,2707013,4.0
9205,2703100,4.0
41065,2725269,4.0
17808,2698032,4.0
6161,2689978,4.0
10536,2707438,4.0
7934,2705906,4.0
834,2721553,4.0
2197,2708134,4.0
22365,2696032,4.0
10159,2712603,4.0
396,2704450,4.0
19066,2734311,4.0
7890,2692001,4.0
21066,2707316,4.0
16357,2708135,4.0
35991,2715459,4.0
26713,2718452,4.0
15329,2711604,4.0
29488,2718452,4.0
11612,2706613,4.0
6818,2714649,4.0
6373,2713229,4.0
11211,2703097,4.0
62,2729549,4.0
35925,2722889,4.0
45336,2732873,4.0
7241,2722711,4.0
3107,2698449,4.0
18760,2713244,4.0
33093,2707470,4.0
8651,2695422,4.0
34260,2722716,4.0
8726,2691724,4.0
8534,2715272,4.0
18833,2707082,4.0
2992,2723568,4.0
43353,2727319,4.0
7719,2733434,4.0
8520,2726751,4.0
22212,2720330,4.0
17411,2708248,4.0
14126,2704311,4.0
2193,2707201,4.0
20647,2730327,4.0
47658,2731236,4.0
35479,2717420,4.0
11889,2731496,4.0
7912,2686561,4.0
4394,2706612,4.0
834,2716721,4.0
3455,2688512,4.0
40050,2713067,4.0
19699,2715756,4.0
1418,2718310,4.0
1660,2686847,4.0
2593,2707753,4.0
17186,2725391,4.0
2390,2691642,4.0
24647,2717971,4.0
18084,2710590,4.0
2624,2688754,4.0
32992,2728619,4.0
17428,2705513,4.0
47837,2731586,4.0
13644,2702015,4.0
25237,2731120,4.0
6260,2715127,4.0
20053,2714362,4.0
36685,2718828,4.0
22429,2712636,4.0
29849,2713643,4.0
285,2691669,4.0
17763,2703983,4.0
40050,2713048,4.0
3571,2706545,4.0
31758,2719911,4.0
48397,2714965,4.0
2951,2733800,4.0
8288,2721408,4.0
33193,2715855,4.0
17567,2697039,4.0
16290,2705092,4.0
12863,2709463,4.0
34364,2719615,4.0
43996,2728696,4.0
10664,2713287,4.0
39830,2724575,4.0
2368,2703377,4.0
39093,2711268,4.0
12645,2720477,4.0
17499,2725301,4.0
39503,2715197,4.0
2197,2733409,4.0
29371,2705219,4.0
5541,2723072,4.0
5974,2688924,4.0
2955,2720367,4.0
7378,2689581,4.0
11002,2712596,4.0
11475,2717311,4.0
3653,2719685,4.0
39279,2712082,4.0
33736,2710831,4.0
2569,2706041,4.0
4985,2722946,4.0
4560,2715061,4.0
34699,2710664,4.0
6330,2699545,4.0
21980,2725803,4.0
17136,2703952,4.0
25774,2709736,4.0
40001,2714712,4.0
1861,2694926,4.0
2778,2727841,4.0
16104,2727328,4.0
26801,2714941,4.0
25590,2734383,4.0
18214,2712280,4.0
7830,2716327,4.0
31967,2714152,4.0
2066,2706465,4.0
12740,2707639,4.0
25069,2712450,4.0
23,2706181,4.0
7830,2711729,4.0
6730,2719994,4.0
21491,2714860,4.0
13977,2708107,4.0
25718,2711087,4.0
1967,2699752,4.0
18376,2722687,4.0
696,2704424,4.0
48348,2726955,4.0
28763,2717398,4.0
21705,2721001,4.0
7830,2736260,4.0
5759,2694493,4.0
5409,2718629,4.0
2197,2717332,4.0
6369,2702373,4.0
35227,2717543,4.0
4918,2698238,4.0
19279,2731069,4.0
32001,2715357,4.0
29449,2728588,4.0
18880,2710774,4.0
21113,2722419,4.0
30,2712361,4.0
23,2718686,4.0
24125,2715730,4.0
13137,2696631,4.0
35795,2709071,4.0
33911,2720872,4.0
18966,2718894,4.0
43353,2726602,4.0
2257,2716443,4.0
49007,2717495,4.0
6536,2704635,4.0
23796,2713629,4.0
62,2717219,4.0
25251,2719494,4.0
3917,2704199,4.0
4985,2688464,4.0
10024,2719338,4.0
5759,2693611,4.0
21113,2714475,4.0
35133,2718674,4.0
23395,2713714,4.0
9876,2726793,4.0
1418,2709135,4.0
34860,2715635,4.0
26675,2706258,4.0
27354,2717662,4.0
36382,2731951,4.0
44985,2723631,4.0
877,2723745,4.0
26509,2715531,4.0
1967,2715074,4.0
15590,2714287,4.0
8551,2720006,4.0
27356,2719151,4.0
9714,2712346,4.0
28556,2717312,4.0
2197,2722362,4.0
3917,2712298,4.0
11575,2735570,4.0
1522,2688271,4.0
834,2711532,4.0
16343,2720223,4.0
39830,2721951,4.0
164,2696836,4.0
3102,2701081,4.0
34266,2717493,4.0
20033,2719095,4.0
17104,2713339,4.0
16191,2711607,4.0
14107,2702097,4.0
27049,2705882,4.0
37001,2713690,4.0
6689,2709387,4.0
11002,2712735,4.0
13105,2695882,4.0
14825,2713809,4.0
1879,2711821,4.0
47658,2732961,4.0
27168,2718374,4.0
32089,2697983,4.0
834,2731189,4.0
834,2735355,4.0
26509,2722734,4.0
20692,2733162,4.0
1335,2694553,4.0
45033,2725376,4.0
167,2722029,4.0
2197,2733735,4.0
2197,2709278,4.0
26270,2704639,4.0
39158,2717096,4.0
3003,2708589,4.0
27578,2718111,4.0
22365,2707919,4.0
2193,2715305,4.0
7788,2693643,4.0
4501,2688752,4.0
20509,2704372,4.0
186,2689970,4.0
2991,2709847,4.0
20002,2731533,4.0
47047,2731452,4.0
19699,2713051,4.0
9317,2726224,4.0
21,2707666,4.0
17232,2719679,4.0
25069,2718418,4.0
3917,2701736,4.0
22348,2714968,4.0
17245,2716464,4.0
33853,2719128,4.0
30,2709805,4.0
21,2704169,4.0
43152,2714222,4.0
21535,2716711,4.0
8572,2723499,4.0
1706,2721811,4.0
1158,2723359,4.0
2197,2711281,4.0
37128,2725998,4.0
20013,2711562,4.0
45336,2724741,4.0
29556,2719361,4.0
45705,2731492,4.0
6545,2711375,4.0
39693,2713060,4.0
5360,2703108,4.0
7990,2699866,4.0
7479,2731652,4.0
15309,2712926,4.0
11145,2705216,4.0
38671,2719383,4.0
14902,2706495,4.0
10921,2734401,4.0
4769,2724561,4.0
11575,2725697,4.0
36382,2720861,4.0
8288,2709922,4.0
24209,2717318,4.0
30662,2706775,4.0
11430,2707493,4.0
5400,2701859,4.0
18884,2709687,4.0
24613,2717264,4.0
3107,2726527,4.0
12182,2710150,4.0
5124,2703548,4.0
6093,2706893,4.0
17595,2711933,4.0
29488,2718397,4.0
10342,2691858,4.0
21332,2721766,4.0
3003,2722738,4.0
24339,2703756,4.0
45864,2730085,4.0
14154,2710127,4.0
3571,2701439,4.0
26340,2714588,4.0
48374,2724773,4.0
41065,2726904,4.0
6447,2703199,4.0
1508,2688342,4.0
25194,2726137,4.0
696,2711815,4.0
12850,2704108,4.0
19593,2705492,4.0
15101,2710848,4.0
18422,2712042,4.0
7934,2704296,4.0
31674,2722954,4.0
7211,2713804,4.0
6619,2720203,4.0
17714,2698789,4.0
19494,2717878,4.0
9156,2721353,4.0
15101,2727451,4.0
34940,2712342,4.0
2354,2690027,4.0
22668,2704711,4.0
16243,2729287,4.0
7974,2723702,4.0
9089,2734595,4.0
27206,2711560,4.0
30,2728946,4.0
16104,2705392,4.0
21066,2713038,4.0
7830,2716374,4.0
14277,2710661,4.0
1295,2725800,4.0
10137,2704921,4.0
1158,2711375,4.0
17680,2712519,4.0
3174,2699813,4.0
7830,2720910,4.0
11489,2706310,4.0
4964,2720029,4.0
37870,2712761,4.0
3696,2719984,4.0
4985,2707254,4.0
2197,2720715,4.0
22886,2726033,4.0
21491,2714835,4.0
21453,2711090,4.0
5759,2696456,4.0
49192,2735074,4.0
22757,2735786,4.0
12044,2732406,4.0
6012,2713385,4.0
3102,2702114,4.0
15069,2724191,4.0
29849,2715758,4.0
2991,2701809,4.0
28725,2714402,4.0
3917,2710940,4.0
42463,2726310,4.0
5292,2689879,4.0
40477,2712931,4.0
16009,2700424,4.0
834,2734875,4.0
3917,2708279,4.0
7331,2735570,4.0
19699,2729618,4.0
834,2723661,4.0
11002,2710084,4.0
37803,2725130,4.0
16104,2708388,4.0
16450,2720683,4.0
156,2704204,4.0
10087,2735509,4.0
3917,2732227,4.0
21,2692865,4.0
7830,2720198,4.0
16572,2714051,4.0
24837,2703184,4.0
33488,2731675,4.0
11002,2695328,4.0
2866,2698750,4.0
22212,2707028,4.0
834,2718752,4.0
25830,2716630,4.0
16632,2705491,4.0
2806,2705908,4.0
17111,2704711,4.0
2840,2727083,4.0
6330,2712490,4.0
16904,2701382,4.0
8125,2705074,4.0
9223,2714577,4.0
8531,2700199,4.0
13137,2710376,4.0
6420,2733790,4.0
6619,2729532,4.0
39358,2722697,4.0
41791,2722341,4.0
40105,2719963,4.0
9089,2733548,4.0
508,2700917,4.0
17574,2713488,4.0
35133,2712000,4.0
45409,2725709,4.0
18880,2709019,4.0
7851,2725037,4.0
23482,2727273,4.0
3003,2713745,4.0
16104,2714204,4.0
6394,2707755,4.0
4558,2707218,4.0
1522,2705040,4.0
45864,2720570,4.0
16009,2711602,4.0
1500,2674620,4.0
30,2731436,4.0
2878,2704067,4.0
14928,2707089,4.0
1335,2697391,4.0
39143,2706735,4.0
16343,2730875,4.0
18997,2710236,4.0
4769,2723648,4.0
40050,2716733,4.0
18677,2698165,4.0
5170,2705137,4.0
35133,2718610,4.0
1418,2713136,4.0
41024,2729303,4.0
31308,2720043,4.0
696,2712855,4.0
834,2718967,4.0
43548,2724696,4.0
27297,2715043,4.0
11359,2706247,4.0
41791,2729949,4.0
19699,2714956,4.0
14348,2701892,4.0
35060,2720650,4.0
31882,2718403,4.0
1217,2687988,4.0
3440,2712976,4.0
186,2685679,4.0
17247,2713704,4.0
1217,2685985,4.0
1430,2715738,4.0
8534,2706787,4.0
22394,2713222,4.0
43825,2728592,4.0
16104,2713585,4.0
834,2713276,4.0
41633,2723229,4.0
19632,2726669,4.0
16104,2715851,4.0
7897,2707887,4.0
22289,2714229,4.0
18966,2708642,4.0
1295,2705210,4.0
34051,2712151,4.0
29046,2706553,4.0
12044,2703247,4.0
3205,2695806,4.0
7974,2723698,4.0
30,2722006,4.0
2819,2723210,4.0
14375,2734374,4.0
7093,2709040,4.0
11795,2709007,4.0
18465,2711581,4.0
25092,2707117,4.0
2819,2719500,4.0
40050,2725166,4.0
29449,2731249,4.0
5125,2712935,4.0
38359,2697990,4.0
23604,2712748,4.0
22670,2732926,4.0
6012,2712997,4.0
29560,2709886,4.0
11051,2694527,4.0
26675,2714303,4.0
6912,2704938,4.0
11127,2709659,4.0
29046,2722799,4.0
20509,2699934,4.0
7430,2731178,4.0
16587,2703781,4.0
21025,2695984,4.0
3874,2707199,4.0
2197,2721635,4.0
22668,2703341,4.0
2763,2707008,4.0
5759,2707264,4.0
10898,2729584,4.0
12740,2708940,4.0
26792,2715158,4.0
26791,2725919,4.0
12863,2716604,4.0
5481,2710282,4.0
3917,2715661,4.0
12447,2703861,4.0
22296,2704434,4.0
2197,2705421,4.0
4985,2723941,4.0
41693,2727426,4.0
25552,2716332,4.0
11889,2736080,4.0
11002,2726655,4.0
16064,2703554,4.0
1893,2703102,4.0
11866,2699663,4.0
12919,2706181,4.0
16632,2713803,4.0
15899,2713938,4.0
48455,2723074,4.0
10842,2698129,4.0
40050,2714914,4.0
17247,2724873,4.0
9034,2726395,4.0
3917,2716655,4.0
17499,2706452,4.0
9215,2710429,4.0
38322,2726500,4.0
1508,2696696,4.0
8489,2699668,4.0
8534,2722953,4.0
7897,2718200,4.0
62,2716351,4.0
1295,2734891,4.0
3148,2688801,4.0
8534,2716526,4.0
33622,2720745,4.0
7830,2719899,4.0
13363,2689849,4.0
834,2709319,4.0
11479,2695444,4.0
7241,2720732,4.0
45409,2727910,4.0
8106,2712574,4.0
3769,2718627,4.0
24478,2711349,4.0
834,2718897,4.0
9856,2697978,4.0
9205,2729988,4.0
30,2726334,4.0
8086,2690872,4.0
5185,2690816,4.0
21457,2699765,4.0
38576,2722970,4.0
62,2730961,4.0
43825,2718893,4.0
186,2685816,4.0
1155,2720048,4.0
10264,2701558,4.0
508,2706484,4.0
16244,2708906,4.0
2882,2724984,4.0
7830,2716621,4.0
32758,2719658,4.0
16450,2704841,4.0
16766,2714559,4.0
33736,2723054,4.0
24613,2717868,4.0
2991,2714057,4.0
39420,2717089,4.0
7378,2704086,4.0
24436,2716361,4.0
13043,2734912,4.0
27677,2717482,4.0
166,2715921,4.0
2197,2710398,4.0
2792,2707797,4.0
16632,2701249,4.0
25102,2703003,4.0
39855,2722509,4.0
16104,2708126,4.0
4695,2724286,4.0
1,2703489,4.0
186,2702970,4.0
9241,2706372,4.0
889,2711751,4.0
26691,2703910,4.0
41296,2720968,4.0
21289,2733836,4.0
45864,2730088,4.0
35133,2708251,4.0
28253,2712053,4.0
46447,2728644,4.0
9714,2712348,4.0
3424,2690789,4.0
10664,2713409,4.0
8519,2708114,4.0
32544,2715088,4.0
45864,2731042,4.0
10995,2724672,4.0
17787,2712438,4.0
14463,2700222,4.0
22617,2711906,4.0
41693,2726818,4.0
30,2708526,4.0
3455,2705147,4.0
37750,2713949,4.0
2585,2718087,4.0
23224,2707142,4.0
7241,2716205,4.0
41893,2721955,4.0
25378,2709516,4.0
16256,2719494,4.0
48856,2720981,4.0
9479,2689169,4.0
1660,2713745,4.0
9205,2729741,4.0
20033,2712150,4.0
21457,2718125,4.0
16104,2710150,4.0
39503,2712636,4.0
47473,2735157,4.0
1158,2704163,4.0
37128,2728927,4.0
2955,2704584,4.0
26509,2699877,4.0
15052,2712291,4.0
2193,2725099,4.0
19005,2725120,4.0
1158,2725084,4.0
28556,2719982,4.0
15495,2707685,4.0
10784,2706533,4.0
48133,2720204,4.0
15568,2719289,4.0
37663,2719235,4.0
14948,2702990,4.0
2197,2701164,4.0
1158,2717594,4.0
8074,2720442,4.0
10784,2698833,4.0
8002,2703641,4.0
34772,2723103,4.0
15883,2719974,4.0
45296,2719167,4.0
29046,2716687,4.0
834,2733346,4.0
26262,2713709,4.0
5209,2713756,4.0
2695,2681717,4.0
1255,2724701,4.0
3003,2732952,4.0
12514,2687988,4.0
25552,2712550,4.0
1689,2723738,4.0
38697,2717125,4.0
8339,2712806,4.0
30,2718246,4.0
22512,2711447,4.0
298,2703131,4.0
29032,2716470,4.0
19017,2684726,4.0
15437,2730402,4.0
8337,2707570,4.0
10264,2723027,4.0
5075,2698612,4.0
17848,2716644,4.0
834,2713348,4.0
14081,2713480,4.0
4315,2707977,4.0
16417,2729056,4.0
46075,2720942,4.0
13394,2723062,4.0
8141,2714946,4.0
26509,2704921,4.0
41791,2727216,4.0
10425,2714653,4.0
7295,2705925,4.0
19458,2704454,4.0
30,2704209,4.0
5650,2706557,4.0
508,2704901,4.0
11002,2718112,4.0
21862,2725424,4.0
14303,2700707,4.0
32488,2723152,4.0
11575,2729303,4.0
19494,2722812,4.0
39273,2718197,4.0
834,2734874,4.0
22322,2714302,4.0
1968,2701735,4.0
16104,2715846,4.0
2193,2729336,4.0
28763,2717400,4.0
9714,2721968,4.0
11584,2719944,4.0
3375,2712899,4.0
11113,2714654,4.0
22601,2705369,4.0
3227,2674620,4.0
1188,2705854,4.0
817,2717541,4.0
508,2706421,4.0
33258,2720025,4.0
7378,2689567,4.0
28156,2703366,4.0
29032,2710829,4.0
22897,2703256,4.0
18545,2707408,4.0
19074,2703455,4.0
889,2711746,4.0
28725,2714034,4.0
8383,2712340,4.0
16104,2706190,4.0
43477,2719185,4.0
696,2720613,4.0
18966,2719653,4.0
2955,2727755,4.0
15397,2700060,4.0
43648,2730478,4.0
2197,2717223,4.0
1239,2696954,4.0
12006,2690038,4.0
24853,2712291,4.0
45869,2718300,4.0
32758,2714480,4.0
5970,2699847,4.0
5759,2707292,4.0
7934,2698264,4.0
27012,2714915,4.0
7830,2718579,4.0
2340,2706621,4.0
3948,2720967,4.0
9506,2716373,4.0
10921,2716833,4.0
183,2710109,4.0
14375,2687900,4.0
7830,2722922,4.0
24837,2709572,4.0
2506,2698625,4.0
19699,2719263,4.0
29463,2713592,4.0
35042,2719114,4.0
30982,2720920,4.0
16256,2719506,4.0
31239,2713770,4.0
7568,2705853,4.0
7316,2705194,4.0
9495,2711357,4.0
10784,2706553,4.0
43900,2729218,4.0
7241,2707471,4.0
5241,2705827,4.0
27578,2719824,4.0
4793,2692519,4.0
49414,2734061,4.0
40754,2720074,4.0
3173,2702687,4.0
2763,2701081,4.0
8790,2717679,4.0
13401,2712270,4.0
21048,2711538,4.0
10787,2727469,4.0
11002,2710740,4.0
186,2692313,4.0
696,2732493,4.0
25954,2713573,4.0
29727,2718588,4.0
10118,2706731,4.0
22269,2714942,4.0
18841,2702092,4.0
10370,2707116,4.0
45339,2723146,4.0
26013,2717627,4.0
18305,2709874,4.0
15031,2697118,4.0
34246,2713737,4.0
19017,2702114,4.0
47369,2726704,4.0
3191,2705315,4.0
9495,2701068,4.0
696,2714194,4.0
35479,2721411,4.0
696,2718622,4.0
6394,2707115,4.0
35991,2727245,4.0
6563,2704188,4.0
22830,2712484,4.0
48348,2733531,4.0
28619,2727606,4.0
2489,2708286,4.0
17846,2715093,4.0
834,2714968,4.0
834,2697306,4.0
1703,2679443,4.0
7530,2698035,4.0
3791,2687806,4.0
36335,2713038,4.0
7209,2715498,4.0
19751,2709324,4.0
8826,2693110,4.0
19279,2712390,4.0
4560,2711732,4.0
17550,2696051,4.0
40050,2725811,4.0
48397,2721613,4.0
30,2719595,4.0
20002,2716611,4.0
43152,2718646,4.0
696,2718631,4.0
4865,2685551,4.0
40234,2714890,4.0
19916,2714834,4.0
6373,2697875,4.0
193,2726918,4.0
5497,2708910,4.0
2197,2716447,4.0
18305,2709855,4.0
1295,2734591,4.0
6313,2683827,4.0
2902,2705101,4.0
25196,2702108,4.0
19699,2719255,4.0
35795,2713670,4.0
39093,2697191,4.0
7830,2714712,4.0
7773,2708618,4.0
39638,2728473,4.0
9242,2701566,4.0
23224,2708540,4.0
39838,2720766,4.0
27751,2718553,4.0
19699,2713668,4.0
29032,2703330,4.0
6307,2687828,4.0
12850,2721966,4.0
10673,2707139,4.0
6373,2716029,4.0
14167,2699323,4.0
23401,2697757,4.0
1295,2725751,4.0
10842,2699759,4.0
2778,2703215,4.0
26195,2722282,4.0
7807,2728572,4.0
5759,2702886,4.0
2193,2724533,4.0
4560,2696754,4.0
17557,2723213,4.0
19749,2719500,4.0
915,2706089,4.0
16450,2716953,4.0
32590,2723110,4.0
10682,2725027,4.0
2197,2729066,4.0
21813,2712881,4.0
10118,2700700,4.0
1728,2712072,4.0
6730,2723267,4.0
1514,2691718,4.0
4540,2706908,4.0
22348,2703222,4.0
25194,2716446,4.0
6330,2702982,4.0
1879,2716459,4.0
23689,2705501,4.0
9205,2696624,4.0
16450,2714807,4.0
47799,2732869,4.0
30,2710610,4.0
9205,2731182,4.0
2988,2695012,4.0
19107,2723725,4.0
29584,2720985,4.0
25622,2711332,4.0
1418,2683936,4.0
6622,2707247,4.0
19668,2696900,4.0
42870,2732876,4.0
834,2718555,4.0
24837,2716655,4.0
2763,2694570,4.0
23401,2713508,4.0
889,2711767,4.0
5650,2702979,4.0
1418,2712076,4.0
32393,2720658,4.0
7211,2714094,4.0
2569,2719065,4.0
11195,2697378,4.0
4646,2704303,4.0
4769,2704218,4.0
7830,2727181,4.0
2991,2702352,4.0
11345,2701033,4.0
47661,2731619,4.0
5083,2725084,4.0
18966,2720188,4.0
12764,2699327,4.0
24468,2723538,4.0
10264,2715450,4.0
1561,2701086,4.0
406,2730973,4.0
27356,2718873,4.0
8469,2725067,4.0
31239,2711785,4.0
21629,2735040,4.0
2197,2705883,4.0
35991,2713513,4.0
831,2720062,4.0
2197,2712105,4.0
47384,2723638,4.0
7830,2710464,4.0
32899,2721561,4.0
1915,2686049,4.0
27226,2723053,4.0
11002,2710464,4.0
33718,2718125,4.0
23823,2726801,4.0
16009,2709038,4.0
18966,2730323,4.0
16104,2705424,4.0
834,2712755,4.0
91,2696776,4.0
6373,2708263,4.0
1158,2725078,4.0
11211,2711252,4.0
41693,2726773,4.0
935,2707049,4.0
18697,2720375,4.0
18677,2731027,4.0
25664,2713696,4.0
3791,2695288,4.0
23455,2717348,4.0
6471,2705816,4.0
43825,2725520,4.0
39279,2721523,4.0
31328,2709215,4.0
696,2725041,4.0
36162,2716642,4.0
18966,2717564,4.0
39273,2718191,4.0
18887,2698735,4.0
5345,2697990,4.0
22897,2686893,4.0
5802,2695095,4.0
834,2718147,4.0
12447,2697378,4.0
6789,2692911,4.0
11808,2692472,4.0
7830,2716376,4.0
22429,2727124,4.0
19699,2698734,4.0
1991,2686882,4.0
696,2711269,4.0
31111,2719928,4.0
5119,2724850,4.0
8658,2697965,4.0
25052,2704472,4.0
25388,2733371,4.0
18465,2724482,4.0
3107,2696915,4.0
31513,2713482,4.0
15437,2724200,4.0
32590,2718658,4.0
696,2699549,4.0
21,2712723,4.0
35376,2710524,4.0
45545,2731544,4.0
2375,2707316,4.0
6257,2691884,4.0
18966,2730318,4.0
818,2687930,4.0
12055,2711317,4.0
11715,2689251,4.0
46114,2718061,4.0
7807,2728137,4.0
48195,2727087,4.0
36685,2724583,4.0
18966,2716834,4.0
1430,2712411,4.0
31111,2709293,4.0
1652,2697929,4.0
16450,2720843,4.0
48549,2718328,4.0
10787,2727496,4.0
41037,2729211,4.0
9317,2721041,4.0
24930,2705118,4.0
15437,2718223,4.0
23455,2717409,4.0
13817,2728856,4.0
7479,2692246,4.0
10658,2699472,4.0
6373,2720431,4.0
40474,2715632,4.0
2290,2704635,4.0
40050,2715469,4.0
25194,2711371,4.0
7241,2723503,4.0
23833,2700204,4.0
19699,2725705,4.0
696,2736106,4.0
27274,2729828,4.0
24613,2711349,4.0
11323,2697373,4.0
26888,2721614,4.0
9975,2701754,4.0
18407,2709852,4.0
24903,2732484,4.0
14430,2720096,4.0
45867,2732014,4.0
7830,2718137,4.0
15975,2697881,4.0
1295,2705465,4.0
34772,2723631,4.0
11387,2708752,4.0
2506,2700948,4.0
10027,2700521,4.0
166,2692471,4.0
7897,2714929,4.0
36466,2719817,4.0
6373,2720180,4.0
36471,2719974,4.0
40050,2711711,4.0
11002,2735256,4.0
16121,2695443,4.0
25830,2719143,4.0
4985,2720122,4.0
6012,2721105,4.0
35504,2719356,4.0
23130,2715143,4.0
9597,2698178,4.0
39503,2710592,4.0
20797,2727777,4.0
25194,2712968,4.0
30982,2710977,4.0
6307,2685811,4.0
32490,2706660,4.0
12053,2713993,4.0
29654,2708427,4.0
38780,2725567,4.0
25,2719203,4.0
7830,2720197,4.0
16104,2704895,4.0
4961,2701313,4.0
25562,2706646,4.0
20924,2711985,4.0
12191,2708415,4.0
8716,2712176,4.0
13577,2708097,4.0
7280,2692907,4.0
29109,2726945,4.0
309,2723639,4.0
39838,2729553,4.0
11002,2710958,4.0
13659,2710127,4.0
38438,2709953,4.0
7503,2728166,4.0
29510,2710583,4.0
36299,2712778,4.0
39122,2720345,4.0
5543,2721664,4.0
22232,2721017,4.0
31690,2715809,4.0
498,2718234,4.0
8519,2704997,4.0
10784,2713333,4.0
4953,2700188,4.0
62,2714561,4.0
33597,2713510,4.0
12514,2701243,4.0
26888,2718197,4.0
45320,2716815,4.0
1994,2713123,4.0
25388,2733166,4.0
2193,2711870,4.0
12166,2711507,4.0
14378,2708731,4.0
1295,2713798,4.0
31758,2715875,4.0
25516,2717694,4.0
10848,2707023,4.0
11002,2711283,4.0
31331,2710616,4.0
21680,2716409,4.0
5759,2695798,4.0
25590,2722813,4.0
40001,2715797,4.0
17567,2729285,4.0
37663,2722694,4.0
1967,2726389,4.0
15086,2699781,4.0
3552,2698808,4.0
25,2714879,4.0
3696,2702001,4.0
21453,2707308,4.0
17567,2696139,4.0
28638,2718152,4.0
17739,2713697,4.0
10880,2723783,4.0
9241,2703994,4.0
15143,2702665,4.0
16450,2728032,4.0
41633,2724093,4.0
9338,2696631,4.0
2489,2727155,4.0
1418,2709295,4.0
18398,2699903,4.0
46883,2724836,4.0
3917,2711697,4.0
22010,2697400,4.0
498,2703101,4.0
696,2699855,4.0
8074,2693644,4.0
11961,2731198,4.0
33705,2722447,4.0
9205,2703193,4.0
23130,2707104,4.0
23401,2714800,4.0
43868,2728317,4.0
38400,2726904,4.0
8383,2696908,4.0
7830,2716347,4.0
30209,2717404,4.0
2902,2694710,4.0
25552,2710297,4.0
16409,2724697,4.0
17245,2723458,4.0
26801,2709071,4.0
5650,2719932,4.0
1660,2715649,4.0
26792,2716762,4.0
9100,2704643,4.0
21680,2697925,4.0
12191,2697871,4.0
20947,2718501,4.0
48249,2732432,4.0
834,2735215,4.0
18955,2704059,4.0
33705,2725807,4.0
18833,2698769,4.0
7280,2702112,4.0
28129,2706659,4.0
19699,2719256,4.0
186,2704835,4.0
28611,2708287,4.0
18966,2713057,4.0
834,2725093,4.0
4009,2699821,4.0
1967,2720757,4.0
4624,2718379,4.0
25515,2717817,4.0
1879,2710534,4.0
11479,2714912,4.0
987,2710297,4.0
34217,2722922,4.0
11667,2711338,4.0
2007,2717451,4.0
16110,2711233,4.0
7211,2709278,4.0
9089,2699858,4.0
37081,2718294,4.0
41663,2728093,4.0
34260,2725423,4.0
1683,2708273,4.0
24849,2712662,4.0
20595,2715391,4.0
13404,2703033,4.0
22269,2714283,4.0
20994,2709826,4.0
10430,2687926,4.0
6260,2701492,4.0
7814,2706549,4.0
48133,2726272,4.0
23,2712014,4.0
25473,2717040,4.0
38671,2713062,4.0
7290,2710591,4.0
36298,2710800,4.0
1217,2688424,4.0
2197,2711577,4.0
39838,2729596,4.0
16191,2712602,4.0
14183,2698481,4.0
25502,2718601,4.0
47613,2720500,4.0
46481,2732482,4.0
25377,2715851,4.0
15871,2714062,4.0
8705,2706663,4.0
425,2720974,4.0
21813,2716457,4.0
7645,2697806,4.0
2366,2719052,4.0
1295,2734487,4.0
5209,2686875,4.0
6789,2725774,4.0
11575,2707848,4.0
34051,2725320,4.0
5759,2705461,4.0
9506,2730104,4.0
28539,2719897,4.0
126,2732817,4.0
6260,2734298,4.0
18412,2696924,4.0
2569,2715537,4.0
2828,2678949,4.0
20465,2715181,4.0
41693,2721633,4.0
37743,2725166,4.0
2197,2731429,4.0
53,2708297,4.0
18966,2728845,4.0
37845,2723060,4.0
40613,2722098,4.0
7830,2722667,4.0
761,2715518,4.0
24849,2734400,4.0
18214,2701119,4.0
46852,2733037,4.0
7241,2720931,4.0
19017,2702022,4.0
16009,2707717,4.0
29032,2709731,4.0
23130,2714681,4.0
12105,2727223,4.0
21936,2713699,4.0
2197,2730066,4.0
776,2703019,4.0
28129,2704072,4.0
27356,2713141,4.0
1840,2704518,4.0
42324,2726588,4.0
5481,2707189,4.0
23130,2716516,4.0
1430,2704447,4.0
13922,2681674,4.0
186,2703384,4.0
6260,2720703,4.0
16244,2708874,4.0
14303,2713170,4.0
21457,2717243,4.0
6250,2705562,4.0
9080,2707405,4.0
6093,2699864,4.0
14594,2699701,4.0
35925,2719517,4.0
19927,2704889,4.0
406,2702502,4.0
1295,2731198,4.0
7830,2730081,4.0
2045,2704595,4.0
508,2717998,4.0
2236,2722285,4.0
4847,2713214,4.0
9205,2719466,4.0
1158,2726844,4.0
20213,2711289,4.0
14840,2707261,4.0
16463,2723199,4.0
33488,2720150,4.0
20410,2713332,4.0
26134,2716114,4.0
40517,2722038,4.0
40756,2704792,4.0
36466,2711909,4.0
3917,2732226,4.0
28611,2718123,4.0
5209,2722939,4.0
1158,2729312,4.0
12191,2710555,4.0
19017,2707532,4.0
1418,2709371,4.0
7316,2704515,4.0
1168,2704395,4.0
41693,2729305,4.0
31758,2731225,4.0
11479,2705001,4.0
1418,2709907,4.0
4501,2721043,4.0
29781,2721052,4.0
11253,2696289,4.0
46307,2723699,4.0
1893,2712299,4.0
1137,2716656,4.0
10664,2731156,4.0
6420,2698033,4.0
14594,2711841,4.0
19699,2716837,4.0
14948,2697409,4.0
8302,2724316,4.0
41693,2729315,4.0
21680,2713654,4.0
3680,2714278,4.0
3447,2694098,4.0
8648,2690880,4.0
24647,2710593,4.0
21113,2715746,4.0
39855,2719559,4.0
696,2730875,4.0
23,2716805,4.0
25194,2707853,4.0
17763,2707235,4.0
18833,2693023,4.0
1295,2728570,4.0
43519,2719595,4.0
744,2706495,4.0
1968,2712753,4.0
18839,2715134,4.0
4669,2704164,4.0
5210,2712289,4.0
10270,2702937,4.0
36335,2731291,4.0
23,2706286,4.0
27226,2724273,4.0
17466,2723137,4.0
35400,2731097,4.0
39503,2728460,4.0
8609,2717544,4.0
7809,2704255,4.0
10264,2721143,4.0
9157,2691858,4.0
46530,2725109,4.0
45814,2723727,4.0
38671,2716359,4.0
21332,2727284,4.0
27274,2716850,4.0
17669,2711101,4.0
23431,2717225,4.0
19256,2705564,4.0
167,2730703,4.0
49628,2734686,4.0
8288,2722182,4.0
1295,2718724,4.0
18902,2714299,4.0
16064,2721153,4.0
16104,2717483,4.0
7719,2728551,4.0
32356,2716810,4.0
7530,2732102,4.0
38015,2698783,4.0
4312,2723602,4.0
19297,2712760,4.0
7830,2735422,4.0
696,2715272,4.0
11414,2710395,4.0
11127,2708299,4.0
11231,2718508,4.0
46307,2716379,4.0
20002,2713834,4.0
21568,2711895,4.0
28988,2708960,4.0
15909,2705866,4.0
1968,2688524,4.0
696,2707445,4.0
10264,2723027,4.0
31308,2705860,4.0
6161,2695217,4.0
12324,2730415,4.0
39533,2729545,4.0
32488,2723028,4.0
11302,2707020,4.0
13533,2718133,4.0
7071,2707785,4.0
5119,2701729,4.0
5645,2704458,4.0
39838,2729598,4.0
10473,2674600,4.0
7643,2698162,4.0
7586,2704994,4.0
31690,2711381,4.0
4315,2709242,4.0
12208,2723171,4.0
29127,2720602,4.0
29444,2714207,4.0
7830,2718606,4.0
18641,2710676,4.0
3917,2708235,4.0
48455,2733874,4.0
26416,2698440,4.0
40050,2723516,4.0
31612,2718432,4.0
47114,2725925,4.0
13209,2712261,4.0
2202,2706895,4.0
4971,2719893,4.0
8246,2722189,4.0
696,2735361,4.0
30,2700300,4.0
28793,2724014,4.0
39503,2719835,4.0
508,2733829,4.0
25718,2707477,4.0
3003,2726465,4.0
1418,2707867,4.0
889,2721923,4.0
7830,2716392,4.0
8063,2706250,4.0
696,2706966,4.0
11253,2703330,4.0
19017,2703066,4.0
8487,2691747,4.0
16343,2719482,4.0
16417,2705316,4.0
8678,2723008,4.0
2405,2702489,4.0
15757,2721744,4.0
17786,2730597,4.0
10270,2688322,4.0
1295,2703422,4.0
21,2701325,4.0
2197,2711916,4.0
15055,2705451,4.0
23483,2722078,4.0
23455,2701747,4.0
10898,2712299,4.0
25552,2707402,4.0
7316,2704656,4.0
7241,2696847,4.0
27286,2708089,4.0
15590,2708913,4.0
30,2727505,4.0
29127,2718452,4.0
45737,2730936,4.0
18376,2711697,4.0
7788,2706719,4.0
12740,2707040,4.0
7830,2720869,4.0
15101,2716082,4.0
14825,2728955,4.0
10341,2699854,4.0
36685,2719216,4.0
18392,2728325,4.0
696,2717976,4.0
889,2723567,4.0
29347,2720827,4.0
15590,2710688,4.0
11127,2724140,4.0
1660,2720289,4.0
1829,2704439,4.0
1660,2705058,4.0
2197,2730333,4.0
6330,2719965,4.0
22512,2721613,4.0
39533,2720942,4.0
22757,2711102,4.0
6988,2707328,4.0
2045,2695330,4.0
27800,2722109,4.0
11667,2693819,4.0
8758,2723008,4.0
17143,2699804,4.0
20053,2708138,4.0
5409,2731273,4.0
3003,2714207,4.0
11387,2705183,4.0
11667,2692909,4.0
15891,2709171,4.0
8106,2721462,4.0
15877,2705515,4.0
34260,2721546,4.0
33705,2725113,4.0
12329,2708595,4.0
24930,2692563,4.0
31910,2715527,4.0
29449,2727907,4.0
2885,2716778,4.0
10333,2714555,4.0
8534,2703099,4.0
17567,2715194,4.0
13919,2733808,4.0
25503,2717680,4.0
6373,2714899,4.0
21332,2727512,4.0
258,2704889,4.0
2197,2733759,4.0
9215,2715534,4.0
33193,2732191,4.0
1295,2709696,4.0
17391,2710905,4.0
11127,2723604,4.0
38359,2698783,4.0
41693,2722293,4.0
8617,2696357,4.0
12740,2728544,4.0
17846,2725563,4.0
5759,2701013,4.0
22897,2707115,4.0
19699,2703005,4.0
35925,2717239,4.0
10664,2726757,4.0
25,2713501,4.0
19749,2722811,4.0
31698,2718794,4.0
9856,2712964,4.0
41190,2726030,4.0
6536,2705203,4.0
30,2709964,4.0
11002,2706242,4.0
3455,2717407,4.0
3003,2719236,4.0
40050,2696337,4.0
45869,2716278,4.0
6545,2726113,4.0
7897,2714204,4.0
12324,2703288,4.0
3446,2701699,4.0
1879,2734856,4.0
22997,2702092,4.0
18966,2734954,4.0
14609,2710275,4.0
39927,2718805,4.0
15839,2697922,4.0
3191,2706502,4.0
36225,2727175,4.0
19107,2714770,4.0
41894,2715271,4.0
29046,2722415,4.0
8651,2719567,4.0
29280,2707794,4.0
16037,2704899,4.0
10430,2704931,4.0
8538,2723524,4.0
47837,2734028,4.0
19593,2706064,4.0
34246,2713159,4.0
6563,2704172,4.0
30,2714403,4.0
13363,2701710,4.0
7990,2695466,4.0
23786,2701045,4.0
20033,2698212,4.0
27206,2706819,4.0
1967,2712776,4.0
29629,2719972,4.0
17714,2710019,4.0
24930,2726104,4.0
24613,2718016,4.0
18407,2711038,4.0
1706,2714396,4.0
6330,2706143,4.0
37100,2711628,4.0
290,2684444,4.0
40105,2714634,4.0
14154,2713226,4.0
30,2722156,4.0
834,2712185,4.0
27751,2709788,4.0
5759,2707272,4.0
46530,2730992,4.0
19948,2705586,4.0
10341,2702037,4.0
1500,2712053,4.0
8534,2709521,4.0
48133,2723346,4.0
3424,2688827,4.0
18966,2726222,4.0
1295,2726384,4.0
27111,2715751,4.0
3411,2705114,4.0
15942,2710606,4.0
19668,2711220,4.0
40050,2707326,4.0
9205,2727806,4.0
11002,2705564,4.0
19079,2724833,4.0
8658,2704392,4.0
1418,2710662,4.0
10341,2723604,4.0
8125,2704425,4.0
6840,2721881,4.0
20737,2717674,4.0
15877,2704829,4.0
37956,2725165,4.0
40234,2720044,4.0
13643,2704529,4.0
8086,2690105,4.0
2885,2695858,4.0
20053,2709494,4.0
7830,2722701,4.0
42938,2718142,4.0
15599,2706294,4.0
11619,2703820,4.0
43825,2728588,4.0
11127,2720008,4.0
2257,2730919,4.0
16691,2728552,4.0
7479,2691712,4.0
10880,2701175,4.0
7503,2716455,4.0
5426,2730886,4.0
1715,2706168,4.0
6584,2693118,4.0
8107,2707401,4.0
3148,2690820,4.0
696,2713509,4.0
39503,2711658,4.0
12044,2707754,4.0
17763,2715110,4.0
11475,2709209,4.0
1295,2729823,4.0
8637,2698608,4.0
314,2701726,4.0
11808,2697933,4.0
26175,2705561,4.0
5650,2708307,4.0
28451,2726813,4.0
45170,2724139,4.0
25774,2717668,4.0
5650,2710245,4.0
25092,2707117,4.0
14167,2693041,4.0
3917,2704225,4.0
22668,2711274,4.0
26791,2718783,4.0
12055,2692224,4.0
3187,2677189,4.0
30365,2707798,4.0
27297,2709772,4.0
935,2716810,4.0
2396,2687079,4.0
12197,2704968,4.0
17739,2716363,4.0
23401,2714660,4.0
35155,2719498,4.0
22997,2702046,4.0
46184,2724674,4.0
24837,2716757,4.0
39533,2709630,4.0
32680,2707784,4.0
12447,2699573,4.0
43548,2720590,4.0
19751,2708691,4.0
3917,2706667,4.0
19409,2704209,4.0
2866,2700075,4.0
16534,2710253,4.0
5106,2706996,4.0
164,2697293,4.0
35430,2715921,4.0
17905,2718558,4.0
20595,2716274,4.0
27677,2709788,4.0
20033,2719326,4.0
15599,2712011,4.0
3448,2715677,4.0
11741,2708283,4.0
10107,2718988,4.0
20213,2719477,4.0
38400,2725163,4.0
15793,2714908,4.0
32590,2714785,4.0
2585,2696774,4.0
29046,2722800,4.0
4097,2706893,4.0
46988,2723666,4.0
17786,2710225,4.0
21855,2710662,4.0
30,2700177,4.0
21332,2727825,4.0
35253,2698569,4.0
4985,2702810,4.0
11414,2707049,4.0
16450,2712951,4.0
49281,2733837,4.0
43548,2722113,4.0
15757,2716389,4.0
18841,2711822,4.0
1660,2712916,4.0
8871,2709506,4.0
45409,2720646,4.0
2197,2689411,4.0
35504,2720125,4.0
1295,2698867,4.0
9089,2733799,4.0
13518,2710978,4.0
33159,2709601,4.0
14167,2710839,4.0
1295,2732512,4.0
14390,2716042,4.0
1660,2717957,4.0
4985,2702864,4.0
15931,2735143,4.0
834,2718057,4.0
7934,2695922,4.0
11002,2712269,4.0
13854,2707247,4.0
19074,2703967,4.0
45814,2728215,4.0
17567,2699726,4.0
26884,2714224,4.0
10341,2702994,4.0
5400,2711540,4.0
43825,2716909,4.0
11127,2714159,4.0
7830,2711268,4.0
26416,2709904,4.0
18966,2719923,4.0
19679,2707424,4.0
1158,2710483,4.0
20465,2723705,4.0
15599,2707078,4.0
8074,2707238,4.0
35231,2720257,4.0
16037,2710663,4.0
508,2703198,4.0
35253,2723743,4.0
39830,2714915,4.0
3003,2709424,4.0
10664,2726729,4.0
7910,2702046,4.0
27356,2717991,4.0
696,2733784,4.0
17232,2722857,4.0
1295,2723889,4.0
696,2735331,4.0
14428,2713403,4.0
1967,2729191,4.0
19017,2697039,4.0
5660,2717438,4.0
9317,2722113,4.0
48716,2729632,4.0
17911,2707135,4.0
9714,2697982,4.0
11387,2703017,4.0
20947,2719954,4.0
1226,2715060,4.0
12579,2710329,4.0
193,2723964,4.0
4501,2696359,4.0
3440,2699825,4.0
25473,2716977,4.0
2197,2724278,4.0
116,2696899,4.0
11127,2701083,4.0
11002,2733233,4.0
25092,2718086,4.0
22232,2730573,4.0
47338,2727146,4.0
35231,2716176,4.0
19362,2711764,4.0
3871,2702310,4.0
22105,2716503,4.0
11002,2700946,4.0
7479,2706711,4.0
23880,2691417,4.0
11002,2711208,4.0
16104,2710619,4.0
1418,2712212,4.0
12460,2711979,4.0
29109,2720569,4.0
1418,2714411,4.0
48656,2718606,4.0
43509,2708534,4.0
10118,2702621,4.0
91,2702994,4.0
16104,2706026,4.0
16104,2713403,4.0
10787,2721190,4.0
49074,2734164,4.0
2197,2724521,4.0
8637,2707750,4.0
27521,2717312,4.0
4560,2717670,4.0
18900,2710570,4.0
1256,2703864,4.0
5974,2704442,4.0
25,2695015,4.0
30,2720249,4.0
30209,2714488,4.0
21518,2707439,4.0
6659,2707562,4.0
8648,2707272,4.0
10333,2702035,4.0
7206,2725774,4.0
19494,2721349,4.0
41955,2727901,4.0
20213,2708952,4.0
7830,2725450,4.0
12289,2698758,4.0
6260,2728053,4.0
3917,2732229,4.0
10921,2718390,4.0
22877,2704667,4.0
2864,2706168,4.0
6004,2705203,4.0
39927,2718813,4.0
8370,2706268,4.0
34051,2719342,4.0
37001,2708533,4.0
43407,2720015,4.0
12514,2707613,4.0
21765,2716243,4.0
9241,2694807,4.0
26691,2708329,4.0
11195,2705558,4.0
2778,2706649,4.0
36780,2717521,4.0
8074,2706877,4.0
31882,2706362,4.0
22554,2689379,4.0
42191,2720861,4.0
11002,2704315,4.0
8534,2725277,4.0
1967,2696839,4.0
6597,2713319,4.0
38966,2723829,4.0
18966,2726230,4.0
16316,2710265,4.0
17428,2705409,4.0
7807,2730006,4.0
889,2719960,4.0
7897,2710618,4.0
6373,2711822,4.0
24314,2703851,4.0
41791,2713521,4.0
45697,2726706,4.0
30,2728874,4.0
5650,2699592,4.0
5241,2705224,4.0
14126,2703216,4.0
36685,2716764,4.0
5241,2725282,4.0
16450,2723753,4.0
14024,2709692,4.0
39093,2726687,4.0
41530,2725037,4.0
834,2723950,4.0
18966,2725834,4.0
28129,2714985,4.0
11002,2704988,4.0
10848,2706372,4.0
11667,2692911,4.0
20078,2707020,4.0
17232,2707255,4.0
17113,2712726,4.0
1158,2718436,4.0
11353,2718824,4.0
11889,2729618,4.0
32117,2712608,4.0
46075,2722768,4.0
27186,2706476,4.0
18677,2730943,4.0
25194,2714807,4.0
41693,2728170,4.0
18305,2710079,4.0
20135,2718382,4.0
5759,2695805,4.0
7310,2732872,4.0
834,2711332,4.0
26509,2704909,4.0
10444,2716361,4.0
7830,2727302,4.0
1418,2708082,4.0
21,2702878,4.0
23431,2717269,4.0
7554,2697228,4.0
35504,2721131,4.0
48397,2723103,4.0
41693,2713438,4.0
1418,2711736,4.0
20207,2705081,4.0
1408,2694493,4.0
696,2707054,4.0
17464,2722551,4.0
6533,2718124,4.0
9205,2728915,4.0
16269,2710137,4.0
180,2703519,4.0
26950,2718160,4.0
7331,2706272,4.0
4560,2714989,4.0
7241,2726598,4.0
46252,2717507,4.0
244,2709737,4.0
19769,2708405,4.0
24930,2709499,4.0
16104,2726620,4.0
10264,2710381,4.0
10664,2705258,4.0
8538,2704167,4.0
29739,2708550,4.0
14093,2703866,4.0
8106,2709139,4.0
15568,2713446,4.0
37001,2707753,4.0
10098,2707407,4.0
46530,2722655,4.0
1634,2710676,4.0
396,2704485,4.0
37455,2723184,4.0
34260,2713556,4.0
22348,2697925,4.0
9081,2717406,4.0
16722,2723359,4.0
17846,2729177,4.0
8534,2703741,4.0
1418,2712174,4.0
30,2719501,4.0
30209,2715537,4.0
25388,2728497,4.0
12055,2711851,4.0
33725,2718752,4.0
19751,2707822,4.0
43648,2727415,4.0
21720,2712554,4.0
1660,2716535,4.0
5974,2704998,4.0
5759,2704741,4.0
3785,2718555,4.0
91,2699841,4.0
3917,2701725,4.0
18688,2702106,4.0
29046,2721035,4.0
16191,2713124,4.0
30,2722325,4.0
7934,2697761,4.0
48348,2724981,4.0
19699,2715791,4.0
2197,2695303,4.0
11027,2710024,4.0
18809,2708408,4.0
41233,2728721,4.0
18772,2727761,4.0
24478,2718605,4.0
4971,2711726,4.0
1295,2726783,4.0
25,2714892,4.0
2885,2717877,4.0
17574,2707399,4.0
16343,2716638,4.0
14928,2735925,4.0
2197,2708443,4.0
1295,2728615,4.0
8637,2687700,4.0
12324,2721227,4.0
18167,2707467,4.0
1848,2691929,4.0
28637,2720087,4.0
2134,2695824,4.0
42870,2732333,4.0
23224,2720173,4.0
4769,2712662,4.0
5650,2715524,4.0
16417,2707890,4.0
8469,2707673,4.0
11619,2711073,4.0
7430,2728644,4.0
889,2711332,4.0
47499,2726821,4.0
30,2710032,4.0
16346,2704887,4.0
4424,2704527,4.0
34051,2725759,4.0
14154,2712289,4.0
36254,2708595,4.0
11323,2706426,4.0
15839,2720000,4.0
7290,2703920,4.0
17178,2726324,4.0
62,2705486,4.0
30662,2696785,4.0
3446,2704756,4.0
29503,2719849,4.0
1660,2724142,4.0
33004,2711340,4.0
19224,2706372,4.0
1418,2705240,4.0
24483,2717881,4.0
290,2699740,4.0
46820,2733734,4.0
29430,2718111,4.0
29560,2698790,4.0
7830,2730083,4.0
15975,2713816,4.0
13529,2721476,4.0
834,2711964,4.0
9184,2701074,4.0
1418,2712617,4.0
3102,2707087,4.0
7807,2724804,4.0
8726,2704883,4.0
696,2712766,4.0
7729,2709252,4.0
7814,2679467,4.0
16417,2696858,4.0
34378,2723635,4.0
10880,2692572,4.0
4985,2718979,4.0
1137,2735476,4.0
29519,2712017,4.0
2368,2701081,4.0
49374,2734389,4.0
15975,2724230,4.0
23767,2704266,4.0
8534,2694440,4.0
9218,2719911,4.0
11302,2708002,4.0
8370,2704154,4.0
1994,2709364,4.0
7814,2704550,4.0
15160,2703907,4.0
11002,2708113,4.0
44072,2728693,4.0
9156,2725405,4.0
8637,2728598,4.0
31328,2709747,4.0
9812,2712722,4.0
1418,2712681,4.0
28129,2706732,4.0
11387,2705177,4.0
18966,2720420,4.0
17499,2726136,4.0
2197,2730783,4.0
11479,2716104,4.0
4910,2687053,4.0
25196,2702094,4.0
34860,2723829,4.0
27274,2718146,4.0
7347,2690960,4.0
1967,2700618,4.0
5303,2703706,4.0
41693,2726176,4.0
16856,2707247,4.0
1660,2715306,4.0
1418,2724719,4.0
12742,2711375,4.0
18651,2700463,4.0
696,2707057,4.0
5759,2696278,4.0
17428,2705471,4.0
18966,2709134,4.0
14024,2697331,4.0
7719,2732768,4.0
2778,2712816,4.0
211,2721558,4.0
1158,2699745,4.0
39533,2704395,4.0
11758,2717435,4.0
5132,2728644,4.0
10197,2700752,4.0
4501,2694577,4.0
11127,2715723,4.0
7177,2720479,4.0
3917,2723522,4.0
22664,2700258,4.0
3003,2727128,4.0
7704,2715115,4.0
49414,2724398,4.0
7830,2718607,4.0
696,2710539,4.0
1994,2726580,4.0
13853,2697855,4.0
39093,2719634,4.0
16374,2696016,4.0
6782,2717747,4.0
40477,2721925,4.0
16904,2727752,4.0
16104,2710137,4.0
6619,2723666,4.0
41024,2724202,4.0
19023,2731152,4.0
6394,2713521,4.0
11326,2722318,4.0
22394,2716461,4.0
16009,2708412,4.0
33258,2708533,4.0
2197,2709933,4.0
6536,2706355,4.0
18465,2714124,4.0
7568,2715645,4.0
35376,2710661,4.0
21855,2710633,4.0
3111,2727999,4.0
2197,2731551,4.0
10784,2705077,4.0
25830,2714846,4.0
29849,2714305,4.0
3167,2705806,4.0
12572,2697953,4.0
9385,2726918,4.0
5185,2704913,4.0
30662,2718378,4.0
8531,2706707,4.0
22871,2704969,4.0
9205,2730521,4.0
39858,2726169,4.0
23482,2701081,4.0
18171,2714728,4.0
8086,2693883,4.0
29078,2715205,4.0
121,2714952,4.0
12740,2704862,4.0
41233,2728942,4.0
1614,2720795,4.0
10664,2708299,4.0
23,2723096,4.0
4966,2696693,4.0
20509,2723872,4.0
25194,2704841,4.0
36685,2725461,4.0
21,2719800,4.0
35227,2712763,4.0
6447,2695833,4.0
16316,2726488,4.0
7316,2695750,4.0
39279,2715154,4.0
1660,2717976,4.0
12706,2719600,4.0
24322,2713961,4.0
26509,2715538,4.0
39503,2717412,4.0
39855,2723195,4.0
2257,2726098,4.0
33297,2708279,4.0
18677,2717190,4.0
1661,2695017,4.0
23130,2715171,4.0
45814,2727744,4.0
298,2705056,4.0
23464,2730247,4.0
742,2701906,4.0
696,2684945,4.0
17411,2694071,4.0
4114,2714218,4.0
24930,2732758,4.0
4381,2688415,4.0
17848,2716673,4.0
11002,2710958,4.0
46075,2717557,4.0
5119,2725069,4.0
13043,2705533,4.0
8107,2697428,4.0
3455,2697262,4.0
25069,2717190,4.0
19907,2714459,4.0
19562,2710776,4.0
30,2729123,4.0
2792,2702595,4.0
21457,2727198,4.0
20889,2716785,4.0
17006,2713367,4.0
18677,2712289,4.0
12289,2699852,4.0
12191,2699690,4.0
5400,2703676,4.0
2687,2699572,4.0
36335,2711248,4.0
185,2707020,4.0
8246,2729145,4.0
186,2685872,4.0
19679,2720717,4.0
10995,2720078,4.0
1295,2695966,4.0
35430,2708307,4.0
40234,2726749,4.0
11808,2701083,4.0
1408,2723508,4.0
18776,2715809,4.0
39503,2723258,4.0
7830,2720749,4.0
12280,2714154,4.0
8383,2695960,4.0
14024,2701291,4.0
7568,2714958,4.0
49628,2737218,4.0
16104,2695107,4.0
36162,2719505,4.0
16374,2727614,4.0
16279,2705115,4.0
21629,2705577,4.0
8074,2717877,4.0
17118,2729802,4.0
7241,2727123,4.0
46075,2721613,4.0
2858,2706538,4.0
8637,2732470,4.0
10098,2715631,4.0
16104,2722734,4.0
11127,2698771,4.0
37021,2709001,4.0
1255,2724690,4.0
17905,2716044,4.0
45814,2722899,4.0
9876,2726715,4.0
17499,2729461,4.0
2489,2706993,4.0
20459,2698592,4.0
1879,2728183,4.0
5759,2705217,4.0
28637,2724729,4.0
25052,2704975,4.0
17247,2721437,4.0
508,2706386,4.0
8063,2715566,4.0
38671,2723071,4.0
8074,2705869,4.0
22668,2713754,4.0
7910,2726808,4.0
16450,2706999,4.0
10118,2701765,4.0
27274,2710694,4.0
11777,2697777,4.0
6782,2705073,4.0
43868,2729486,4.0
15757,2724357,4.0
9685,2700707,4.0
20521,2697978,4.0
8406,2724537,4.0
11359,2686893,4.0
16104,2718137,4.0
18262,2706441,4.0
21729,2710371,4.0
3003,2706092,4.0
15590,2713028,4.0
13137,2707078,4.0
7378,2703328,4.0
7830,2714664,4.0
6818,2692495,4.0
2955,2704452,4.0
18966,2718787,4.0
19699,2705031,4.0
20509,2721406,4.0
16691,2726651,4.0
7331,2735689,4.0
8383,2701211,4.0
21629,2694992,4.0
10536,2701313,4.0
28672,2713635,4.0
8217,2716711,4.0
2991,2700020,4.0
14928,2700295,4.0
47992,2723037,4.0
45170,2723129,4.0
31328,2705736,4.0
1418,2728979,4.0
18214,2707402,4.0
17848,2716640,4.0
21113,2712819,4.0
6335,2709539,4.0
19679,2715966,4.0
13137,2710078,4.0
24930,2710238,4.0
22897,2709924,4.0
26509,2715533,4.0
20737,2711090,4.0
314,2704301,4.0
22270,2716374,4.0
8383,2719341,4.0
35395,2713584,4.0
25562,2714985,4.0
35189,2703341,4.0
1239,2714602,4.0
7347,2695314,4.0
21680,2702665,4.0
15474,2724514,4.0
30,2728801,4.0
3003,2714662,4.0
40050,2714925,4.0
34051,2725148,4.0
1527,2705455,4.0
20797,2727755,4.0
5650,2699807,4.0
14081,2732533,4.0
1418,2710282,4.0
696,2711910,4.0
6373,2728902,4.0
6545,2710602,4.0
23130,2707076,4.0
1295,2724606,4.0
977,2688906,4.0
38652,2724016,4.0
34217,2733026,4.0
5119,2706163,4.0
3624,2729200,4.0
25194,2709694,4.0
47658,2733737,4.0
3263,2698779,4.0
34940,2698767,4.0
1418,2724381,4.0
33736,2723266,4.0
31967,2707173,4.0
7080,2731178,4.0
9506,2729265,4.0
8217,2700409,4.0
13209,2705207,4.0
31089,2720212,4.0
31328,2708774,4.0
48133,2734414,4.0
5645,2718201,4.0
3696,2713557,4.0
10333,2725475,4.0
35504,2708097,4.0
4769,2704108,4.0
21741,2712250,4.0
30,2710591,4.0
41693,2727601,4.0
21457,2716457,4.0
6012,2719352,4.0
47685,2717878,4.0
7719,2687339,4.0
7934,2693480,4.0
11002,2704414,4.0
21680,2712362,4.0
25590,2709752,4.0
18677,2715855,4.0
45409,2723140,4.0
20692,2723567,4.0
36685,2723208,4.0
23066,2709460,4.0
33355,2732421,4.0
7811,2706711,4.0
22668,2707180,4.0
7719,2688970,4.0
28558,2705937,4.0
4985,2694929,4.0
11302,2711809,4.0
16534,2730840,4.0
14428,2713418,4.0
2585,2693883,4.0
8658,2688444,4.0
40050,2729823,4.0
6330,2708931,4.0
11456,2710627,4.0
834,2708227,4.0
47691,2720439,4.0
19267,2709652,4.0
23130,2707110,4.0
18572,2713674,4.0
6330,2725149,4.0
22668,2704834,4.0
2197,2732880,4.0
18134,2714969,4.0
9081,2713617,4.0
11051,2714900,4.0
21453,2701225,4.0
19023,2719965,4.0
7209,2720048,4.0
5759,2701977,4.0
10848,2706514,4.0
5572,2695807,4.0
7378,2701519,4.0
37128,2716921,4.0
16418,2715347,4.0
38780,2726722,4.0
32758,2720483,4.0
10508,2705794,4.0
15331,2718667,4.0
7830,2722799,4.0
41707,2716810,4.0
17758,2698165,4.0
9813,2702563,4.0
23376,2714601,4.0
7704,2713683,4.0
26509,2728603,4.0
25704,2713745,4.0
29046,2715354,4.0
28125,2701976,4.0
7210,2703283,4.0
10680,2719965,4.0
10787,2704976,4.0
23533,2716633,4.0
16374,2704666,4.0
3295,2700291,4.0
11002,2708187,4.0
20175,2733140,4.0
16343,2732685,4.0
7910,2721013,4.0
3950,2698693,4.0
5759,2690627,4.0
46447,2723296,4.0
28763,2714719,4.0
15590,2714896,4.0
39503,2727955,4.0
14375,2724732,4.0
23689,2702892,4.0
12706,2710216,4.0
17464,2724980,4.0
22235,2709598,4.0
62,2725732,4.0
24436,2717858,4.0
3440,2697913,4.0
16564,2699911,4.0
10880,2701139,4.0
15737,2711485,4.0
8658,2689148,4.0
21943,2713690,4.0
16343,2724229,4.0
10314,2725705,4.0
25704,2713740,4.0
17680,2713120,4.0
15599,2704909,4.0
2695,2698502,4.0
6447,2696624,4.0
62,2726504,4.0
4698,2694555,4.0
23327,2716473,4.0
2585,2718135,4.0
3552,2700215,4.0
47384,2723604,4.0
834,2729253,4.0
6420,2732170,4.0
20202,2707212,4.0
11002,2719318,4.0
43519,2715007,4.0
9495,2724421,4.0
4983,2690792,4.0
12044,2703841,4.0
15839,2702089,4.0
3120,2710615,4.0
9089,2719144,4.0
1295,2710051,4.0
33193,2720801,4.0
29488,2714649,4.0
25080,2712494,4.0
817,2713699,4.0
19552,2718066,4.0
8074,2722457,4.0
7206,2723604,4.0
26417,2710839,4.0
14965,2679094,4.0
47338,2731823,4.0
696,2701016,4.0
7830,2714718,4.0
19699,2708449,4.0
2828,2679124,4.0
1295,2718616,4.0
45336,2731144,4.0
9714,2698233,4.0
19984,2702030,4.0
26140,2713077,4.0
8396,2707426,4.0
9856,2733079,4.0
23395,2698769,4.0
2044,2733508,4.0
3375,2714803,4.0
24478,2716736,4.0
10682,2725330,4.0
43265,2729501,4.0
40474,2715634,4.0
25664,2709977,4.0
10784,2701727,4.0
11414,2688341,4.0
19699,2703261,4.0
24647,2706537,4.0
834,2715248,4.0
46252,2731203,4.0
7568,2706731,4.0
508,2721510,4.0
34260,2710174,4.0
31698,2720168,4.0
11002,2706223,4.0
21,2708856,4.0
33646,2711095,4.0
17118,2693475,4.0
7241,2720714,4.0
32344,2718614,4.0
27186,2706228,4.0
696,2721184,4.0
11002,2708365,4.0
3440,2702049,4.0
6286,2705108,4.0
834,2715452,4.0
14594,2704532,4.0
29328,2709005,4.0
25366,2715497,4.0
9205,2724921,4.0
25552,2704033,4.0
48374,2734194,4.0
3950,2694636,4.0
26884,2714227,4.0
834,2730334,4.0
30662,2715124,4.0
17120,2702117,4.0
34364,2719680,4.0
29449,2720064,4.0
2819,2721222,4.0
49192,2723307,4.0
5628,2706809,4.0
17863,2720191,4.0
5970,2697394,4.0
23712,2706844,4.0
314,2717372,4.0
37081,2721317,4.0
16450,2723752,4.0
24930,2718373,4.0
25069,2718228,4.0
33159,2714800,4.0
46141,2729535,4.0
16684,2718555,4.0
5551,2718137,4.0
12702,2706484,4.0
19593,2712992,4.0
12746,2711746,4.0
16346,2709659,4.0
42210,2714280,4.0
6622,2706886,4.0
11777,2707589,4.0
62,2716398,4.0
7807,2707284,4.0
14167,2708615,4.0
3375,2706470,4.0
3375,2706413,4.0
16279,2712314,4.0
11002,2711854,4.0
6394,2706475,4.0
2066,2707680,4.0
46376,2726788,4.0
2007,2719806,4.0
13919,2726759,4.0
2792,2707130,4.0
2991,2708584,4.0
22897,2715531,4.0
35886,2714828,4.0
30,2721289,4.0
27226,2712791,4.0
8534,2703100,4.0
26340,2702616,4.0
3917,2707660,4.0
2386,2715303,4.0
19935,2715266,4.0
30,2709333,4.0
34364,2718703,4.0
834,2722858,4.0
47613,2728973,4.0
39980,2712812,4.0
28988,2714848,4.0
16450,2707853,4.0
2955,2736664,4.0
8063,2696812,4.0
10787,2728683,4.0
22232,2702993,4.0
36685,2707784,4.0
12191,2699411,4.0
16489,2709539,4.0
39503,2723260,4.0
12447,2699821,4.0
11889,2702468,4.0
10880,2687960,4.0
8288,2727407,4.0
14479,2699763,4.0
5650,2715319,4.0
24849,2707051,4.0
15792,2697974,4.0
13189,2719990,4.0
43353,2731170,4.0
1861,2705863,4.0
21680,2708030,4.0
43353,2721033,4.0
1967,2710846,4.0
2991,2702874,4.0
298,2691093,4.0
23130,2716456,4.0
29449,2703232,4.0
26509,2710601,4.0
11051,2721881,4.0
3375,2714973,4.0
11002,2710446,4.0
4961,2694888,4.0
40325,2718781,4.0
11231,2711905,4.0
22668,2713756,4.0
7241,2732942,4.0
5345,2715299,4.0
11808,2702949,4.0
2951,2725061,4.0
8246,2731378,4.0
35189,2706667,4.0
3003,2723408,4.0
7773,2713797,4.0
3917,2711268,4.0
20465,2711634,4.0
9089,2713619,4.0
7910,2723638,4.0
26884,2712345,4.0
11414,2710395,4.0
22668,2703943,4.0
696,2713520,4.0
16191,2730574,4.0
41633,2721490,4.0
25552,2717248,4.0
7830,2719846,4.0
16290,2711086,4.0
17842,2715067,4.0
11002,2711229,4.0
9623,2734694,4.0
889,2716219,4.0
3917,2704805,4.0
22664,2715647,4.0
11051,2724652,4.0
9197,2726908,4.0
10508,2716344,4.0
30158,2718405,4.0
8572,2716979,4.0
22680,2706659,4.0
10541,2720122,4.0
19984,2699783,4.0
11479,2714956,4.0
43353,2728623,4.0
27274,2719857,4.0
21604,2722472,4.0
30,2728157,4.0
41663,2724903,4.0
39503,2713624,4.0
48133,2718967,4.0
27677,2718187,4.0
45033,2725401,4.0
4769,2697278,4.0
34574,2721536,4.0
10680,2714198,4.0
32089,2718239,4.0
16450,2720216,4.0
5759,2689464,4.0
10784,2710570,4.0
10341,2723636,4.0
21332,2721233,4.0
15437,2706819,4.0
10197,2710549,4.0
14825,2729653,4.0
10865,2716974,4.0
23978,2715493,4.0
11002,2708752,4.0
1430,2704454,4.0
40105,2726070,4.0
38966,2726940,4.0
22668,2707477,4.0
21765,2701009,4.0
1158,2708899,4.0
39503,2708263,4.0
6130,2699037,4.0
3455,2698162,4.0
22854,2712952,4.0
45814,2716852,4.0
1652,2727224,4.0
19632,2728492,4.0
3387,2706899,4.0
7080,2709685,4.0
46141,2732313,4.0
36299,2712180,4.0
802,2685501,4.0
18308,2730671,4.0
2563,2698739,4.0
10995,2715503,4.0
11002,2720721,4.0
44530,2709960,4.0
9943,2706688,4.0
29488,2705244,4.0
3768,2705539,4.0
25552,2709592,4.0
7897,2706200,4.0
5650,2690296,4.0
2066,2707027,4.0
16104,2722344,4.0
12739,2699861,4.0
46376,2729631,4.0
38671,2712349,4.0
12484,2699037,4.0
35991,2719076,4.0
7241,2700403,4.0
18900,2703223,4.0
27751,2711386,4.0
22668,2703994,4.0
9856,2700880,4.0
33853,2715732,4.0
5497,2711198,4.0
7934,2722793,4.0
11430,2707323,4.0
834,2716711,4.0
39093,2720921,4.0
35799,2722640,4.0
5119,2718660,4.0
10787,2724952,4.0
34266,2718112,4.0
30511,2712000,4.0
1514,2689961,4.0
1423,2704279,4.0
35173,2723421,4.0
5209,2706117,4.0
2988,2715736,4.0
6597,2711838,4.0
831,2726960,4.0
186,2700997,4.0
32992,2734532,4.0
10183,2731237,4.0
29316,2718232,4.0
8469,2725071,4.0
8144,2717538,4.0
1399,2717063,4.0
16191,2703963,4.0
3844,2706928,4.0
19632,2726942,4.0
18412,2705859,4.0
7773,2705319,4.0
39838,2732214,4.0
1835,2717994,4.0
62,2730114,4.0
2866,2700922,4.0
19300,2715302,4.0
4540,2698133,4.0
19005,2724591,4.0
20213,2704608,4.0
25473,2716519,4.0
19038,2735206,4.0
9205,2723426,4.0
22997,2702114,4.0
17499,2727925,4.0
5759,2707282,4.0
5241,2717763,4.0
16290,2729383,4.0
3375,2713341,4.0
5241,2702778,4.0
33159,2712822,4.0
9080,2713544,4.0
3874,2697256,4.0
7586,2707110,4.0
7479,2730253,4.0
498,2705891,4.0
5650,2718112,4.0
2197,2734247,4.0
21,2707063,4.0
6115,2718191,4.0
1158,2707679,4.0
1418,2715627,4.0
8106,2708054,4.0
3287,2724152,4.0
27490,2720100,4.0
16009,2710004,4.0
1497,2691303,4.0
18875,2715288,4.0
11002,2711184,4.0
834,2736207,4.0
439,2682306,4.0
18499,2713314,4.0
40050,2728641,4.0
21382,2717032,4.0
26888,2721480,4.0
6345,2695701,4.0
2066,2704672,4.0
3411,2718096,4.0
8313,2713535,4.0
41190,2713385,4.0
46252,2733039,4.0
20013,2722396,4.0
15160,2707181,4.0
26262,2707889,4.0
4978,2701934,4.0
2991,2702389,4.0
7206,2725773,4.0
696,2716536,4.0
12862,2732513,4.0
6373,2727590,4.0
19699,2719125,4.0
11431,2689606,4.0
25516,2717067,4.0
3917,2716648,4.0
23224,2713822,4.0
19552,2732406,4.0
23533,2717413,4.0
3917,2718847,4.0
9100,2704615,4.0
16691,2702271,4.0
43307,2710217,4.0
16450,2720830,4.0
43353,2720119,4.0
10024,2701964,4.0
5650,2705550,4.0
1158,2719286,4.0
30165,2729006,4.0
7811,2706695,4.0
39503,2719579,4.0
30,2719688,4.0
1840,2686169,4.0
6782,2711411,4.0
17178,2710717,4.0
2585,2718186,4.0
46118,2712306,4.0
933,2717554,4.0
43353,2720124,4.0
889,2714170,4.0
26885,2697837,4.0
17247,2724960,4.0
16822,2728357,4.0
26176,2714886,4.0
696,2728075,4.0
1399,2691947,4.0
7814,2701439,4.0
42579,2710064,4.0
31244,2724674,4.0
5292,2732102,4.0
12289,2692464,4.0
46481,2732556,4.0
46059,2733183,4.0
23130,2716517,4.0
31967,2705370,4.0
5360,2682539,4.0
21,2714796,4.0
9495,2698808,4.0
24849,2718285,4.0
23420,2716652,4.0
3499,2725849,4.0
17905,2716810,4.0
1137,2706272,4.0
19944,2714834,4.0
2193,2710610,4.0
33193,2724832,4.0
696,2701732,4.0
6019,2702345,4.0
3003,2713861,4.0
36299,2708175,4.0
37021,2719982,4.0
8074,2705165,4.0
18697,2711173,4.0
3785,2713854,4.0
696,2709538,4.0
10784,2706558,4.0
23862,2730741,4.0
2902,2705336,4.0
25194,2707629,4.0
7479,2714887,4.0
3917,2705114,4.0
10481,2708770,4.0
7209,2732422,4.0
7897,2699888,4.0
30260,2703309,4.0
20758,2728047,4.0
34378,2712003,4.0
7568,2722851,4.0
28451,2722774,4.0
3844,2712848,4.0
17049,2718042,4.0
17295,2705170,4.0
21,2707792,4.0
7290,2710671,4.0
26088,2710884,4.0
10314,2719120,4.0
33258,2718751,4.0
1423,2697911,4.0
16191,2709294,4.0
25590,2732757,4.0
14954,2716634,4.0
7280,2708266,4.0
31239,2720672,4.0
31814,2706580,4.0
10264,2700937,4.0
62,2719947,4.0
17035,2712699,4.0
3173,2710381,4.0
29032,2718946,4.0
23862,2721971,4.0
2197,2714026,4.0
696,2713524,4.0
16343,2718351,4.0
19855,2708267,4.0
18859,2723936,4.0
1645,2704138,4.0
30,2718267,4.0
696,2733098,4.0
41782,2724605,4.0
40756,2716841,4.0
935,2712555,4.0
13401,2703044,4.0
41738,2720474,4.0
10473,2693288,4.0
19038,2731877,4.0
23880,2711443,4.0
945,2732457,4.0
18289,2683785,4.0
2197,2720999,4.0
13643,2708664,4.0
2687,2690777,4.0
834,2727360,4.0
15590,2718979,4.0
30083,2710673,4.0
193,2719006,4.0
3174,2704370,4.0
22668,2715815,4.0
41693,2727500,4.0
22830,2711902,4.0
16191,2708712,4.0
1968,2710216,4.0
31741,2715210,4.0
13346,2703031,4.0
11062,2708411,4.0
34860,2715645,4.0
25080,2711665,4.0
5650,2688464,4.0
14609,2701576,4.0
33911,2717794,4.0
18003,2712122,4.0
11027,2706178,4.0
16684,2708589,4.0
17178,2713732,4.0
20446,2702930,4.0
23327,2713182,4.0
24339,2692569,4.0
21,2718987,4.0
3455,2698570,4.0
7934,2711917,4.0
9317,2735123,4.0
34151,2718875,4.0
91,2687746,4.0
10342,2704889,4.0
7897,2726206,4.0
91,2695016,4.0
35155,2723794,4.0
3917,2707334,4.0
16191,2730725,4.0
17118,2721214,4.0
14348,2713274,4.0
40050,2716831,4.0
21322,2713964,4.0
7026,2706619,4.0
15331,2707049,4.0
12197,2702972,4.0
21518,2711455,4.0
11667,2701278,4.0
7897,2707399,4.0
1418,2732508,4.0
34772,2710627,4.0
24314,2703968,4.0
30453,2721473,4.0
7479,2730833,4.0
1418,2702127,4.0
33705,2724053,4.0
8520,2687036,4.0
23,2718657,4.0
42132,2727556,4.0
27274,2710763,4.0
36471,2718751,4.0
22668,2713990,4.0
23169,2704315,4.0
20138,2716240,4.0
7830,2725657,4.0
39953,2724903,4.0
24613,2715257,4.0
27163,2709392,4.0
18966,2716415,4.0
40050,2725708,4.0
24478,2726772,4.0
8074,2708540,4.0
40050,2706667,4.0
30511,2710545,4.0
2658,2713514,4.0
2778,2725236,4.0
17816,2707745,4.0
1252,2729366,4.0
8032,2707237,4.0
11777,2703267,4.0
38392,2714264,4.0
21,2704180,4.0
37467,2718932,4.0
5759,2694492,4.0
9317,2718160,4.0
3499,2707454,4.0
23169,2713538,4.0
17758,2713239,4.0
11002,2710404,4.0
4558,2702930,4.0
15590,2714222,4.0
6447,2693868,4.0
17245,2728435,4.0
7814,2721138,4.0
22232,2724683,4.0
22668,2711009,4.0
31331,2710591,4.0
46795,2730718,4.0
25439,2707993,4.0
1683,2692869,4.0
11715,2704215,4.0
7209,2731218,4.0
8086,2690892,4.0
36685,2724536,4.0
8531,2698639,4.0
22886,2721927,4.0
20465,2709737,4.0
7430,2721052,4.0
9702,2719236,4.0
8032,2712942,4.0
9495,2706052,4.0
46184,2732484,4.0
38870,2720610,4.0
17808,2713510,4.0
2197,2703996,4.0
20013,2706692,4.0
29109,2708407,4.0
31040,2710688,4.0
5970,2696340,4.0
33193,2715884,4.0
10787,2713819,4.0
14303,2713050,4.0
1652,2717458,4.0
29347,2721476,4.0
818,2697262,4.0
23401,2712874,4.0
3948,2711346,4.0
4748,2703432,4.0
14348,2696724,4.0
508,2700917,4.0
8032,2712211,4.0
28451,2724088,4.0
33731,2718752,4.0
1967,2712787,4.0
19481,2710763,4.0
11002,2704440,4.0
1861,2712760,4.0
696,2735367,4.0
18499,2699301,4.0
7934,2721006,4.0
5660,2691788,4.0
18966,2709731,4.0
28725,2726932,4.0
41693,2728366,4.0
30,2716541,4.0
834,2720578,4.0
21453,2703450,4.0
19267,2705479,4.0
1295,2714336,4.0
7934,2699861,4.0
1809,2693887,4.0
17111,2713855,4.0
16169,2694069,4.0
35253,2710671,4.0
38780,2716865,4.0
48585,2722256,4.0
43866,2730123,4.0
3917,2707317,4.0
6012,2703403,4.0
36471,2713629,4.0
30,2708349,4.0
7830,2722828,4.0
62,2715659,4.0
41791,2715485,4.0
31349,2722473,4.0
11253,2710055,4.0
5759,2699763,4.0
7195,2695922,4.0
43353,2713609,4.0
8063,2706222,4.0
21680,2714883,4.0
17905,2715736,4.0
22601,2713481,4.0
2587,2716418,4.0
45705,2732207,4.0
915,2712885,4.0
12280,2702882,4.0
1915,2690795,4.0
39503,2723173,4.0
21862,2714285,4.0
9714,2697993,4.0
7347,2688943,4.0
1652,2717514,4.0
6250,2695352,4.0
28611,2719550,4.0
12514,2724092,4.0
21862,2724564,4.0
6803,2703640,4.0
5119,2696948,4.0
22757,2714596,4.0
17905,2716610,4.0
62,2726426,4.0
48716,2716766,4.0
3874,2708706,4.0
7897,2698038,4.0
11002,2710441,4.0
10858,2726713,4.0
5974,2705010,4.0
3387,2705056,4.0
7586,2707700,4.0
43519,2723788,4.0
11795,2711970,4.0
10333,2718605,4.0
22668,2715542,4.0
9495,2697209,4.0
11458,2707624,4.0
11118,2694088,4.0
10370,2705248,4.0
13577,2712950,4.0
29449,2703230,4.0
37001,2715447,4.0
2806,2713148,4.0
42870,2725812,4.0
23197,2711332,4.0
18447,2714398,4.0
8075,2688897,4.0
10664,2695368,4.0
802,2713963,4.0
8074,2719308,4.0
13071,2722697,4.0
5134,2699873,4.0
6261,2695824,4.0
22105,2716609,4.0
9479,2692195,4.0
1418,2706335,4.0
9506,2725430,4.0
17428,2722300,4.0
25,2714859,4.0
46627,2732784,4.0
31349,2722471,4.0
10784,2707238,4.0
2368,2699825,4.0
18966,2726227,4.0
5650,2698153,4.0
2290,2705023,4.0
14375,2700945,4.0
8383,2699909,4.0
16632,2725556,4.0
11302,2720215,4.0
1228,2691730,4.0
11002,2705421,4.0
670,2681219,4.0
20135,2721613,4.0
6958,2720600,4.0
30,2701180,4.0
8288,2727944,4.0
3003,2722939,4.0
7851,2715185,4.0
2824,2705575,4.0
7807,2705472,4.0
11273,2705160,4.0
10264,2729526,4.0
17758,2714697,4.0
25069,2709102,4.0
1418,2716096,4.0
12324,2722160,4.0
32421,2704968,4.0
2882,2731010,4.0
46317,2726764,4.0
8974,2707822,4.0
2594,2688604,4.0
12740,2708266,4.0
15590,2713609,4.0
31349,2711400,4.0
14481,2683928,4.0
12055,2717975,4.0
12222,2695918,4.0
15954,2725774,4.0
16191,2724910,4.0
25743,2713340,4.0
7897,2705507,4.0
696,2718118,4.0
16064,2692081,4.0
10784,2712761,4.0
7814,2722551,4.0
127,2711357,4.0
34860,2707484,4.0
38780,2719095,4.0
29560,2705913,4.0
28556,2717190,4.0
779,2686401,4.0
9089,2718228,4.0
22668,2703466,4.0
38780,2723345,4.0
7406,2705418,4.0
3003,2726874,4.0
8074,2701299,4.0
14081,2708939,4.0
1418,2720016,4.0
7316,2702665,4.0
30,2697686,4.0
29849,2709769,4.0
22871,2728628,4.0
1660,2720967,4.0
20797,2720828,4.0
166,2688719,4.0
44853,2718042,4.0
696,2711899,4.0
1418,2720295,4.0
360,2708028,4.0
1295,2698154,4.0
945,2726749,4.0
2988,2734843,4.0
4646,2702974,4.0
37546,2711453,4.0
25,2725499,4.0
28916,2720672,4.0
11055,2704961,4.0
25473,2716459,4.0
28090,2702103,4.0
25411,2712105,4.0
25366,2717329,4.0
13643,2704147,4.0
6789,2719067,4.0
11002,2709489,4.0
30,2715640,4.0
6789,2715257,4.0
16316,2710119,4.0
6533,2708038,4.0
42332,2728046,4.0
30,2728704,4.0
14594,2698481,4.0
6420,2703766,4.0
6840,2723160,4.0
2362,2684971,4.0
5650,2707007,4.0
30,2710870,4.0
11002,2699909,4.0
23785,2708566,4.0
8637,2697782,4.0
11435,2721483,4.0
24508,2712334,4.0
38870,2712753,4.0
5070,2699740,4.0
21332,2727571,4.0
7210,2702670,4.0
30,2707814,4.0
6533,2713581,4.0
17584,2726200,4.0
25194,2727628,4.0
12514,2725184,4.0
10264,2722862,4.0
40207,2721702,4.0
6619,2714135,4.0
1418,2732526,4.0
9495,2724979,4.0
16412,2725015,4.0
17592,2711901,4.0
5433,2692224,4.0
3003,2723825,4.0
1527,2706011,4.0
186,2697366,4.0
17136,2700708,4.0
22670,2698810,4.0
11127,2724700,4.0
34260,2722465,4.0
36471,2723027,4.0
11241,2705374,4.0
5144,2720491,4.0
19335,2709457,4.0
8726,2698628,4.0
5729,2705052,4.0
35454,2706667,4.0
36435,2723594,4.0
40050,2715762,4.0
30178,2708750,4.0
1295,2712144,4.0
40050,2721022,4.0
21,2707675,4.0
2778,2727618,4.0
18809,2706488,4.0
40105,2721612,4.0
8648,2707342,4.0
8550,2709693,4.0
9685,2704501,4.0
17714,2711447,4.0
33646,2728617,4.0
12447,2711906,4.0
7934,2697997,4.0
7897,2727601,4.0
9255,2693536,4.0
6659,2707567,4.0
2197,2719100,4.0
14965,2678954,4.0
19668,2712202,4.0
5650,2695304,4.0
18859,2710196,4.0
22109,2708690,4.0
13873,2713244,4.0
4624,2693814,4.0
183,2710091,4.0
42938,2714915,4.0
1206,2712468,4.0
43084,2715807,4.0
3003,2705954,4.0
8030,2705316,4.0
9506,2704598,4.0
425,2708131,4.0
20078,2729623,4.0
22668,2715532,4.0
37036,2725005,4.0
17816,2726757,4.0
33646,2732415,4.0
17588,2716691,4.0
9317,2723855,4.0
2197,2711609,4.0
11456,2701074,4.0
22512,2718381,4.0
3440,2715616,4.0
12149,2703418,4.0
126,2714006,4.0
17397,2709451,4.0
47063,2719092,4.0
22668,2707570,4.0
12324,2721288,4.0
46059,2727327,4.0
15474,2729223,4.0
10087,2710833,4.0
2983,2725269,4.0
47685,2722459,4.0
21729,2728535,4.0
9675,2707922,4.0
6912,2697510,4.0
11961,2704957,4.0
10430,2703994,4.0
22232,2698099,4.0
834,2734872,4.0
10769,2710588,4.0
9070,2706569,4.0
31758,2730999,4.0
1418,2707399,4.0
3375,2710599,4.0
25516,2710894,4.0
32955,2715875,4.0
6388,2703838,4.0
45339,2724059,4.0
6447,2697755,4.0
18809,2722863,4.0
7241,2706970,4.0
21943,2705148,4.0
7934,2702928,4.0
19494,2721184,4.0
35430,2724338,4.0
48195,2727642,4.0
29109,2723321,4.0
19425,2703145,4.0
31111,2709101,4.0
48348,2733793,4.0
2257,2731848,4.0
6373,2720168,4.0
43866,2725259,4.0
11874,2732504,4.0
6420,2687557,4.0
46059,2722922,4.0
41530,2724552,4.0
19494,2714601,4.0
3844,2711079,4.0
45905,2715736,4.0
16238,2729018,4.0
24062,2711639,4.0
3621,2718121,4.0
17739,2714592,4.0
13043,2711729,4.0
32089,2715792,4.0
3107,2712968,4.0
11002,2711292,4.0
17411,2714353,4.0
2197,2736225,4.0
28793,2716741,4.0
9265,2707667,4.0
46988,2723689,4.0
1865,2702590,4.0
47658,2732236,4.0
41791,2725161,4.0
7310,2720630,4.0
7934,2712842,4.0
62,2726885,4.0
1399,2715587,4.0
30,2726339,4.0
3455,2714649,4.0
34574,2721614,4.0
1418,2692472,4.0
15590,2720024,4.0
1840,2686516,4.0
21,2705464,4.0
945,2726192,4.0
1418,2707316,4.0
7897,2710615,4.0
9197,2732371,4.0
18966,2719740,4.0
27800,2727504,4.0
1295,2714328,4.0
7645,2698340,4.0
13464,2706707,4.0
28129,2715124,4.0
38652,2695995,4.0
18966,2714999,4.0
7177,2720467,4.0
185,2723321,4.0
22365,2708902,4.0
22757,2713953,4.0
6012,2717419,4.0
24933,2723877,4.0
498,2703778,4.0
6402,2701750,4.0
35514,2720145,4.0
8370,2705252,4.0
4297,2721921,4.0
25518,2718963,4.0
40105,2713338,4.0
31111,2716892,4.0
4963,2707730,4.0
1706,2712859,4.0
21518,2715474,4.0
43477,2725107,4.0
48851,2729799,4.0
3917,2719215,4.0
26803,2715706,4.0
26322,2717346,4.0
8534,2689822,4.0
17816,2695210,4.0
7897,2707316,4.0
945,2704889,4.0
1994,2706043,4.0
31698,2720529,4.0
13853,2714145,4.0
48133,2735115,4.0
745,2679477,4.0
5970,2697933,4.0
23978,2717905,4.0
41233,2721365,4.0
12055,2696699,4.0
13957,2713220,4.0
9317,2713659,4.0
29488,2720620,4.0
47047,2722009,4.0
9081,2705244,4.0
437,2720442,4.0
1893,2705018,4.0
7830,2722734,4.0
180,2702381,4.0
889,2712055,4.0
1295,2715950,4.0
7934,2712874,4.0
10865,2716933,4.0
6447,2693868,4.0
62,2715880,4.0
834,2710663,4.0
43353,2724105,4.0
62,2723825,4.0
43353,2723040,4.0
21855,2689405,4.0
44991,2723210,4.0
46955,2731485,4.0
21979,2718218,4.0
19494,2719600,4.0
43555,2714771,4.0
24613,2716989,4.0
13919,2717511,4.0
43353,2724703,4.0
1661,2692236,4.0
10264,2705205,4.0
29316,2716814,4.0
31513,2717448,4.0
30,2727332,4.0
11253,2700522,4.0
23412,2718130,4.0
8538,2704173,4.0
16424,2704679,4.0
5241,2707276,4.0
19699,2703249,4.0
19699,2705756,4.0
33032,2714580,4.0
696,2713496,4.0
11002,2719316,4.0
290,2685656,4.0
11127,2706482,4.0
5541,2708005,4.0
696,2707715,4.0
2991,2705753,4.0
40050,2725852,4.0
29109,2716767,4.0
21518,2713949,4.0
37467,2714128,4.0
21720,2700174,4.0
49190,2735030,4.0
17428,2702943,4.0
8086,2693868,4.0
6789,2713555,4.0
24882,2714660,4.0
23452,2700790,4.0
696,2709624,4.0
11174,2702080,4.0
10787,2730478,4.0
1295,2724089,4.0
7665,2703195,4.0
696,2709914,4.0
31741,2718111,4.0
7026,2704443,4.0
18966,2715793,4.0
7851,2706403,4.0
3295,2729784,4.0
23074,2710226,4.0
2799,2705894,4.0
2955,2711006,4.0
14390,2709720,4.0
18887,2712914,4.0
2799,2692084,4.0
30599,2718508,4.0
6330,2721777,4.0
8211,2710599,4.0
7830,2720195,4.0
15890,2728035,4.0
45339,2731579,4.0
16238,2730073,4.0
91,2692090,4.0
17905,2716613,4.0
4501,2694985,4.0
32488,2720954,4.0
10880,2693993,4.0
1295,2711736,4.0
18966,2716825,4.0
11002,2697883,4.0
18966,2720247,4.0
46047,2722256,4.0
25,2725497,4.0
7934,2704266,4.0
17232,2722421,4.0
3375,2714799,4.0
49190,2728237,4.0
6373,2721392,4.0
4978,2699034,4.0
13611,2694632,4.0
15839,2719991,4.0
23,2719137,4.0
1706,2722489,4.0
43509,2721930,4.0
10342,2707072,4.0
3448,2718519,4.0
33193,2715870,4.0
7910,2723637,4.0
40105,2714455,4.0
8648,2707292,4.0
3917,2709893,4.0
8651,2712212,4.0
32393,2719727,4.0
22109,2731877,4.0
31085,2717485,4.0
945,2719982,4.0
11002,2721683,4.0
10107,2711081,4.0
17428,2699781,4.0
23,2723101,4.0
2193,2711349,4.0
8973,2707236,4.0
6789,2713650,4.0
2474,2728670,4.0
16450,2716593,4.0
7830,2727327,4.0
45339,2723621,4.0
193,2706087,4.0
23066,2709506,4.0
17758,2712120,4.0
11002,2705570,4.0
36335,2719256,4.0
6789,2702147,4.0
15729,2723296,4.0
116,2698245,4.0
22886,2721654,4.0
7044,2706821,4.0
7109,2699731,4.0
3791,2710559,4.0
23862,2730158,4.0
22757,2708380,4.0
6584,2703654,4.0
35400,2724082,4.0
2986,2704642,4.0
2257,2695636,4.0
18966,2716226,4.0
5650,2708267,4.0
25439,2694824,4.0
2197,2711197,4.0
1256,2703877,4.0
17411,2710673,4.0
4769,2708613,4.0
2910,2728755,4.0
21680,2711395,4.0
2991,2731648,4.0
32356,2712114,4.0
6531,2701083,4.0
22765,2712120,4.0
7316,2702766,4.0
2197,2721637,4.0
9303,2699280,4.0
36162,2709660,4.0
20640,2712815,4.0
62,2708960,4.0
15839,2699782,4.0
18572,2710874,4.0
21681,2718124,4.0
7161,2697143,4.0
7807,2720035,4.0
9768,2701313,4.0
16463,2712938,4.0
8383,2695992,4.0
9856,2704651,4.0
1418,2707411,4.0
7830,2721769,4.0
29400,2709617,4.0
22668,2714110,4.0
11127,2720975,4.0
26509,2717519,4.0
11717,2706705,4.0
10425,2703424,4.0
21980,2716194,4.0
1715,2720517,4.0
9265,2729327,4.0
16191,2725268,4.0
16463,2711717,4.0
2763,2718602,4.0
24006,2711977,4.0
7897,2717522,4.0
8731,2726431,4.0
15069,2720192,4.0
20053,2699411,4.0
1418,2712692,4.0
5650,2678740,4.0
29503,2733737,4.0
10333,2700949,4.0
28033,2711140,4.0
2778,2691396,4.0
1418,2719456,4.0
1252,2692354,4.0
14770,2704982,4.0
1295,2719012,4.0
2502,2718680,4.0
19494,2713697,4.0
285,2695553,4.0
3976,2702392,4.0
12850,2717600,4.0
2197,2717025,4.0
8637,2693868,4.0
11323,2700453,4.0
15590,2722959,4.0
18966,2720300,4.0
37845,2718732,4.0
2193,2714656,4.0
40050,2728825,4.0
33297,2717016,4.0
7719,2720011,4.0
14375,2687926,4.0
1811,2707402,4.0
11127,2730705,4.0
11323,2691997,4.0
2486,2706544,4.0
7814,2705600,4.0
10995,2705504,4.0
2864,2716324,4.0
41233,2721766,4.0
32799,2714673,4.0
12850,2702996,4.0
2257,2710819,4.0
16766,2713887,4.0
6754,2706686,4.0
1968,2707799,4.0
1829,2703414,4.0
12324,2731802,4.0
9675,2704666,4.0
1418,2716202,4.0
13854,2712436,4.0
7851,2706149,4.0
31690,2710977,4.0
27226,2718426,4.0
18651,2713653,4.0
33049,2710534,4.0
11002,2708412,4.0
21948,2716710,4.0
11174,2701215,4.0
31757,2711592,4.0
10264,2705084,4.0
22956,2707996,4.0
37750,2713690,4.0
34834,2716861,4.0
35155,2723803,4.0
12208,2694559,4.0
10921,2732956,4.0
10264,2717875,4.0
46820,2732889,4.0
11127,2717476,4.0
13919,2722670,4.0
7272,2707692,4.0
14928,2712713,4.0
30453,2713980,4.0
834,2720914,4.0
24640,2714038,4.0
2257,2715060,4.0
25743,2715864,4.0
4315,2709111,4.0
41633,2713697,4.0
23197,2704975,4.0
40050,2712827,4.0
11475,2720517,4.0
2396,2687825,4.0
1256,2703498,4.0
5426,2730727,4.0
35395,2707419,4.0
8454,2712768,4.0
17411,2701253,4.0
24314,2716912,4.0
43353,2728545,4.0
36685,2712996,4.0
38199,2724155,4.0
23,2730312,4.0
696,2709623,4.0
4964,2720127,4.0
19562,2712550,4.0
26741,2709318,4.0
8534,2713500,4.0
1706,2713865,4.0
11002,2711222,4.0
10425,2705172,4.0
3003,2708024,4.0
14277,2697477,4.0
25102,2711869,4.0
9081,2722856,4.0
742,2703210,4.0
26088,2712421,4.0
23401,2717399,4.0
6330,2709603,4.0
28129,2705900,4.0
2341,2704410,4.0
13105,2701088,4.0
16587,2708918,4.0
27785,2704383,4.0
696,2720436,4.0
7479,2692075,4.0
22307,2710983,4.0
19948,2698725,4.0
10107,2725166,4.0
18887,2703199,4.0
11127,2720009,4.0
31814,2706621,4.0
25704,2703629,4.0
30,2706534,4.0
19256,2705329,4.0
18257,2707375,4.0
8658,2717419,4.0
7788,2691417,4.0
25745,2697847,4.0
4560,2701774,4.0
26509,2722655,4.0
9768,2706993,4.0
6054,2690334,4.0
26554,2709272,4.0
46795,2730535,4.0
11741,2706050,4.0
9767,2711867,4.0
14948,2722747,4.0
1514,2723178,4.0
7209,2729667,4.0
744,2706514,4.0
1967,2728231,4.0
14081,2719328,4.0
23978,2715509,4.0
36335,2714313,4.0
41693,2721065,4.0
21457,2725279,4.0
6373,2712715,4.0
19074,2722099,4.0
915,2720907,4.0
4769,2727993,4.0
29463,2714894,4.0
10787,2726411,4.0
6054,2701274,4.0
2446,2704096,4.0
7568,2693171,4.0
41296,2728541,4.0
10784,2705087,4.0
32890,2714712,4.0
15931,2735123,4.0
48195,2727034,4.0
11717,2692523,4.0
46242,2715762,4.0
30,2703803,4.0
8074,2720443,4.0
8973,2707906,4.0
39093,2704792,4.0
48499,2717057,4.0
1295,2696345,4.0
193,2703305,4.0
24209,2714630,4.0
834,2712662,4.0
7530,2689980,4.0
1994,2726571,4.0
8529,2715150,4.0
25,2710524,4.0
29032,2703374,4.0
3621,2701310,4.0
7979,2710694,4.0
12191,2709538,4.0
29127,2720620,4.0
1258,2688492,4.0
24849,2717390,4.0
1418,2712056,4.0
1295,2710024,4.0
5832,2701290,4.0
20924,2714335,4.0
15143,2715021,4.0
41190,2731839,4.0
15052,2712120,4.0
30,2706390,4.0
40050,2715738,4.0
10314,2698131,4.0
7210,2727278,4.0
7479,2692265,4.0
1206,2703380,4.0
27356,2720655,4.0
30,2709777,4.0
2197,2717812,4.0
20924,2714972,4.0
3447,2698475,4.0
28090,2718109,4.0
30,2719505,4.0
1295,2696432,4.0
10314,2716815,4.0
28451,2720000,4.0
16290,2729326,4.0
19494,2717680,4.0
1295,2712151,4.0
4964,2720032,4.0
30260,2720430,4.0
26039,2714109,4.0
36787,2724579,4.0
15069,2725799,4.0
5210,2713226,4.0
20647,2710137,4.0
20924,2706260,4.0
1397,2707646,4.0
24837,2716557,4.0
14430,2719100,4.0
3594,2704539,4.0
7814,2705566,4.0
4052,2705226,4.0
39830,2725514,4.0
29444,2720069,4.0
23767,2723163,4.0
1252,2725301,4.0
29109,2715217,4.0
1418,2705109,4.0
11002,2704953,4.0
18884,2706013,4.0
17714,2702595,4.0
16463,2727308,4.0
6420,2702910,4.0
21322,2710233,4.0
7054,2699739,4.0
19494,2719505,4.0
19984,2686091,4.0
39122,2716962,4.0
12191,2703368,4.0
31513,2714171,4.0
25516,2716296,4.0
23401,2717316,4.0
25516,2718522,4.0
43925,2730549,4.0
28556,2712120,4.0
7807,2692899,4.0
5759,2698040,4.0
27049,2715837,4.0
48434,2731607,4.0
15655,2713587,4.0
30,2710028,4.0
11612,2708136,4.0
20135,2719494,4.0
802,2717543,4.0
6533,2710317,4.0
16191,2712747,4.0
11002,2720653,4.0
22668,2707470,4.0
23042,2706878,4.0
3003,2707049,4.0
16244,2721660,4.0
6373,2711625,4.0
25516,2718512,4.0
7897,2726857,4.0
35395,2718635,4.0
7195,2707325,4.0
36162,2711387,4.0
5541,2705369,4.0
3594,2734397,4.0
39503,2726936,4.0
23412,2708368,4.0
19425,2698501,4.0
25,2725503,4.0
28539,2707100,4.0
7807,2704983,4.0
28129,2706877,4.0
1399,2700821,4.0
22668,2711752,4.0
26262,2718256,4.0
360,2714835,4.0
2197,2704997,4.0
5650,2696885,4.0
10865,2708763,4.0
25161,2723678,4.0
1255,2724698,4.0
17755,2712289,4.0
47759,2720481,4.0
1158,2705410,4.0
6782,2702352,4.0
3003,2726695,4.0
23813,2708954,4.0
19948,2728061,4.0
945,2700957,4.0
17786,2731114,4.0
22668,2711285,4.0
39093,2719216,4.0
7910,2723631,4.0
5043,2694187,4.0
26427,2711359,4.0
10680,2706488,4.0
17922,2714728,4.0
41791,2726166,4.0
11326,2719120,4.0
11866,2702377,4.0
30,2730908,4.0
9812,2707861,4.0
6728,2701237,4.0
22757,2735948,4.0
834,2714322,4.0
10137,2702082,4.0
19017,2713643,4.0
1893,2703195,4.0
39927,2719743,4.0
6286,2692395,4.0
31698,2720302,4.0
26803,2702997,4.0
35189,2718591,4.0
25516,2716624,4.0
42265,2698769,4.0
6012,2715913,4.0
833,2706094,4.0
8086,2721921,4.0
2197,2712806,4.0
9265,2693480,4.0
28539,2715092,4.0
7316,2695574,4.0
25516,2712659,4.0
3917,2732231,4.0
11458,2699858,4.0
23770,2707399,4.0
1960,2734484,4.0
3621,2700194,4.0
23401,2709603,4.0
6012,2725674,4.0
15737,2712544,4.0
36335,2721200,4.0
22348,2696833,4.0
22668,2714354,4.0
4964,2714925,4.0
21236,2703013,4.0
19749,2702468,4.0
41791,2715812,4.0
10680,2725735,4.0
28828,2719690,4.0
1960,2702684,4.0
21936,2713963,4.0
35469,2713997,4.0
3003,2715862,4.0
32202,2719889,4.0
3187,2686889,4.0
19822,2706594,4.0
20465,2712612,4.0
29046,2715303,4.0
22668,2710956,4.0
39445,2711974,4.0
33193,2724865,4.0
3917,2718519,4.0
31244,2723129,4.0
38780,2714653,4.0
696,2711906,4.0
7310,2702278,4.0
14375,2732220,4.0
10118,2696058,4.0
12675,2706496,4.0
15061,2678590,4.0
45905,2733866,4.0
11002,2700867,4.0
16256,2717553,4.0
834,2725385,4.0
1869,2705292,4.0
43353,2726799,4.0
48499,2718760,4.0
889,2687941,4.0
14303,2712136,4.0
24882,2711013,4.0
8705,2688416,4.0
28339,2713069,4.0
36435,2711376,4.0
36299,2713017,4.0
36466,2713528,4.0
38966,2726456,4.0
1295,2707742,4.0
46530,2724983,4.0
19751,2713666,4.0
22668,2704608,4.0
22232,2702994,4.0
15452,2711087,4.0
24293,2711745,4.0
437,2710591,4.0
8002,2704102,4.0
4501,2695215,4.0
40050,2718636,4.0
14928,2706692,4.0
22269,2708101,4.0
2446,2696749,4.0
15757,2721681,4.0
1660,2722714,4.0
2489,2708534,4.0
25194,2712973,4.0
29347,2706995,4.0
30,2720585,4.0
7830,2711724,4.0
23770,2731288,4.0
45811,2728551,4.0
16104,2711239,4.0
18308,2725799,4.0
3647,2726974,4.0
46820,2732804,4.0
32215,2706679,4.0
10264,2708621,4.0
11667,2695345,4.0
33736,2723274,4.0
5144,2695845,4.0
24837,2712340,4.0
3917,2703102,4.0
20465,2713004,4.0
11051,2695883,4.0
10787,2707399,4.0
21729,2710456,4.0
7719,2687380,4.0
45811,2723668,4.0
35514,2719441,4.0
18760,2715849,4.0
2489,2704395,4.0
2939,2702460,4.0
25290,2709920,4.0
4865,2699831,4.0
20465,2721299,4.0
3191,2706030,4.0
30,2724246,4.0
43519,2718891,4.0
34051,2718672,4.0
33719,2703341,4.0
43477,2719067,4.0
7109,2694262,4.0
41037,2728830,4.0
35189,2718621,4.0
23327,2714496,4.0
10137,2699876,4.0
11118,2714460,4.0
696,2701920,4.0
11352,2720677,4.0
10027,2716565,4.0
45033,2714902,4.0
1158,2714022,4.0
46015,2731842,4.0
53,2715873,4.0
1295,2733144,4.0
8002,2704517,4.0
11002,2705870,4.0
1158,2707664,4.0
2197,2714117,4.0
39927,2721305,4.0
17245,2710178,4.0
32233,2720620,4.0
11352,2704521,4.0
2964,2697484,4.0
26803,2698665,4.0
5811,2706615,4.0
31111,2727671,4.0
25069,2713244,4.0
10183,2704352,4.0
2563,2694690,4.0
45705,2730912,4.0
8074,2703383,4.0
7830,2707939,4.0
6260,2716513,4.0
28129,2706686,4.0
43064,2731199,4.0
19017,2705936,4.0
27049,2706646,4.0
2778,2726340,4.0
7830,2721634,4.0
31157,2713238,4.0
29294,2711447,4.0
46047,2718675,4.0
834,2729226,4.0
19699,2719031,4.0
16104,2705413,4.0
18966,2716067,4.0
7241,2701661,4.0
14981,2699800,4.0
33193,2730090,4.0
696,2702701,4.0
6447,2703918,4.0
2356,2702698,4.0
26416,2721980,4.0
9945,2705607,4.0
36471,2698656,4.0
23474,2731839,4.0
2826,2700980,4.0
29046,2713954,4.0
3917,2712312,4.0
3221,2688520,4.0
10520,2717345,4.0
2991,2701190,4.0
24314,2695993,4.0
834,2725271,4.0
508,2707236,4.0
18836,2701169,4.0
508,2706484,4.0
6789,2703868,4.0
2396,2687070,4.0
2991,2714193,4.0
22668,2706117,4.0
8074,2707798,4.0
62,2714719,4.0
696,2722459,4.0
48348,2722533,4.0
8337,2717411,4.0
19364,2710786,4.0
1301,2723594,4.0
17584,2720901,4.0
21255,2710384,4.0
2197,2726058,4.0
5759,2694018,4.0
19552,2712315,4.0
46447,2733217,4.0
13873,2716492,4.0
3120,2713643,4.0
9081,2723319,4.0
4698,2707664,4.0
11874,2690038,4.0
21,2707667,4.0
3917,2701748,4.0
1295,2714756,4.0
7719,2719123,4.0
31690,2716753,4.0
3187,2686862,4.0
13919,2719972,4.0
2489,2724591,4.0
25830,2714204,4.0
8648,2705873,4.0
834,2735469,4.0
16226,2726762,4.0
25052,2705556,4.0
26801,2730586,4.0
6614,2701326,4.0
22289,2714343,4.0
33731,2723531,4.0
30,2721901,4.0
9089,2725410,4.0
6545,2732778,4.0
802,2696392,4.0
36299,2721123,4.0
26834,2696032,4.0
2902,2716439,4.0
6004,2704642,4.0
11715,2702457,4.0
1418,2718093,4.0
16343,2719586,4.0
6215,2706868,4.0
48656,2732506,4.0
25366,2717341,4.0
25704,2717284,4.0
3917,2708857,4.0
39533,2717557,4.0
32855,2732853,4.0
8106,2710181,4.0
8705,2710385,4.0
4847,2727988,4.0
18887,2712494,4.0
15926,2713643,4.0
28988,2708364,4.0
3917,2710966,4.0
8012,2702092,4.0
4985,2707252,4.0
6619,2700964,4.0
15954,2695968,4.0
10995,2715404,4.0
17428,2704842,4.0
43996,2719067,4.0
19362,2680840,4.0
2197,2715247,4.0
6447,2698631,4.0
21948,2712921,4.0
16573,2716810,4.0
22269,2723120,4.0
1418,2710387,4.0
14024,2724961,4.0
4910,2705518,4.0
5409,2732420,4.0
62,2731297,4.0
3375,2707526,4.0
26416,2717687,4.0
40297,2719278,4.0
1861,2715130,4.0
5759,2697051,4.0
670,2691809,4.0
19164,2710602,4.0
48079,2734329,4.0
9205,2719666,4.0
7643,2701122,4.0
6614,2707205,4.0
11241,2686893,4.0
18966,2725819,4.0
18572,2708125,4.0
41065,2722964,4.0
14107,2717143,4.0
9768,2698827,4.0
27661,2718397,4.0
33705,2723283,4.0
2202,2694493,4.0
7910,2720055,4.0
25136,2717675,4.0
7241,2733862,4.0
9059,2724677,4.0
41693,2726684,4.0
28125,2704823,4.0
41693,2715306,4.0
40050,2714912,4.0
1418,2729640,4.0
6597,2711423,4.0
2991,2728282,4.0
2193,2699836,4.0
17428,2702032,4.0
12850,2718461,4.0
21629,2734159,4.0
10314,2704459,4.0
1519,2703260,4.0
48729,2731340,4.0
15899,2703021,4.0
6019,2700122,4.0
77,2704615,4.0
24882,2723455,4.0
3791,2729223,4.0
7241,2696257,4.0
5759,2707353,4.0
33718,2723277,4.0
33705,2720143,4.0
10314,2714950,4.0
15975,2707753,4.0
4985,2720833,4.0
32567,2718731,4.0
1397,2715940,4.0
1562,2694614,4.0
48348,2723408,4.0
11475,2708460,4.0
46852,2715427,4.0
43064,2725619,4.0
10995,2716407,4.0
49281,2723586,4.0
23420,2705541,4.0
12706,2708553,4.0
35991,2728589,4.0
1660,2719263,4.0
18911,2698739,4.0
18305,2710165,4.0
17922,2709323,4.0
1660,2713643,4.0
18875,2698166,4.0
4501,2694566,4.0
889,2692533,4.0
12197,2704913,4.0
41791,2721910,4.0
5650,2707695,4.0
32488,2712417,4.0
16009,2706719,4.0
41693,2728714,4.0
5572,2705895,4.0
5292,2703780,4.0
27419,2705207,4.0
16684,2681321,4.0
36028,2719036,4.0
4985,2706053,4.0
12460,2704253,4.0
16104,2715495,4.0
16450,2720806,4.0
1418,2705392,4.0
32955,2721495,4.0
18966,2716110,4.0
24314,2698220,4.0
5209,2713804,4.0
4137,2704603,4.0
3917,2714858,4.0
43152,2716758,4.0
15069,2726229,4.0
6260,2716972,4.0
15474,2704764,4.0
17428,2707651,4.0
47114,2728223,4.0
3221,2696016,4.0
13518,2708298,4.0
696,2715305,4.0
17287,2725388,4.0
20465,2731368,4.0
8534,2725278,4.0
20293,2703259,4.0
19494,2717553,4.0
41693,2727260,4.0
14375,2692569,4.0
21924,2704811,4.0
31612,2720620,4.0
19017,2703082,4.0
34860,2721542,4.0
11027,2701264,4.0
696,2716686,4.0
696,2707056,4.0
38870,2709903,4.0
30,2712355,4.0
4769,2723071,4.0
13853,2714286,4.0
1399,2720144,4.0
2197,2722168,4.0
2885,2704822,4.0
2066,2735638,4.0
9089,2729623,4.0
9767,2713347,4.0
20889,2724001,4.0
7280,2701033,4.0
18572,2716076,4.0
11667,2709466,4.0
28129,2712067,4.0
11002,2705518,4.0
21015,2716536,4.0
42265,2724737,4.0
6388,2706234,4.0
11195,2706601,4.0
30,2710392,4.0
2902,2705906,4.0
11002,2710278,4.0
4769,2723027,4.0
5119,2725067,4.0
834,2736202,4.0
7208,2704813,4.0
6554,2701558,4.0
29556,2715751,4.0
16169,2693439,4.0
17272,2707115,4.0
19079,2732507,4.0
4560,2698676,4.0
1295,2724665,4.0
16422,2719378,4.0
6554,2704595,4.0
6373,2716163,4.0
5759,2698985,4.0
2585,2693901,4.0
47114,2734754,4.0
1188,2698449,4.0
19632,2727210,4.0
5543,2732523,4.0
1295,2716109,4.0
25515,2717924,4.0
13043,2719121,4.0
36298,2715051,4.0
8658,2729746,4.0
43353,2713632,4.0
15051,2727428,4.0
6545,2717481,4.0
15309,2707247,4.0
3424,2734169,4.0
7830,2722696,4.0
2763,2727864,4.0
25290,2714971,4.0
3424,2686699,4.0
32855,2724241,4.0
3455,2688289,4.0
36299,2713540,4.0
193,2708245,4.0
31111,2730003,4.0
2197,2709563,4.0
18677,2725688,4.0
30,2728852,4.0
18966,2719256,4.0
3874,2706380,4.0
18447,2726941,4.0
21680,2708384,4.0
5292,2725015,4.0
33725,2716145,4.0
18422,2709851,4.0
3917,2707315,4.0
10264,2715467,4.0
1418,2712236,4.0
5571,2705375,4.0
20135,2720225,4.0
25743,2728038,4.0
31111,2728898,4.0
20465,2712220,4.0
2449,2721898,4.0
8534,2701719,4.0
5256,2706359,4.0
6260,2733772,4.0
22668,2714102,4.0
46795,2725210,4.0
28310,2712496,4.0
10264,2714170,4.0
3455,2698502,4.0
24647,2710589,4.0
2197,2736128,4.0
16104,2715499,4.0
13919,2724105,4.0
43407,2721925,4.0
31040,2720922,4.0
16037,2702114,4.0
696,2720118,4.0
23224,2696672,4.0
43353,2716733,4.0
27751,2716849,4.0
43825,2717551,4.0
18829,2697981,4.0
18050,2688366,4.0
2612,2696710,4.0
32215,2716859,4.0
19699,2713663,4.0
10165,2693991,4.0
4769,2702114,4.0
15061,2714461,4.0
23091,2706979,4.0
1706,2728258,4.0
26702,2718359,4.0
2197,2720924,4.0
2991,2700043,4.0
11479,2703934,4.0
1197,2687589,4.0
19699,2726220,4.0
1418,2702241,4.0
3635,2734629,4.0
21332,2727617,4.0
28129,2714946,4.0
10087,2735621,4.0
19023,2724361,4.0
7209,2724166,4.0
37546,2717541,4.0
39733,2713514,4.0
4233,2697419,4.0
8539,2711695,4.0
508,2715294,4.0
15101,2706442,4.0
23833,2704307,4.0
9210,2710467,4.0
26554,2715185,4.0
38671,2720517,4.0
35795,2717726,4.0
17763,2710976,4.0
18997,2714611,4.0
15655,2714204,4.0
22668,2715547,4.0
10098,2690298,4.0
7807,2677947,4.0
26888,2704841,4.0
12191,2709494,4.0
23,2712207,4.0
46075,2716782,4.0
1418,2724939,4.0
17922,2705147,4.0
33977,2711699,4.0
1660,2708656,4.0
18839,2715161,4.0
29985,2716390,4.0
3647,2714409,4.0
30365,2702124,4.0
3448,2718514,4.0
25,2726704,4.0
26509,2730318,4.0
27186,2711360,4.0
16104,2720620,4.0
15576,2723446,4.0
18880,2708594,4.0
12706,2712748,4.0
4985,2722626,4.0
7210,2721533,4.0
7990,2704825,4.0
44329,2724961,4.0
696,2711351,4.0
5119,2698455,4.0
26175,2709506,4.0
21048,2689736,4.0
47499,2722752,4.0
5409,2718648,4.0
23862,2729429,4.0
3003,2711002,4.0
3006,2702099,4.0
1295,2712153,4.0
31331,2718156,4.0
5650,2714813,4.0
5759,2707348,4.0
21,2707678,4.0
32899,2706689,4.0
889,2713636,4.0
4985,2722636,4.0
19699,2698758,4.0
45336,2731612,4.0
5185,2705465,4.0
6782,2700253,4.0
12863,2711393,4.0
15924,2730809,4.0
11353,2719525,4.0
33736,2717073,4.0
17178,2710028,4.0
211,2686881,4.0
9089,2698714,4.0
3917,2707324,4.0
15737,2713020,4.0
29316,2716834,4.0
406,2725483,4.0
5970,2696863,4.0
12324,2707846,4.0
39503,2723216,4.0
2197,2732964,4.0
26932,2715968,4.0
12324,2707127,4.0
3145,2700754,4.0
46242,2722784,4.0
16489,2705020,4.0
6373,2728864,4.0
15576,2726835,4.0
6257,2692927,4.0
21862,2714038,4.0
164,2698083,4.0
7290,2710570,4.0
16009,2709116,4.0
7851,2699401,4.0
15599,2731273,4.0
10444,2714878,4.0
18966,2716062,4.0
36298,2711156,4.0
26439,2719479,4.0
12329,2711880,4.0
2193,2696829,4.0
26416,2719685,4.0
37128,2733525,4.0
16463,2727150,4.0
8489,2699503,4.0
29032,2720416,4.0
21729,2721719,4.0
6373,2699484,4.0
6788,2691672,4.0
44853,2715703,4.0
6619,2724137,4.0
30083,2706526,4.0
17832,2703224,4.0
5802,2733885,4.0
41296,2726208,4.0
18857,2700981,4.0
10264,2699644,4.0
41693,2728657,4.0
5326,2717487,4.0
12116,2716698,4.0
9089,2706707,4.0
6328,2704178,4.0
9495,2719954,4.0
47848,2734408,4.0
11866,2700634,4.0
32956,2718184,4.0
45864,2731027,4.0
7106,2718863,4.0
9205,2713900,4.0
24640,2706468,4.0
23483,2721978,4.0
16256,2717879,4.0
1206,2686538,4.0
1418,2707319,4.0
1295,2715719,4.0
7075,2702209,4.0
11002,2710477,4.0
3724,2722025,4.0
5802,2704427,4.0
6004,2704713,4.0
18966,2716037,4.0
21,2717663,4.0
4009,2718752,4.0
14081,2733033,4.0
15101,2729123,4.0
45339,2723293,4.0
17758,2708298,4.0
2847,2686225,4.0
3917,2718526,4.0
22232,2704862,4.0
6307,2697287,4.0
8534,2698182,4.0
41233,2723344,4.0
3236,2700076,4.0
12470,2711260,4.0
15656,2714273,4.0
10911,2699858,4.0
10430,2702650,4.0
21720,2711866,4.0
6818,2706901,4.0
18499,2713737,4.0
12791,2705893,4.0
3446,2712829,4.0
33705,2704826,4.0
33719,2724414,4.0
7934,2701748,4.0
19017,2715430,4.0
6257,2697269,4.0
10263,2706420,4.0
9506,2725217,4.0
7830,2720764,4.0
44072,2729105,4.0
11414,2706106,4.0
4480,2713034,4.0
2193,2713785,4.0
39858,2719933,4.0
32490,2726504,4.0
32488,2712342,4.0
12006,2707316,4.0
48397,2732540,4.0
6215,2706694,4.0
12579,2707149,4.0
23224,2716094,4.0
1295,2726784,4.0
23833,2715566,4.0
8617,2701119,4.0
17466,2726603,4.0
11127,2717525,4.0
1418,2712438,4.0
15961,2714820,4.0
21275,2703356,4.0
31161,2721480,4.0
28558,2715476,4.0
21943,2707130,4.0
7912,2694655,4.0
2197,2736112,4.0
2792,2707792,4.0
18829,2707439,4.0
6394,2695012,4.0
14277,2710624,4.0
22757,2714599,4.0
5119,2723993,4.0
834,2735235,4.0
12324,2731457,4.0
21113,2692246,4.0
6115,2693356,4.0
17734,2714481,4.0
889,2712214,4.0
35991,2717522,4.0
8871,2679124,4.0
6012,2697981,4.0
18167,2712701,4.0
8086,2699903,4.0
31152,2721041,4.0
10658,2703714,4.0
20509,2698217,4.0
22554,2689343,4.0
9205,2727022,4.0
43825,2718351,4.0
8106,2722034,4.0
16104,2706218,4.0
26515,2716862,4.0
14107,2706638,4.0
39953,2724351,4.0
6625,2715451,4.0
5729,2701832,4.0
17536,2701957,4.0
40050,2722691,4.0
49192,2735873,4.0
28156,2724982,4.0
18809,2711797,4.0
4698,2702758,4.0
62,2723074,4.0
8074,2716363,4.0
2045,2704305,4.0
14375,2711357,4.0
22010,2714489,4.0
2778,2713285,4.0
33193,2732005,4.0
16121,2705487,4.0
8534,2702906,4.0
8383,2698213,4.0
1418,2709654,4.0
4769,2721473,4.0
27349,2710885,4.0
32967,2714323,4.0
21,2707089,4.0
7830,2720721,4.0
2687,2687666,4.0
193,2732143,4.0
889,2733524,4.0
23978,2694992,4.0
22322,2724195,4.0
1418,2703950,4.0
834,2723420,4.0
40010,2715752,4.0
43307,2717876,4.0
5571,2696927,4.0
1634,2711810,4.0
26013,2715013,4.0
28828,2711102,4.0
5256,2720357,4.0
1252,2728136,4.0
49006,2722728,4.0
11127,2724169,4.0
2991,2704089,4.0
26088,2718306,4.0
36335,2708092,4.0
1960,2720016,4.0
186,2704261,4.0
24837,2718336,4.0
1301,2680201,4.0
23452,2703876,4.0
1295,2712451,4.0
8705,2724760,4.0
8469,2707681,4.0
38652,2710606,4.0
696,2721651,4.0
24209,2695996,4.0
11027,2706162,4.0
1295,2719609,4.0
1335,2694643,4.0
8617,2690756,4.0
36382,2727935,4.0
20465,2704580,4.0
5315,2702375,4.0
21629,2727968,4.0
48585,2728680,4.0
9317,2726814,4.0
8288,2727949,4.0
32356,2730005,4.0
18911,2707268,4.0
2826,2699752,4.0
1660,2707403,4.0
6640,2714559,4.0
35042,2709494,4.0
16450,2711809,4.0
16450,2717022,4.0
9812,2697530,4.0
16191,2718406,4.0
21,2700754,4.0
1418,2714501,4.0
8370,2705387,4.0
19927,2707312,4.0
20889,2730290,4.0
13090,2705249,4.0
6373,2730945,4.0
48851,2727256,4.0
37406,2718058,4.0
33193,2715863,4.0
3625,2703210,4.0
18966,2730114,4.0
27274,2723178,4.0
10787,2712385,4.0
6330,2720330,4.0
38780,2724982,4.0
31328,2730034,4.0
696,2714870,4.0
3635,2693958,4.0
7177,2719567,4.0
20924,2702908,4.0
20509,2710566,4.0
935,2715238,4.0
6447,2714889,4.0
27785,2707088,4.0
28556,2718379,4.0
2986,2704713,4.0
11352,2727766,4.0
18572,2716168,4.0
32899,2716380,4.0
24853,2717255,4.0
11590,2701009,4.0
935,2723415,4.0
31161,2722377,4.0
37727,2717935,4.0
12514,2712801,4.0
43996,2730263,4.0
3375,2706714,4.0
1418,2704685,4.0
28637,2723475,4.0
3923,2720268,4.0
40050,2714911,4.0
15143,2722956,4.0
21680,2705682,4.0
24006,2703215,4.0
47338,2720068,4.0
32772,2713100,4.0
27356,2727829,4.0
3997,2707003,4.0
3107,2696944,4.0
27226,2715614,4.0
2486,2704963,4.0
11127,2713678,4.0
18911,2720665,4.0
7974,2723701,4.0
7080,2702913,4.0
2202,2704660,4.0
21203,2712512,4.0
11127,2701982,4.0
11369,2713347,4.0
3375,2719374,4.0
33787,2717472,4.0
21382,2708408,4.0
14840,2707284,4.0
11002,2716749,4.0
25745,2696785,4.0
696,2713440,4.0
16104,2719965,4.0
40474,2724853,4.0
12197,2698667,4.0
6225,2697480,4.0
4540,2706367,4.0
18829,2714599,4.0
21352,2700504,4.0
35253,2710667,4.0
7897,2699783,4.0
12514,2706132,4.0
9081,2723197,4.0
6958,2706993,4.0
31157,2717084,4.0
18966,2720164,4.0
10444,2710358,4.0
23738,2715090,4.0
30,2714597,4.0
3221,2695870,4.0
12919,2695299,4.0
3428,2705922,4.0
6789,2703222,4.0
180,2703275,4.0
22956,2712980,4.0
11414,2710971,4.0
2593,2713693,4.0
23042,2706730,4.0
18966,2720261,4.0
21979,2689741,4.0
2905,2709017,4.0
5809,2705788,4.0
959,2726755,4.0
46047,2728083,4.0
9089,2714846,4.0
834,2707528,4.0
9506,2720790,4.0
19279,2714294,4.0
12498,2707764,4.0
3624,2721941,4.0
13137,2697504,4.0
9714,2720086,4.0
35155,2718391,4.0
8534,2713499,4.0
7897,2728046,4.0
25743,2721465,4.0
7719,2688968,4.0
696,2721674,4.0
16346,2706124,4.0
6728,2697962,4.0
25503,2719506,4.0
47338,2732517,4.0
39122,2718173,4.0
48397,2734807,4.0
4983,2698648,4.0
1418,2727902,4.0
41791,2708048,4.0
22668,2714885,4.0
37803,2724023,4.0
21680,2709722,4.0
8075,2706268,4.0
185,2723475,4.0
23130,2715133,4.0
9338,2707021,4.0
4793,2688450,4.0
49190,2732071,4.0
38923,2710647,4.0
22391,2697571,4.0
744,2705414,4.0
1994,2705346,4.0
4501,2721006,4.0
18042,2711095,4.0
1689,2725084,4.0
18966,2720560,4.0
8769,2707946,4.0
6330,2706911,4.0
41693,2727100,4.0
28,2692189,4.0
13853,2703178,4.0
7206,2704965,4.0
439,2684255,4.0
32967,2714239,4.0
18900,2708292,4.0
11955,2703994,4.0
15883,2720907,4.0
32001,2718951,4.0
5185,2696792,4.0
22854,2702030,4.0
1430,2712359,4.0
14277,2699926,4.0
1994,2725957,4.0
2955,2727996,4.0
13813,2711118,4.0
5043,2704552,4.0
42463,2724929,4.0
10995,2716409,4.0
3003,2717364,4.0
1418,2713290,4.0
7195,2691526,4.0
831,2727110,4.0
22940,2728237,4.0
2502,2712200,4.0
23130,2716466,4.0
2193,2701439,4.0
2257,2711149,4.0
25439,2705374,4.0
12289,2708622,4.0
11027,2705021,4.0
47992,2718680,4.0
25,2723648,4.0
37081,2724962,4.0
24293,2706787,4.0
8074,2717674,4.0
16243,2733275,4.0
37743,2725513,4.0
46307,2730873,4.0
15587,2707443,4.0
22967,2722393,4.0
17035,2713867,4.0
43925,2720793,4.0
3876,2705482,4.0
13644,2711302,4.0
11002,2706707,4.0
2882,2726860,4.0
32799,2718967,4.0
2197,2720718,4.0
7665,2704807,4.0
11414,2695704,4.0
25552,2707467,4.0
18966,2725707,4.0
2955,2710701,4.0
9089,2700971,4.0
33646,2732496,4.0
9089,2728223,4.0
16121,2695357,4.0
1295,2713489,4.0
33705,2723603,4.0
2778,2708266,4.0
7910,2723636,4.0
396,2704444,4.0
23978,2703341,4.0
17049,2707033,4.0
43353,2714925,4.0
20465,2710812,4.0
26095,2717310,4.0
46530,2722752,4.0
5433,2704602,4.0
2202,2698872,4.0
3724,2722606,4.0
38671,2712461,4.0
34378,2720751,4.0
13577,2707853,4.0
62,2718363,4.0
696,2702765,4.0
2368,2693364,4.0
6782,2705073,4.0
1155,2690812,4.0
5650,2702987,4.0
18704,2714356,4.0
7807,2731217,4.0
19074,2709845,4.0
37467,2719312,4.0
11808,2693868,4.0
877,2688906,4.0
13329,2704886,4.0
11127,2715456,4.0
41693,2729186,4.0
5974,2703909,4.0
19699,2704998,4.0
1206,2704674,4.0
9714,2698211,4.0
7643,2693901,4.0
37970,2711340,4.0
16417,2702621,4.0
43825,2720863,4.0
24930,2733388,4.0
16104,2720509,4.0
186,2691090,4.0
44530,2731355,4.0
1295,2706231,4.0
3493,2730149,4.0
3917,2732235,4.0
3923,2721278,4.0
7378,2700143,4.0
180,2713824,4.0
1994,2724309,4.0
3107,2707796,4.0
25590,2723156,4.0
7459,2701294,4.0
4985,2716771,4.0
12862,2707715,4.0
16009,2709204,4.0
18880,2722848,4.0
19074,2709802,4.0
2940,2706991,4.0
834,2716439,4.0
10473,2706300,4.0
5292,2703769,4.0
30092,2719013,4.0
38671,2720200,4.0
13209,2706970,4.0
10673,2706900,4.0
36011,2724878,4.0
5759,2707329,4.0
3227,2700905,4.0
3624,2709680,4.0
7530,2709495,4.0
40050,2729799,4.0
2489,2702103,4.0
6260,2729076,4.0
28556,2718118,4.0
38697,2722227,4.0
18966,2720158,4.0
43407,2714899,4.0
40234,2721382,4.0
29109,2706481,4.0
21457,2706359,4.0
5160,2695242,4.0
26416,2717873,4.0
884,2695853,4.0
11369,2707840,4.0
40050,2713069,4.0
22668,2715871,4.0
5315,2705912,4.0
18262,2706171,4.0
32488,2720441,4.0
8534,2715306,4.0
28793,2719120,4.0
11741,2714889,4.0
23,2734605,4.0
29756,2719965,4.0
25830,2716711,4.0
2335,2724214,4.0
23,2718659,4.0
30,2710595,4.0
35198,2709904,4.0
18900,2710581,4.0
831,2726955,4.0
1295,2717558,4.0
8074,2717879,4.0
25194,2725131,4.0
16450,2720351,4.0
19481,2710694,4.0
38792,2720183,4.0
834,2697939,4.0
33718,2708009,4.0
11889,2733955,4.0
396,2704483,4.0
18214,2713244,4.0
11387,2706850,4.0
18677,2714719,4.0
2905,2712083,4.0
2882,2704935,4.0
2120,2705811,4.0
30,2708565,4.0
1399,2706673,4.0
27297,2719663,4.0
12197,2702911,4.0
27163,2711016,4.0
17848,2730720,4.0
37001,2704395,4.0
8871,2709460,4.0
7776,2711384,4.0
4963,2708038,4.0
18398,2696799,4.0
49414,2732828,4.0
22307,2712522,4.0
31111,2727325,4.0
20275,2703340,4.0
12850,2719984,4.0
17846,2721331,4.0
17786,2711382,4.0
186,2704604,4.0
298,2703805,4.0
5326,2695968,4.0
25193,2713556,4.0
35504,2714807,4.0
2197,2707391,4.0
28097,2714465,4.0
22830,2700212,4.0
8572,2699453,4.0
14093,2705073,4.0
11127,2721031,4.0
19481,2711434,4.0
6789,2696839,4.0
20062,2710986,4.0
1418,2712075,4.0
1660,2686892,4.0
933,2692327,4.0
5759,2701691,4.0
21720,2700033,4.0
1879,2707135,4.0
7830,2722703,4.0
19843,2719861,4.0
180,2685252,4.0
5759,2702841,4.0
4394,2705132,4.0
3107,2698829,4.0
185,2712961,4.0
49074,2730112,4.0
33243,2720039,4.0
21066,2714874,4.0
17186,2713251,4.0
38438,2723702,4.0
25161,2713573,4.0
45409,2724814,4.0
4769,2720659,4.0
18396,2724035,4.0
696,2714080,4.0
2193,2712572,4.0
16244,2726698,4.0
18651,2722691,4.0
18966,2718123,4.0
18484,2708928,4.0
42210,2714220,4.0
21,2705811,4.0
18697,2713681,4.0
14348,2707732,4.0
13577,2711340,4.0
21,2698599,4.0
19506,2697277,4.0
15023,2712289,4.0
21,2707684,4.0
39445,2724047,4.0
11414,2710299,4.0
15890,2721323,4.0
23,2725774,4.0
27521,2718379,4.0
6788,2699742,4.0
1865,2709906,4.0
41693,2725558,4.0
696,2711720,4.0
10784,2705057,4.0
889,2693480,4.0
2878,2710736,4.0
1295,2711539,4.0
14378,2713058,4.0
19552,2712310,4.0
20345,2706375,4.0
12484,2711015,4.0
9232,2708364,4.0
3625,2701026,4.0
1399,2703652,4.0
16381,2727178,4.0
8534,2716687,4.0
11002,2696902,4.0
17567,2734700,4.0
22898,2706475,4.0
18911,2730817,4.0
22235,2702697,4.0
7830,2720750,4.0
17567,2708239,4.0
45814,2726297,4.0
1158,2699740,4.0
16104,2723645,4.0
27419,2706726,4.0
10995,2704837,4.0
2864,2695338,4.0
696,2713438,4.0
1893,2702930,4.0
21,2712649,4.0
12740,2700743,4.0
24437,2714506,4.0
10664,2724394,4.0
1418,2706852,4.0
21629,2698224,4.0
44188,2726066,4.0
6093,2706901,4.0
5628,2706818,4.0
11127,2704992,4.0
10183,2696325,4.0
19335,2708199,4.0
3173,2711324,4.0
1960,2715469,4.0
834,2721517,4.0
43307,2719685,4.0
16270,2709533,4.0
10183,2699903,4.0
45336,2717303,4.0
34860,2721536,4.0
6187,2723449,4.0
17113,2713869,4.0
21948,2714219,4.0
6818,2698502,4.0
23420,2704951,4.0
34378,2721663,4.0
20465,2733934,4.0
1614,2692705,4.0
19494,2730875,4.0
32001,2717319,4.0
34860,2721448,4.0
26803,2708539,4.0
11584,2711665,4.0
31157,2721361,4.0
8370,2686737,4.0
1418,2706632,4.0
36478,2719060,4.0
3455,2692549,4.0
20053,2709487,4.0
35504,2719100,4.0
21,2711232,4.0
20797,2722603,4.0
4501,2693419,4.0
14154,2710150,4.0
14840,2718197,4.0
22432,2730346,4.0
26509,2720974,4.0
193,2717776,4.0
7830,2707296,4.0
7934,2693487,4.0
16882,2712051,4.0
3917,2695288,4.0
32655,2715470,4.0
11803,2716422,4.0
6054,2703965,4.0
10011,2683924,4.0
1399,2709727,4.0
14594,2713418,4.0
23130,2715155,4.0
19267,2706544,4.0
23135,2733596,4.0
31152,2711477,4.0
24613,2717445,4.0
19552,2732482,4.0
18966,2719940,4.0
5526,2715102,4.0
23483,2727272,4.0
19855,2722673,4.0
834,2729194,4.0
834,2718508,4.0
22668,2714631,4.0
22967,2725833,4.0
40050,2713438,4.0
12746,2697681,4.0
23474,2712458,4.0
20797,2727756,4.0
23,2706566,4.0
17411,2713025,4.0
13659,2712287,4.0
45320,2732478,4.0
36685,2719953,4.0
8144,2732939,4.0
23,2713821,4.0
11127,2715730,4.0
166,2706639,4.0
745,2711974,4.0
7807,2731273,4.0
22886,2706511,4.0
44985,2717433,4.0
11002,2703926,4.0
2156,2718176,4.0
5541,2725146,4.0
16238,2716078,4.0
1418,2708609,4.0
49254,2733542,4.0
35942,2707413,4.0
36685,2722656,4.0
20797,2714705,4.0
7719,2712973,4.0
10784,2722901,4.0
10444,2707248,4.0
22200,2697209,4.0
1634,2723699,4.0
11002,2717493,4.0
26270,2716907,4.0
9070,2706572,4.0
16904,2710684,4.0
10376,2721117,4.0
2202,2695574,4.0
6447,2698735,4.0
7830,2708480,4.0
18396,2712898,4.0
12178,2688924,4.0
25473,2716972,4.0
7830,2717483,4.0
18086,2713626,4.0
4985,2702846,4.0
10784,2706560,4.0
696,2717980,4.0
2236,2731757,4.0
17763,2705131,4.0
8572,2726005,4.0
6187,2707656,4.0
23327,2713429,4.0
11118,2721355,4.0
23042,2722386,4.0
11961,2705381,4.0
18296,2705381,4.0
26417,2713639,4.0
24295,2717842,4.0
24930,2709933,4.0
41707,2725699,4.0
1168,2719157,4.0
8288,2717793,4.0
4953,2716029,4.0
11118,2694084,4.0
35504,2724705,4.0
6373,2716031,4.0
6447,2714906,4.0
11002,2707713,4.0
47837,2727262,4.0
13957,2711394,4.0
6012,2719503,4.0
1399,2689418,4.0
21402,2712997,4.0
24837,2713185,4.0
14609,2713338,4.0
33911,2723333,4.0
12447,2701747,4.0
1418,2725711,4.0
17816,2707730,4.0
7106,2719966,4.0
29444,2717487,4.0
1514,2718501,4.0
9019,2698647,4.0
6083,2698161,4.0
26792,2713164,4.0
4312,2707322,4.0
18966,2725563,4.0
3917,2732221,4.0
5209,2726889,4.0
20758,2715176,4.0
25194,2706187,4.0
7568,2706740,4.0
18966,2720162,4.0
21,2693452,4.0
7568,2715640,4.0
12850,2705184,4.0
7295,2705895,4.0
41791,2724047,4.0
38923,2724707,4.0
25182,2712968,4.0
48195,2733542,4.0
7910,2699867,4.0
1683,2708673,4.0
696,2718116,4.0
6533,2712911,4.0
9081,2700603,4.0
21,2704174,4.0
37081,2719517,4.0
29739,2710619,4.0
19679,2714490,4.0
40050,2704792,4.0
7830,2716357,4.0
15871,2698872,4.0
7773,2707573,4.0
23130,2707406,4.0
33049,2713635,4.0
30,2708451,4.0
38697,2722289,4.0
32490,2706048,4.0
62,2704098,4.0
14390,2709088,4.0
11758,2736282,4.0
696,2699878,4.0
817,2714596,4.0
30,2710453,4.0
1660,2714380,4.0
7310,2722062,4.0
2695,2697307,4.0
11002,2714813,4.0
1197,2680840,4.0
37803,2725113,4.0
4576,2707017,4.0
508,2724202,4.0
8489,2726392,4.0
2878,2705944,4.0
1809,2693964,4.0
7814,2692510,4.0
9080,2696891,4.0
5106,2690482,4.0
1295,2726804,4.0
12289,2703617,4.0
33705,2718664,4.0
7586,2707390,4.0
9813,2703986,4.0
11118,2707455,4.0
7530,2698036,4.0
34152,2698060,4.0
9317,2721116,4.0
6619,2692431,4.0
11808,2696309,4.0
406,2695053,4.0
1295,2702972,4.0
5497,2711638,4.0
19409,2708427,4.0
22365,2714674,4.0
889,2723178,4.0
11667,2712119,4.0
17462,2726903,4.0
1301,2685738,4.0
32855,2721387,4.0
17295,2699876,4.0
11387,2705238,4.0
1967,2696841,4.0
10264,2726651,4.0
14375,2732212,4.0
2991,2690257,4.0
13853,2714758,4.0
22854,2716850,4.0
30453,2720676,4.0
1295,2705022,4.0
15924,2712517,4.0
2587,2704596,4.0
18050,2697980,4.0
29347,2721952,4.0
6260,2715134,4.0
9019,2697358,4.0
6373,2717060,4.0
5759,2707332,4.0
2612,2711401,4.0
1158,2710215,4.0
2197,2722676,4.0
15116,2709779,4.0
21,2688835,4.0
6307,2683784,4.0
46118,2712312,4.0
34260,2723070,4.0
2991,2705680,4.0
2991,2702712,4.0
16424,2721738,4.0
696,2711885,4.0
3174,2703131,4.0
10680,2707236,4.0
31157,2716389,4.0
7530,2709540,4.0
6307,2696376,4.0
8074,2716356,4.0
34260,2714173,4.0
29449,2702999,4.0
15495,2710663,4.0
23767,2702924,4.0
7568,2705861,4.0
27521,2715824,4.0
24125,2710358,4.0
49467,2735123,4.0
6619,2711375,4.0
8074,2706645,4.0
933,2724487,4.0
6369,2715507,4.0
91,2685708,4.0
23042,2715132,4.0
8246,2706684,4.0
1418,2708572,4.0
2197,2711158,4.0
6260,2700337,4.0
3003,2704889,4.0
36335,2723178,4.0
16269,2712284,4.0
1418,2706347,4.0
27356,2713704,4.0
34841,2719665,4.0
20889,2711687,4.0
21453,2714602,4.0
25080,2705937,4.0
1239,2701310,4.0
834,2710725,4.0
62,2713914,4.0
45409,2726859,4.0
18296,2732445,4.0
166,2706637,4.0
13394,2726578,4.0
3571,2728110,4.0
3791,2713322,4.0
30,2710795,4.0
29032,2716530,4.0
151,2695012,4.0
20465,2695406,4.0
23395,2723234,4.0
48975,2733875,4.0
42210,2714217,4.0
43825,2728564,4.0
8790,2713691,4.0
49552,2735115,4.0
8529,2717015,4.0
38576,2723831,4.0
2197,2706228,4.0
9714,2719341,4.0
29371,2720427,4.0
34051,2722133,4.0
834,2713137,4.0
6215,2700641,4.0
10314,2726219,4.0
11174,2705424,4.0
5124,2691958,4.0
40878,2724461,4.0
1295,2706178,4.0
26509,2715495,4.0
3205,2703851,4.0
23176,2707396,4.0
19699,2712411,4.0
28916,2717237,4.0
8637,2693901,4.0
37081,2722920,4.0
6619,2714270,4.0
11575,2716727,4.0
3917,2707685,4.0
25502,2713501,4.0
1968,2703606,4.0
25,2710624,4.0
3635,2705883,4.0
696,2734168,4.0
23712,2701068,4.0
8637,2728856,4.0
29032,2713265,4.0
32842,2717382,4.0
45814,2720665,4.0
498,2703759,4.0
26509,2718603,4.0
1418,2728314,4.0
11479,2706597,4.0
14375,2687903,4.0
19702,2706241,4.0
1418,2724774,4.0
6117,2690756,4.0
21943,2707443,4.0
27419,2705578,4.0
9089,2712836,4.0
10784,2706534,4.0
10197,2699288,4.0
4703,2729494,4.0
41791,2719278,4.0
26509,2707699,4.0
4017,2707017,4.0
35060,2715875,4.0
2658,2710150,4.0
3950,2703998,4.0
15143,2724966,4.0
1418,2715827,4.0
15975,2712834,4.0
23224,2715077,4.0
31152,2712586,4.0
2882,2724966,4.0
37128,2721317,4.0
2197,2719831,4.0
17848,2716649,4.0
6912,2696861,4.0
6012,2731208,4.0
4624,2714818,4.0
10024,2714309,4.0
26702,2726475,4.0
6130,2707007,4.0
38671,2718860,4.0
19297,2709260,4.0
7830,2706474,4.0
29865,2706139,4.0
29268,2720206,4.0
7719,2712060,4.0
30,2728210,4.0
696,2711901,4.0
47992,2723252,4.0
3003,2726475,4.0
17584,2724696,4.0
41190,2717457,4.0
508,2719738,4.0
19699,2713059,4.0
10425,2728580,4.0
6373,2720188,4.0
2405,2706677,4.0
21,2710977,4.0
11002,2702641,4.0
28556,2718418,4.0
7910,2699868,4.0
23978,2708829,4.0
44985,2731631,4.0
2806,2724968,4.0
12324,2731689,4.0
32308,2717552,4.0
13644,2708898,4.0
20692,2722699,4.0
22942,2728636,4.0
16450,2728022,4.0
10858,2722899,4.0
22105,2734310,4.0
24125,2709502,4.0
39855,2697209,4.0
47384,2723631,4.0
11002,2720817,4.0
39093,2709558,4.0
10087,2735593,4.0
11454,2708408,4.0
5497,2704595,4.0
18003,2701014,4.0
38438,2723701,4.0
22394,2713886,4.0
27286,2716525,4.0
5083,2690429,4.0
9080,2696831,4.0
18966,2717657,4.0
2193,2694881,4.0
19373,2713507,4.0
41693,2722082,4.0
3917,2732255,4.0
29488,2717395,4.0
12208,2722661,4.0
38697,2709945,4.0
12226,2704218,4.0
22830,2712496,4.0
29985,2720201,4.0
7568,2706868,4.0
43825,2723951,4.0
13817,2734793,4.0
28764,2719514,4.0
40297,2718732,4.0
11002,2703508,4.0
9081,2701660,4.0
47799,2722649,4.0
28725,2714731,4.0
46118,2723518,4.0
17905,2717313,4.0
26702,2717180,4.0
5959,2687825,4.0
22942,2733038,4.0
39503,2728391,4.0
8534,2720721,4.0
1226,2719789,4.0
22765,2713980,4.0
26013,2712439,4.0
22590,2694992,4.0
7974,2717663,4.0
7897,2704915,4.0
33193,2720638,4.0
23483,2719450,4.0
2197,2734284,4.0
19494,2728072,4.0
7513,2710524,4.0
16104,2734830,4.0
46326,2731269,4.0
1968,2693108,4.0
7106,2711949,4.0
16104,2705170,4.0
5650,2712735,4.0
16412,2702110,4.0
4137,2711094,4.0
38068,2701960,4.0
46059,2734280,4.0
696,2702892,4.0
15793,2726188,4.0
8356,2705119,4.0
2116,2699840,4.0
43648,2722093,4.0
3003,2711375,4.0
4576,2679452,4.0
34574,2715307,4.0
23224,2710791,4.0
14609,2697513,4.0
18214,2711335,4.0
10787,2713747,4.0
29316,2715733,4.0
11062,2706218,4.0
8074,2713957,4.0
38671,2725444,4.0
28670,2710571,4.0
11715,2706677,4.0
127,2732139,4.0
12044,2693868,4.0
4297,2708047,4.0
17547,2717677,4.0
41693,2727203,4.0
8211,2710542,4.0
3917,2718069,4.0
45170,2722728,4.0
45864,2730996,4.0
29449,2718136,4.0
1399,2689584,4.0
23224,2701717,4.0
8074,2722854,4.0
1660,2711375,4.0
22232,2696878,4.0
38488,2716149,4.0
3287,2719084,4.0
30165,2720734,4.0
2197,2727045,4.0
49467,2719975,4.0
23494,2732201,4.0
38780,2718731,4.0
22059,2725971,4.0
17911,2712284,4.0
8339,2729302,4.0
31690,2714276,4.0
2828,2679166,4.0
22940,2720222,4.0
20207,2707447,4.0
5802,2720956,4.0
26509,2728600,4.0
15924,2722903,4.0
16766,2714540,4.0
41893,2726103,4.0
7830,2728603,4.0
1500,2726528,4.0
15023,2710150,4.0
45409,2726620,4.0
186,2697413,4.0
39838,2724771,4.0
30453,2720621,4.0
2197,2728729,4.0
10680,2706999,4.0
7316,2705146,4.0
12191,2702910,4.0
11127,2703034,4.0
1399,2704252,4.0
39503,2712995,4.0
7093,2705036,4.0
7830,2710430,4.0
30,2728067,4.0
30453,2720659,4.0
21453,2713909,4.0
1634,2714053,4.0
2197,2723404,4.0
38966,2725610,4.0
18966,2716106,4.0
20692,2731896,4.0
3221,2708012,4.0
28637,2723321,4.0
21048,2715581,4.0
18697,2710766,4.0
16191,2729292,4.0
12706,2721184,4.0
4985,2720029,4.0
3236,2704618,4.0
12324,2704470,4.0
696,2733595,4.0
7241,2719308,4.0
7405,2703383,4.0
7729,2718929,4.0
6388,2699821,4.0
7966,2726851,4.0
5083,2696838,4.0
31690,2731191,4.0
8288,2727741,4.0
20013,2711678,4.0
15407,2697433,4.0
11889,2730318,4.0
23401,2722693,4.0
13329,2711419,4.0
43866,2698227,4.0
696,2721611,4.0
29727,2718622,4.0
2390,2698598,4.0
9541,2720771,4.0
1418,2720517,4.0
41693,2727544,4.0
29756,2707312,4.0
13854,2706890,4.0
4596,2693218,4.0
23552,2702067,4.0
7241,2725321,4.0
16169,2697463,4.0
6563,2704186,4.0
27226,2731410,4.0
19224,2711809,4.0
19699,2714972,4.0
1158,2722494,4.0
28129,2706658,4.0
10341,2712305,4.0
62,2704550,4.0
8106,2702596,4.0
3003,2713932,4.0
5650,2709618,4.0
1660,2711346,4.0
3040,2705894,4.0
7809,2681561,4.0
4596,2685886,4.0
12498,2702946,4.0
21980,2727376,4.0
23,2712007,4.0
29109,2707020,4.0
12642,2710150,4.0
12484,2710978,4.0
41693,2725278,4.0
28702,2721949,4.0
10087,2711076,4.0
29463,2715604,4.0
43353,2727030,4.0
29629,2717492,4.0
21,2705472,4.0
2197,2720885,4.0
10263,2692519,4.0
28702,2726200,4.0
7910,2697365,4.0
18900,2704012,4.0
18067,2714904,4.0
24837,2714250,4.0
2449,2721947,4.0
10911,2679471,4.0
1552,2701977,4.0
10664,2713255,4.0
7645,2698226,4.0
24613,2713849,4.0
12208,2716217,4.0
49262,2735250,4.0
12044,2712312,4.0
30,2713909,4.0
3375,2712575,4.0
37081,2717544,4.0
14024,2711440,4.0
41693,2729383,4.0
49007,2709248,4.0
11584,2721178,4.0
32758,2721494,4.0
9205,2731478,4.0
18857,2700703,4.0
5241,2706616,4.0
498,2701725,4.0
18955,2702803,4.0
15590,2713594,4.0
17923,2720970,4.0
7897,2724843,4.0
43825,2708246,4.0
3455,2715851,4.0
1206,2702149,4.0
396,2704462,4.0
11127,2723201,4.0
13659,2710978,4.0
1295,2713973,4.0
19699,2719250,4.0
25664,2712763,4.0
30083,2717063,4.0
3571,2691712,4.0
298,2698150,4.0
21518,2707446,4.0
1295,2725557,4.0
11961,2704913,4.0
5650,2720112,4.0
16009,2708011,4.0
8074,2708541,4.0
46855,2732120,4.0
23042,2715300,4.0
3287,2711848,4.0
19005,2724547,4.0
1418,2707865,4.0
21680,2707439,4.0
2587,2718272,4.0
13093,2706408,4.0
11002,2719908,4.0
7851,2707376,4.0
35042,2713500,4.0
39503,2728261,4.0
10473,2705371,4.0
21113,2706476,4.0
28725,2729227,4.0
2449,2719951,4.0
7897,2728028,4.0
49467,2722863,4.0
11803,2732171,4.0
7241,2720704,4.0
7814,2706026,4.0
10680,2728551,4.0
35886,2719919,4.0
19279,2696947,4.0
970,2696501,4.0
19935,2711649,4.0
8074,2719688,4.0
23,2719241,4.0
18042,2707261,4.0
30092,2719895,4.0
5481,2711489,4.0
62,2722392,4.0
19164,2699876,4.0
2335,2720223,4.0
696,2732167,4.0
48851,2722736,4.0
6402,2719841,4.0
17006,2713120,4.0
24508,2715601,4.0
3925,2720700,4.0
32855,2717727,4.0
1418,2705216,4.0
22783,2707989,4.0
17464,2719155,4.0
45814,2720757,4.0
11889,2707853,4.0
9205,2722354,4.0
18677,2714649,4.0
5974,2698779,4.0
45814,2727767,4.0
23,2712135,4.0
14609,2710485,4.0
14463,2706893,4.0
11027,2708118,4.0
18880,2717111,4.0
16037,2706317,4.0
14928,2727148,4.0
45314,2714948,4.0
24478,2725277,4.0
29046,2710763,4.0
11955,2711075,4.0
15909,2704433,4.0
1399,2704093,4.0
4312,2723176,4.0
3455,2696048,4.0
5360,2706621,4.0
10098,2714728,4.0
20465,2725806,4.0
19494,2722459,4.0
48195,2733521,4.0
8447,2736124,4.0
10341,2701078,4.0
42870,2732875,4.0
18900,2714178,4.0
22365,2727181,4.0
44188,2724556,4.0
8144,2698208,4.0
35514,2716220,4.0
2955,2711006,4.0
15160,2703895,4.0
29430,2717501,4.0
22269,2723091,4.0
1418,2709029,4.0
13313,2710976,4.0
10664,2707945,4.0
7814,2703794,4.0
19538,2712662,4.0
7974,2706022,4.0
43825,2717561,4.0
46820,2732878,4.0
5811,2727519,4.0
8609,2717554,4.0
12706,2713691,4.0
62,2711806,4.0
38199,2716757,4.0
5551,2713092,4.0
3635,2723618,4.0
26509,2715547,4.0
22109,2703645,4.0
47837,2734931,4.0
7830,2717398,4.0
39503,2723415,4.0
23464,2716875,4.0
1660,2712823,4.0
23401,2705353,4.0
39503,2723812,4.0
40207,2723077,4.0
17863,2688416,4.0
19552,2718519,4.0
39279,2715297,4.0
15568,2717227,4.0
26509,2709662,4.0
17232,2722895,4.0
9975,2703763,4.0
6689,2714496,4.0
16450,2708003,4.0
11055,2715972,4.0
10107,2714185,4.0
9151,2696008,4.0
22757,2705052,4.0
834,2708284,4.0
5650,2714357,4.0
2197,2735399,4.0
10995,2705413,4.0
17922,2730083,4.0
32955,2717387,4.0
23401,2714634,4.0
180,2706102,4.0
25830,2707041,4.0
6902,2694869,4.0
22109,2731161,4.0
12324,2730548,4.0
18966,2716894,4.0
30453,2721444,4.0
35886,2719950,4.0
10165,2704640,4.0
7241,2703607,4.0
49262,2733636,4.0
29316,2707055,4.0
32799,2736220,4.0
30,2719802,4.0
5326,2705033,4.0
14980,2728123,4.0
45545,2731700,4.0
21289,2732533,4.0
45336,2730743,4.0
7830,2721758,4.0
2778,2708865,4.0
7814,2695487,4.0
10430,2696341,4.0
6531,2701094,4.0
47658,2720022,4.0
18836,2714292,4.0
25774,2706581,4.0
834,2715857,4.0
27226,2711742,4.0
33911,2714519,4.0
7479,2721926,4.0
21382,2720423,4.0
29347,2709975,4.0
2197,2709823,4.0
36382,2728763,4.0
2910,2722686,4.0
10270,2726157,4.0
35211,2716745,4.0
2375,2712151,4.0
22668,2710091,4.0
5811,2698718,4.0
7704,2701687,4.0
11454,2706560,4.0
13533,2727277,4.0
46530,2720894,4.0
22956,2698831,4.0
834,2732443,4.0
18704,2713645,4.0
28805,2712342,4.0
36299,2710443,4.0
9034,2721102,4.0
23978,2715539,4.0
43265,2716457,4.0
45170,2724674,4.0
10087,2711080,4.0
36345,2720138,4.0
29584,2710541,4.0
26509,2724672,4.0
62,2710360,4.0
8106,2722040,4.0
7589,2707047,4.0
46988,2721123,4.0
15877,2698696,4.0
20647,2715851,4.0
3973,2693788,4.0
3950,2703856,4.0
7830,2719975,4.0
33911,2721605,4.0
22673,2708258,4.0
6840,2721949,4.0
6912,2699922,4.0
6257,2705005,4.0
32544,2711156,4.0
9317,2719420,4.0
24209,2715330,4.0
10664,2705201,4.0
31519,2697296,4.0
11127,2719206,4.0
7814,2719142,4.0
17143,2719336,4.0
8716,2716250,4.0
3447,2704652,4.0
48851,2722659,4.0
9317,2726259,4.0
9089,2707074,4.0
19494,2718381,4.0
17863,2715067,4.0
15106,2713133,4.0
7075,2691765,4.0
6625,2696286,4.0
5360,2706413,4.0
18262,2714988,4.0
21741,2715074,4.0
1960,2734484,4.0
35395,2719072,4.0
16343,2713709,4.0
23327,2712749,4.0
1811,2713620,4.0
696,2710538,4.0
744,2705444,4.0
23176,2695415,4.0
46988,2724707,4.0
29488,2717093,4.0
11002,2712102,4.0
7719,2734808,4.0
31889,2713826,4.0
8995,2706460,4.0
8447,2703587,4.0
16489,2709912,4.0
3424,2699852,4.0
24314,2698222,4.0
18308,2713066,4.0
22350,2717541,4.0
25704,2717244,4.0
37595,2723786,4.0
3917,2718524,4.0
18966,2712031,4.0
25908,2711635,4.0
696,2712773,4.0
10865,2717050,4.0
7830,2717352,4.0
4769,2708681,4.0
39358,2719145,4.0
2197,2726662,4.0
3653,2719328,4.0
2885,2715515,4.0
2502,2723256,4.0
43353,2725107,4.0
8651,2696044,4.0
5210,2713226,4.0
8572,2723534,4.0
7210,2730805,4.0
5409,2726752,4.0
25069,2713107,4.0
17848,2726085,4.0
10769,2717967,4.0
23,2712366,4.0
25552,2710615,4.0
22394,2715177,4.0
11479,2703925,4.0
8376,2710185,4.0
5426,2727650,4.0
12191,2702888,4.0
7830,2716338,4.0
7459,2712052,4.0
34364,2723947,4.0
8383,2697988,4.0
46633,2724694,4.0
12863,2714644,4.0
3950,2728162,4.0
7990,2701262,4.0
2556,2687826,4.0
25194,2706481,4.0
20889,2703403,4.0
13189,2719990,4.0
9081,2712988,4.0
32758,2720878,4.0
49628,2722765,4.0
25,2723671,4.0
13425,2705364,4.0
5759,2699013,4.0
17479,2727305,4.0
31690,2728645,4.0
2695,2730604,4.0
17018,2708091,4.0
18067,2712046,4.0
26416,2728595,4.0
20465,2724722,4.0
7830,2717387,4.0
16104,2713233,4.0
7241,2705882,4.0
6789,2707118,4.0
5426,2721853,4.0
17588,2727225,4.0
6471,2717923,4.0
19749,2709168,4.0
6533,2707377,4.0
4315,2699604,4.0
17547,2729191,4.0
834,2705131,4.0
7310,2714374,4.0
22559,2706168,4.0
9241,2707015,4.0
26417,2715824,4.0
2197,2736394,4.0
5650,2714386,4.0
2847,2686216,4.0
12671,2711515,4.0
7897,2723573,4.0
1158,2725071,4.0
21680,2713347,4.0
21066,2707076,4.0
8520,2705502,4.0
8125,2694067,4.0
12642,2720410,4.0
25518,2710554,4.0
13404,2712671,4.0
17787,2714563,4.0
21453,2714592,4.0
4910,2706305,4.0
25194,2715297,4.0
7830,2723643,4.0
26769,2717473,4.0
16104,2709518,4.0
46118,2718524,4.0
21491,2705525,4.0
3917,2732250,4.0
2368,2698080,4.0
20135,2730892,4.0
1418,2703045,4.0
46118,2715688,4.0
696,2721915,4.0
23483,2704729,4.0
16450,2720811,4.0
7645,2697225,4.0
34841,2726357,4.0
1968,2713690,4.0
35133,2717542,4.0
6730,2731195,4.0
16418,2714432,4.0
3148,2700922,4.0
26095,2718912,4.0
29316,2717433,4.0
22235,2714135,4.0
7586,2718186,4.0
1226,2706358,4.0
1158,2708692,4.0
43548,2720610,4.0
5959,2687832,4.0
13137,2711836,4.0
10376,2724710,4.0
6373,2716887,4.0
14840,2709003,4.0
22757,2735783,4.0
7503,2717359,4.0
18396,2703031,4.0
25552,2713501,4.0
4847,2696693,4.0
47759,2725732,4.0
3003,2709485,4.0
47289,2735556,4.0
32895,2719143,4.0
30786,2719772,4.0
22668,2708882,4.0
11475,2715448,4.0
15590,2710618,4.0
12447,2711908,4.0
3455,2697299,4.0
2197,2716562,4.0
12850,2703224,4.0
8648,2707926,4.0
32842,2723025,4.0
5645,2717910,4.0
33355,2733759,4.0
11002,2710451,4.0
6373,2729686,4.0
9232,2708959,4.0
696,2709668,4.0
25552,2710618,4.0
9506,2727829,4.0
834,2701886,4.0
3874,2710091,4.0
27226,2719765,4.0
27484,2725893,4.0
7830,2719071,4.0
802,2720443,4.0
3455,2715863,4.0
21,2691913,4.0
5759,2704195,4.0
23586,2708550,4.0
29739,2720195,4.0
2368,2685561,4.0
13919,2722661,4.0
43825,2723375,4.0
17391,2708636,4.0
7568,2719679,4.0
43257,2714959,4.0
1660,2706221,4.0
3221,2727232,4.0
5119,2696859,4.0
3447,2717600,4.0
30,2722895,4.0
8519,2707099,4.0
11619,2702322,4.0
22668,2711788,4.0
7011,2725697,4.0
17911,2708364,4.0
22668,2713820,4.0
1809,2704837,4.0
28828,2708607,4.0
13919,2733131,4.0
3917,2708927,4.0
38400,2718086,4.0
30,2710973,4.0
17739,2708533,4.0
8447,2701543,4.0
47769,2734835,4.0
3844,2711571,4.0
7719,2707015,4.0
19256,2705514,4.0
45697,2726889,4.0
11451,2704915,4.0
3594,2693410,4.0
25092,2707390,4.0
9714,2698790,4.0
37128,2720510,4.0
11051,2724594,4.0
696,2736255,4.0
16718,2727509,4.0
11118,2697509,4.0
24314,2693037,4.0
29396,2720602,4.0
18392,2730083,4.0
7316,2704611,4.0
11127,2717528,4.0
3917,2695819,4.0
43353,2727358,4.0
19699,2713038,4.0
62,2713986,4.0
29046,2707260,4.0
27521,2718374,4.0
34051,2710956,4.0
45170,2725499,4.0
10183,2707087,4.0
1967,2699873,4.0
2340,2703803,4.0
1158,2711751,4.0
8534,2723890,4.0
45409,2720515,4.0
3447,2692044,4.0
1561,2687792,4.0
43152,2723073,4.0
11435,2736178,4.0
37001,2708534,4.0
1295,2719063,4.0
16104,2706879,4.0
29488,2718379,4.0
32344,2721004,4.0
19699,2722659,4.0
696,2709670,4.0
22549,2714259,4.0
45814,2728237,4.0
889,2681575,4.0
28488,2716233,4.0
38792,2724835,4.0
17848,2716692,4.0
7966,2706171,4.0
18997,2712539,4.0
21237,2706772,4.0
23482,2726760,4.0
186,2705928,4.0
3107,2730892,4.0
7814,2705458,4.0
2778,2727581,4.0
10921,2718549,4.0
15051,2713807,4.0
33731,2723513,4.0
47685,2734885,4.0
30662,2721755,4.0
62,2724840,4.0
34266,2714813,4.0
17391,2708156,4.0
41693,2729812,4.0
7729,2710343,4.0
29046,2720091,4.0
31157,2715150,4.0
4697,2700988,4.0
8302,2730955,4.0
2197,2714199,4.0
22289,2711249,4.0
834,2702118,4.0
25552,2707082,4.0
38671,2720204,4.0
298,2702879,4.0
18086,2723036,4.0
12805,2697364,4.0
6012,2699826,4.0
11431,2711113,4.0
19699,2713065,4.0
12329,2711294,4.0
3917,2718514,4.0
3594,2711953,4.0
37081,2721325,4.0
24898,2717378,4.0
406,2706995,4.0
10664,2702114,4.0
35253,2729362,4.0
3948,2723631,4.0
2556,2702223,4.0
8406,2718664,4.0
22877,2706511,4.0
22990,2704808,4.0
696,2721716,4.0
945,2705381,4.0
127,2724888,4.0
30,2722013,4.0
41693,2727729,4.0
10473,2707248,4.0
25388,2726791,4.0
33731,2719481,4.0
30,2728746,4.0
27206,2718539,4.0
28556,2719975,4.0
43152,2726807,4.0
26509,2710630,4.0
19177,2712648,4.0
25516,2718768,4.0
47114,2733583,4.0
1960,2716664,4.0
44985,2718602,4.0
7773,2707562,4.0
15813,2721338,4.0
6012,2717463,4.0
7586,2707366,4.0
18422,2709134,4.0
696,2705506,4.0
29488,2716398,4.0
47992,2722706,4.0
12850,2706147,4.0
7241,2706472,4.0
17669,2720608,4.0
11002,2711298,4.0
20053,2698703,4.0
19279,2697392,4.0
16632,2695122,4.0
26397,2704395,4.0
21,2706696,4.0
696,2686077,4.0
23130,2716491,4.0
6958,2715085,4.0
2193,2731030,4.0
935,2718743,4.0
21,2719375,4.0
10682,2728247,4.0
28763,2717407,4.0
20924,2708970,4.0
696,2711393,4.0
2489,2706993,4.0
12447,2699852,4.0
27168,2717675,4.0
12746,2707306,4.0
11253,2696461,4.0
834,2728370,4.0
18857,2699844,4.0
25052,2703036,4.0
7586,2709682,4.0
9943,2695667,4.0
32772,2720195,4.0
20551,2705199,4.0
10903,2697194,4.0
2799,2706726,4.0
13137,2711721,4.0
166,2711485,4.0
28702,2716739,4.0
16343,2711161,4.0
17247,2733379,4.0
32488,2707255,4.0
498,2719215,4.0
3917,2712307,4.0
7897,2699880,4.0
1519,2696370,4.0
8106,2729174,4.0
30158,2721394,4.0
22467,2721312,4.0
33731,2721448,4.0
26176,2698684,4.0
46075,2728531,4.0
2197,2717301,4.0
31690,2719068,4.0
32890,2714649,4.0
1418,2708354,4.0
7316,2692791,4.0
2585,2693950,4.0
6373,2718123,4.0
32590,2697855,4.0
10784,2710669,4.0
2166,2717209,4.0
32421,2721031,4.0
20521,2715510,4.0
3191,2707023,4.0
46426,2720509,4.0
17842,2712564,4.0
31111,2719942,4.0
10508,2716353,4.0
49552,2734835,4.0
15427,2725808,4.0
8637,2691718,4.0
21237,2716557,4.0
13329,2715579,4.0
15061,2720139,4.0
36913,2715793,4.0
1835,2714636,4.0
7568,2725304,4.0
43353,2726204,4.0
37803,2723284,4.0
43519,2718453,4.0
4469,2707172,4.0
42210,2727000,4.0
3167,2700798,4.0
18412,2697998,4.0
8529,2721373,4.0
43152,2725107,4.0
21,2700904,4.0
31758,2722417,4.0
7241,2716359,4.0
17816,2708299,4.0
11002,2707754,4.0
7052,2690848,4.0
3236,2703521,4.0
7830,2725734,4.0
18772,2727775,4.0
48906,2734003,4.0
834,2711894,4.0
14578,2706385,4.0
21729,2702724,4.0
31513,2711380,4.0
889,2716755,4.0
1893,2698063,4.0
4312,2713643,4.0
17136,2723877,4.0
23176,2708930,4.0
43353,2717522,4.0
23490,2715284,4.0
12587,2697835,4.0
1295,2731215,4.0
29032,2717591,4.0
17922,2730917,4.0
3917,2715380,4.0
1865,2712455,4.0
831,2708039,4.0
8383,2712349,4.0
7208,2690779,4.0
17588,2710647,4.0
25473,2715151,4.0
43825,2720223,4.0
7586,2719074,4.0
8339,2701521,4.0
18966,2717930,4.0
13919,2719212,4.0
20053,2708117,4.0
8074,2696041,4.0
46944,2720958,4.0
29046,2712392,4.0
39420,2717096,4.0
27751,2709498,4.0
19224,2707996,4.0
23482,2714965,4.0
15590,2713584,4.0
19005,2724021,4.0
2007,2685975,4.0
7719,2735082,4.0
37700,2710737,4.0
41480,2722994,4.0
22270,2716350,4.0
10995,2697312,4.0
18966,2719441,4.0
16269,2712280,4.0
9856,2704944,4.0
35469,2718219,4.0
32117,2721035,4.0
27297,2711441,4.0
211,2715530,4.0
6330,2717967,4.0
62,2726715,4.0
4468,2689156,4.0
15427,2712572,4.0
33049,2707117,4.0
10784,2710581,4.0
3635,2693938,4.0
31814,2719949,4.0
3917,2705115,4.0
3917,2704239,4.0
40050,2719129,4.0
23483,2713519,4.0
12484,2707222,4.0
18447,2712787,4.0
45409,2720659,4.0
26713,2718379,4.0
1683,2713521,4.0
17411,2705857,4.0
25388,2725279,4.0
7211,2726701,4.0
11211,2699880,4.0
31741,2717352,4.0
22854,2714868,4.0
25516,2718466,4.0
21705,2723164,4.0
17758,2709518,4.0
22394,2716292,4.0
13401,2703427,4.0
14430,2728745,4.0
17247,2733941,4.0
10658,2701543,4.0
959,2715309,4.0
21729,2726323,4.0
40050,2715793,4.0
43152,2721022,4.0
14430,2703851,4.0
11353,2712066,4.0
18484,2712818,4.0
9197,2725709,4.0
25,2724139,4.0
5759,2697285,4.0
28129,2711567,4.0
41693,2727455,4.0
25760,2716654,4.0
7851,2710436,4.0
47908,2731402,4.0
23412,2711905,4.0
2866,2702913,4.0
40050,2729383,4.0
8758,2718979,4.0
5809,2712917,4.0
1399,2700210,4.0
36382,2727982,4.0
32772,2715303,4.0
13394,2704081,4.0
30,2724271,4.0
25388,2721021,4.0
6728,2688464,4.0
8469,2725095,4.0
3917,2707680,4.0
25,2694066,4.0
14928,2707091,4.0
17816,2697448,4.0
10270,2724696,4.0
25286,2731157,4.0
30178,2710595,4.0
25,2719314,4.0
24837,2702039,4.0
11359,2686847,4.0
17411,2711530,4.0
43353,2716722,4.0
28619,2719681,4.0
2905,2711067,4.0
3917,2707352,4.0
14954,2718593,4.0
3730,2692985,4.0
40050,2711697,4.0
23130,2716565,4.0
11174,2715338,4.0
13071,2720800,4.0
9767,2711905,4.0
32488,2707410,4.0
9714,2721051,4.0
1683,2706281,4.0
935,2714798,4.0
6330,2727182,4.0
29907,2722446,4.0
22296,2709788,4.0
17787,2699888,4.0
27356,2713133,4.0
18966,2720151,4.0
2197,2718856,4.0
7209,2723994,4.0
33112,2719794,4.0
5660,2698707,4.0
21382,2727758,4.0
30,2720224,4.0
25812,2713347,4.0
696,2709493,4.0
32955,2717398,4.0
41791,2723607,4.0
818,2688280,4.0
1418,2712449,4.0
39503,2726699,4.0
25102,2711908,4.0
34260,2723664,4.0
17113,2722440,4.0
16463,2711681,4.0
7310,2721547,4.0
43353,2728652,4.0
22783,2723156,4.0
10197,2697373,4.0
27661,2718374,4.0
6640,2709586,4.0
11808,2698689,4.0
33705,2719124,4.0
19038,2730257,4.0
17816,2698236,4.0
36335,2712808,4.0
6689,2708595,4.0
10536,2698827,4.0
28033,2711335,4.0
9223,2703371,4.0
32544,2720572,4.0
7478,2704297,4.0
1206,2703380,4.0
4769,2708298,4.0
7830,2725735,4.0
25439,2706540,4.0
8469,2725085,4.0
1646,2717476,4.0
23604,2713811,4.0
8246,2692058,4.0
37081,2724681,4.0
49628,2725733,4.0
43307,2728595,4.0
23,2713786,4.0
6584,2687985,4.0
43868,2730168,4.0
18859,2715142,4.0
19279,2712405,4.0
21680,2713241,4.0
1295,2714977,4.0
11127,2711346,4.0
12044,2707112,4.0
18966,2726819,4.0
40050,2716834,4.0
28033,2704975,4.0
1295,2705448,4.0
41693,2716538,4.0
14428,2713239,4.0
14578,2711894,4.0
17848,2724367,4.0
11002,2674620,4.0
43353,2714911,4.0
16450,2712973,4.0
8074,2717554,4.0
11127,2703272,4.0
696,2732161,4.0
7830,2730090,4.0
696,2710230,4.0
10473,2708761,4.0
23,2708430,4.0
21,2708855,4.0
11002,2703374,4.0
35504,2707853,4.0
166,2718432,4.0
309,2718254,4.0
36780,2715536,4.0
1562,2694614,4.0
7568,2715635,4.0
4769,2725735,4.0
15331,2717467,4.0
1835,2719268,4.0
834,2715894,4.0
8469,2704178,4.0
19481,2712622,4.0
12740,2704764,4.0
3917,2718041,4.0
7643,2707089,4.0
18966,2717064,4.0
25473,2716505,4.0
1508,2716172,4.0
11758,2729589,4.0
16279,2705118,4.0
7811,2691712,4.0
26801,2722903,4.0
1399,2720261,4.0
10159,2690809,4.0
14965,2696675,4.0
37663,2725689,4.0
24849,2726713,4.0
40477,2718092,4.0
26792,2717005,4.0
26803,2709909,4.0
14081,2717427,4.0
25237,2728590,4.0
39503,2723805,4.0
21457,2716711,4.0
10333,2718355,4.0
8551,2720016,4.0
15877,2695940,4.0
62,2724321,4.0
19279,2715972,4.0
5134,2707288,4.0
193,2717353,4.0
24478,2715945,4.0
10784,2706529,4.0
16009,2712075,4.0
696,2707239,4.0
12498,2711694,4.0
29739,2712200,4.0
33705,2718486,4.0
37460,2718390,4.0
3148,2690848,4.0
16822,2711101,4.0
28556,2714847,4.0
2197,2732958,4.0
19005,2696915,4.0
37467,2712748,4.0
2120,2694458,4.0
27884,2712215,4.0
3287,2724677,4.0
6373,2720153,4.0
18966,2719919,4.0
498,2711836,4.0
3635,2732220,4.0
22235,2727143,4.0
42938,2729499,4.0
5360,2689431,4.0
18050,2683873,4.0
1418,2725785,4.0
31308,2719146,4.0
11352,2722621,4.0
22898,2712925,4.0
18966,2730237,4.0
7934,2699871,4.0
18067,2676762,4.0
2778,2727653,4.0
48499,2723519,4.0
6554,2692695,4.0
18484,2715501,4.0
696,2712903,4.0
4865,2702690,4.0
25552,2717337,4.0
11479,2703934,4.0
1295,2725034,4.0
4540,2704410,4.0
37970,2707853,4.0
14840,2707406,4.0
35231,2720163,4.0
32758,2716311,4.0
11127,2733179,4.0
29654,2719413,4.0
7897,2728204,4.0
46307,2724700,4.0
47848,2733849,4.0
39279,2725280,4.0
1879,2706489,4.0
6533,2698987,4.0
4137,2707219,4.0
33718,2722922,4.0
11002,2708627,4.0
3976,2699051,4.0
21979,2706831,4.0
17905,2717294,4.0
7830,2720929,4.0
35796,2721114,4.0
8609,2715373,4.0
20002,2717053,4.0
23130,2716525,4.0
32855,2721320,4.0
1255,2708047,4.0
20013,2724930,4.0
7106,2711090,4.0
15675,2726048,4.0
7830,2732175,4.0
12514,2703706,4.0
1660,2718480,4.0
7830,2713094,4.0
10842,2717469,4.0
29849,2706307,4.0
24274,2714919,4.0
39503,2726522,4.0
23918,2717185,4.0
14980,2701284,4.0
27354,2716998,4.0
25354,2725552,4.0
31698,2717713,4.0
33705,2726401,4.0
34860,2713943,4.0
7310,2703935,4.0
1418,2703410,4.0
6640,2706126,4.0
23224,2715572,4.0
12324,2730214,4.0
6773,2709394,4.0
47369,2732484,4.0
834,2715404,4.0
10664,2729448,4.0
1295,2703410,4.0
37803,2725055,4.0
4985,2686224,4.0
20737,2707796,4.0
43084,2729905,4.0
3493,2705334,4.0
2878,2705866,4.0
11211,2717184,4.0
25193,2713565,4.0
3187,2686870,4.0
11359,2716810,4.0
3997,2695689,4.0
24062,2709214,4.0
30,2708059,4.0
12740,2708932,4.0
12817,2703986,4.0
779,2691231,4.0
2197,2723499,4.0
5959,2702016,4.0
28702,2726753,4.0
6373,2721970,4.0
28619,2711542,4.0
10784,2707792,4.0
5083,2710534,4.0
7897,2721046,4.0
5650,2702972,4.0
7316,2696615,4.0
21,2695012,4.0
1295,2704978,4.0
9495,2718883,4.0
19256,2703396,4.0
20251,2704954,4.0
29046,2713951,4.0
4505,2700827,4.0
1188,2702616,4.0
91,2685699,4.0
10314,2703018,4.0
28764,2719489,4.0
5050,2692962,4.0
20509,2718752,4.0
28702,2721898,4.0
7479,2731629,4.0
186,2706469,4.0
19425,2709191,4.0
933,2724328,4.0
19632,2726982,4.0
10784,2706527,4.0
7809,2705149,4.0
62,2723884,4.0
23689,2714812,4.0
40477,2726782,4.0
20013,2725285,4.0
14348,2713337,4.0
7910,2699800,4.0
20251,2713491,4.0
9205,2713032,4.0
4985,2700833,4.0
17411,2710035,4.0
935,2712836,4.0
3003,2701900,4.0
21465,2709095,4.0
13037,2725011,4.0
1418,2720511,4.0
3463,2694579,4.0
437,2706533,4.0
11002,2707754,4.0
10787,2712012,4.0
25954,2699889,4.0
16279,2729566,4.0
24209,2702468,4.0
945,2724652,4.0
7241,2726885,4.0
45814,2718889,4.0
37100,2725521,4.0
36466,2707326,4.0
43825,2717547,4.0
23091,2712854,4.0
10664,2711268,4.0
8519,2702036,4.0
11323,2699868,4.0
2955,2727994,4.0
11002,2711057,4.0
15061,2719827,4.0
4297,2703927,4.0
23224,2708785,4.0
6803,2707180,4.0
10787,2712014,4.0
10264,2711851,4.0
10680,2708765,4.0
16722,2711739,4.0
22854,2704846,4.0
40050,2725167,4.0
7568,2711699,4.0
35400,2724033,4.0
21518,2710986,4.0
1418,2711550,4.0
7932,2725734,4.0
11430,2699644,4.0
18966,2720144,4.0
33911,2714963,4.0
23738,2706658,4.0
16238,2730011,4.0
2368,2705119,4.0
21729,2702678,4.0
17739,2709920,4.0
7773,2707584,4.0
696,2711354,4.0
44072,2729989,4.0
14479,2702601,4.0
22010,2703789,4.0
4560,2706560,4.0
29109,2708003,4.0
8406,2707578,4.0
19279,2697389,4.0
11943,2693018,4.0
22350,2720604,4.0
12850,2719130,4.0
25,2733866,4.0
1430,2716067,4.0
6215,2706728,4.0
6788,2706095,4.0
5160,2711355,4.0
7807,2725971,4.0
17428,2714178,4.0
47908,2726105,4.0
19373,2699850,4.0
9215,2718366,4.0
25,2694992,4.0
17536,2717566,4.0
193,2695289,4.0
15599,2715934,4.0
7665,2702076,4.0
41693,2713512,4.0
20595,2703367,4.0
2257,2715188,4.0
7897,2708405,4.0
7589,2696255,4.0
45814,2731079,4.0
7503,2729371,4.0
3440,2710325,4.0
46633,2686107,4.0
46326,2725161,4.0
26262,2717782,4.0
2983,2724550,4.0
8106,2706671,4.0
37128,2729339,4.0
9597,2708917,4.0
62,2719984,4.0
24483,2710833,4.0
11253,2725518,4.0
22668,2708638,4.0
23490,2695995,4.0
38780,2723096,4.0
2940,2698789,4.0
35042,2711748,4.0
8454,2707027,4.0
1239,2717801,4.0
42290,2724337,4.0
1295,2719534,4.0
2988,2698207,4.0
10797,2705099,4.0
20869,2723252,4.0
16104,2718200,4.0
22554,2700035,4.0
1430,2716814,4.0
31085,2718146,4.0
7990,2707922,4.0
17787,2681586,4.0
11002,2700946,4.0
6619,2706481,4.0
32842,2710799,4.0
1295,2729864,4.0
3227,2704523,4.0
11345,2695015,4.0
1418,2722757,4.0
33705,2714551,4.0
2866,2698632,4.0
27356,2713988,4.0
31513,2710605,4.0
21402,2698729,4.0
14609,2700295,4.0
10752,2694962,4.0
8012,2691897,4.0
10541,2721579,4.0
62,2709458,4.0
7807,2718548,4.0
46627,2728027,4.0
1418,2713981,4.0
18966,2720413,4.0
15861,2722409,4.0
10264,2708254,4.0
6619,2712954,4.0
6789,2720027,4.0
17464,2717677,4.0
498,2704231,4.0
18966,2711611,4.0
6260,2702223,4.0
7807,2724131,4.0
40963,2728368,4.0
42210,2714891,4.0
21936,2721613,4.0
6373,2717023,4.0
2193,2681310,4.0
6345,2697618,4.0
28702,2726166,4.0
23483,2727517,4.0
4769,2724541,4.0
4985,2700843,4.0
16279,2727177,4.0
18003,2712503,4.0
17143,2723638,4.0
12764,2699696,4.0
46820,2732429,4.0
1634,2723979,4.0
30,2720145,4.0
20135,2717680,4.0
696,2718133,4.0
17905,2699604,4.0
29430,2718624,4.0
8826,2707448,4.0
8074,2720225,4.0
39533,2728531,4.0
7910,2691901,4.0
39143,2715646,4.0
2396,2685738,4.0
9317,2721930,4.0
16534,2709054,4.0
25552,2705189,4.0
742,2691051,4.0
7807,2733164,4.0
8288,2721819,4.0
756,2692366,4.0
10680,2689152,4.0
26713,2718432,4.0
20251,2714266,4.0
4748,2704654,4.0
889,2717313,4.0
696,2707797,4.0
9714,2698767,4.0
33355,2722651,4.0
7934,2697056,4.0
33159,2711255,4.0
696,2701954,4.0
46426,2720654,4.0
2828,2704544,4.0
2778,2707761,4.0
17247,2734010,4.0
10680,2725014,4.0
6988,2716657,4.0
25760,2709540,4.0
2778,2714134,4.0
10787,2726610,4.0
11174,2702086,4.0
13518,2723993,4.0
7479,2721625,4.0
10995,2720841,4.0
37455,2711362,4.0
7586,2718087,4.0
4748,2719914,4.0
45170,2725503,4.0
7586,2707419,4.0
25,2707044,4.0
24056,2699859,4.0
19256,2703410,4.0
8406,2699131,4.0
5497,2705950,4.0
22673,2713638,4.0
46307,2726815,4.0
8074,2697179,4.0
30,2722364,4.0
9943,2706514,4.0
19279,2696353,4.0
37838,2724109,4.0
4595,2704870,4.0
3003,2703514,4.0
29968,2686873,4.0
26803,2707796,4.0
21936,2718381,4.0
13518,2707660,4.0
11002,2732892,4.0
2197,2733734,4.0
13071,2727071,4.0
26509,2707078,4.0
18997,2713972,4.0
2362,2684106,4.0
10333,2723538,4.0
31244,2724146,4.0
18677,2720570,4.0
21457,2711350,4.0
19948,2719345,4.0
18955,2712632,4.0
17588,2696340,4.0
1295,2711921,4.0
1295,2725558,4.0
193,2704792,4.0
7809,2689295,4.0
29046,2710297,4.0
7897,2710619,4.0
1967,2706372,4.0
29046,2715346,4.0
28339,2708445,4.0
29781,2723094,4.0
29032,2713229,4.0
16316,2710344,4.0
20202,2714598,4.0
9541,2716477,4.0
35400,2724006,4.0
35925,2719519,4.0
19074,2722013,4.0
8217,2720461,4.0
18419,2711844,4.0
38354,2718061,4.0
9317,2721044,4.0
40878,2724795,4.0
6012,2705653,4.0
1418,2716130,4.0
5650,2704095,4.0
16564,2699808,4.0
7295,2701540,4.0
10137,2722655,4.0
19699,2702145,4.0
156,2689849,4.0
6563,2704165,4.0
3375,2703830,4.0
17567,2717204,4.0
945,2720046,4.0
24837,2711400,4.0
28638,2713118,4.0
24006,2717091,4.0
23833,2712337,4.0
4953,2691369,4.0
9813,2689606,4.0
33193,2721465,4.0
10107,2718993,4.0
8125,2704948,4.0
3917,2708238,4.0
47047,2730445,4.0
3287,2725736,4.0
18545,2707089,4.0
41894,2718811,4.0
15839,2715513,4.0
36685,2723945,4.0
47302,2715520,4.0
19177,2716852,4.0
696,2714869,4.0
19074,2708791,4.0
37021,2723296,4.0
14303,2708745,4.0
62,2716976,4.0
28725,2723975,4.0
10341,2692477,4.0
127,2691734,4.0
45814,2713718,4.0
5119,2725102,4.0
20002,2705497,4.0
7554,2697227,4.0
10769,2706558,4.0
23,2716800,4.0
3917,2704798,4.0
36770,2709698,4.0
37036,2715355,4.0
26509,2707082,4.0
23796,2713478,4.0
1683,2708289,4.0
7503,2724290,4.0
8731,2701883,4.0
35991,2719237,4.0
8106,2708653,4.0
44530,2730220,4.0
1418,2703059,4.0
14292,2706657,4.0
1295,2717128,4.0
45409,2730917,4.0
49254,2733683,4.0
8313,2715948,4.0
7241,2719537,4.0
47114,2725996,4.0
6369,2701906,4.0
11456,2696893,4.0
7910,2723103,4.0
17842,2695996,4.0
18396,2702035,4.0
27163,2708116,4.0
26176,2710297,4.0
3917,2708239,4.0
14183,2712270,4.0
19494,2714624,4.0
696,2735308,4.0
12862,2705506,4.0
7934,2707068,4.0
6187,2706252,4.0
16290,2729305,4.0
19074,2710931,4.0
46212,2727755,4.0
48499,2733954,4.0
21901,2706534,4.0
26554,2715210,4.0
29430,2717476,4.0
25622,2705996,4.0
7071,2707235,4.0
14931,2725421,4.0
6330,2729146,4.0
19702,2698792,4.0
28940,2720599,4.0
2368,2702741,4.0
22232,2702997,4.0
22601,2696375,4.0
40050,2727088,4.0
298,2705116,4.0
6622,2706897,4.0
28339,2719130,4.0
15106,2698832,4.0
20053,2712169,4.0
10481,2705472,4.0
7241,2721959,4.0
3768,2697278,4.0
38068,2718397,4.0
26509,2710619,4.0
35796,2721968,4.0
7814,2707573,4.0
193,2718521,4.0
9089,2727327,4.0
20731,2708069,4.0
36299,2708262,4.0
8447,2707995,4.0
34152,2697863,4.0
23130,2707115,4.0
23042,2722855,4.0
38923,2712345,4.0
7830,2724118,4.0
25080,2711669,4.0
2197,2721570,4.0
47338,2729958,4.0
24056,2698101,4.0
49628,2732929,4.0
696,2726779,4.0
1562,2712900,4.0
15541,2704920,4.0
1562,2714198,4.0
22463,2716458,4.0
25411,2710615,4.0
185,2706011,4.0
1158,2711739,4.0
12222,2697918,4.0
8383,2694032,4.0
11002,2701660,4.0
834,2722087,4.0
11174,2718535,4.0
1500,2696655,4.0
2197,2711640,4.0
7479,2732769,4.0
1418,2718800,4.0
1418,2725885,4.0
40872,2723493,4.0
10024,2704815,4.0
30450,2706527,4.0
19699,2700096,4.0
33193,2717387,4.0
35430,2720980,4.0
40477,2719938,4.0
7807,2711394,4.0
62,2702180,4.0
25439,2707792,4.0
8534,2724528,4.0
29046,2722422,4.0
30,2709977,4.0
20889,2722674,4.0
1399,2710797,4.0
20002,2707995,4.0
11127,2703272,4.0
818,2698811,4.0
14594,2707312,4.0
1295,2712656,4.0
26195,2704405,4.0
1188,2692312,4.0
9317,2732014,4.0
7776,2699731,4.0
43825,2725725,4.0
2983,2704715,4.0
45697,2731042,4.0
24339,2698211,4.0
1418,2715336,4.0
31690,2727152,4.0
6789,2691896,4.0
18214,2710137,4.0
8074,2705047,4.0
10430,2687903,4.0
6373,2727806,4.0
6447,2712336,4.0
6373,2700556,4.0
19822,2710806,4.0
18966,2733920,4.0
9089,2705019,4.0
26791,2722036,4.0
46944,2734517,4.0
2612,2702074,4.0
1561,2681688,4.0
20446,2714909,4.0
45867,2733175,4.0
2197,2708156,4.0
30662,2718658,4.0
186,2705919,4.0
3696,2720027,4.0
5256,2719911,4.0
41693,2719129,4.0
8447,2734549,4.0
17816,2708283,4.0
31111,2708743,4.0
7479,2724327,4.0
6789,2697352,4.0
31371,2718169,4.0
4505,2700096,4.0
26470,2717552,4.0
11002,2704942,4.0
37128,2720720,4.0
30,2728846,4.0
18880,2715836,4.0
15568,2703943,4.0
186,2700319,4.0
127,2714846,4.0
33838,2715060,4.0
23813,2714866,4.0
9495,2723963,4.0
15757,2724951,4.0
7109,2700089,4.0
11294,2730004,4.0
29907,2720663,4.0
15052,2699306,4.0
5650,2701411,4.0
19005,2699911,4.0
744,2704833,4.0
17272,2711429,4.0
19279,2696348,4.0
21568,2708301,4.0
5879,2704000,4.0
29371,2716446,4.0
9317,2707509,4.0
43477,2718584,4.0
14126,2734871,4.0
18677,2712280,4.0
1295,2719352,4.0
34260,2716747,4.0
23130,2707700,4.0
9495,2716651,4.0
6730,2723096,4.0
27419,2706648,4.0
18966,2719258,4.0
12642,2722612,4.0
5119,2714558,4.0
2593,2715093,4.0
16244,2707915,4.0
22235,2708932,4.0
23130,2716450,4.0
32368,2720983,4.0
29503,2732875,4.0
42191,2727173,4.0
40754,2727197,4.0
22664,2711665,4.0
13817,2707076,4.0
167,2715700,4.0
3923,2729967,4.0
6260,2716947,4.0
9714,2719105,4.0
3493,2709928,4.0
23767,2716751,4.0
696,2718141,4.0
5832,2724114,4.0
12417,2724421,4.0
23197,2699926,4.0
16587,2706869,4.0
16343,2726494,4.0
1155,2704963,4.0
34151,2708996,4.0
19855,2722673,4.0
16104,2718397,4.0
8769,2699774,4.0
2197,2716801,4.0
14126,2732403,4.0
6313,2706013,4.0
10264,2723961,4.0
6083,2698514,4.0
2197,2730782,4.0
8086,2691792,4.0
48856,2725278,4.0
25,2733855,4.0
19494,2728592,4.0
7830,2720204,4.0
16450,2716943,4.0
16104,2720024,4.0
41305,2728591,4.0
2778,2709701,4.0
21,2718565,4.0
7897,2732175,4.0
12702,2707080,4.0
1967,2719848,4.0
35173,2715413,4.0
6394,2724671,4.0
48336,2730625,4.0
29032,2720816,4.0
7161,2726973,4.0
14390,2729174,4.0
1660,2722655,4.0
13313,2706050,4.0
12642,2698161,4.0
9241,2707023,4.0
47658,2732875,4.0
1418,2702949,4.0
29781,2719185,4.0
30,2709203,4.0
39503,2711969,4.0
1660,2712411,4.0
20446,2715853,4.0
30,2724765,4.0
16450,2728047,4.0
22668,2714883,4.0
945,2705489,4.0
745,2727927,4.0
696,2717977,4.0
12460,2706467,4.0
7290,2706527,4.0
47063,2721424,4.0
8973,2700956,4.0
31264,2720676,4.0
22668,2715293,4.0
19279,2701737,4.0
6531,2699873,4.0
31349,2706163,4.0
5759,2696801,4.0
6054,2702460,4.0
21128,2723176,4.0
22668,2714503,4.0
4381,2726479,4.0
6619,2711384,4.0
44188,2723426,4.0
25182,2728014,4.0
298,2701456,4.0
696,2697835,4.0
17428,2713684,4.0
22897,2713936,4.0
744,2706187,4.0
36685,2724667,4.0
14277,2713501,4.0
889,2716256,4.0
5400,2728800,4.0
17136,2712598,4.0
11808,2705506,4.0
3917,2704806,4.0
25773,2711332,4.0
43257,2716376,4.0
19510,2711396,4.0
7719,2714807,4.0
11002,2701275,4.0
12805,2704832,4.0
62,2724812,4.0
29109,2720443,4.0
3562,2707321,4.0
25194,2712961,4.0
15329,2711309,4.0
11002,2706172,4.0
696,2723075,4.0
901,2703104,4.0
1418,2715783,4.0
21113,2713997,4.0
696,2717430,4.0
16856,2707800,4.0
36770,2718461,4.0
22200,2719857,4.0
186,2704688,4.0
29968,2686882,4.0
18308,2722917,4.0
11127,2722747,4.0
29347,2713243,4.0
1295,2717688,4.0
24274,2715789,4.0
8217,2721763,4.0
7011,2721320,4.0
23833,2709702,4.0
14348,2711232,4.0
6117,2704609,4.0
1155,2717464,4.0
11943,2710971,4.0
21080,2727186,4.0
5050,2695371,4.0
2658,2719481,4.0
1399,2691003,4.0
24647,2710610,4.0
40050,2715732,4.0
46317,2724544,4.0
2386,2714313,4.0
17734,2727167,4.0
2069,2714919,4.0
3917,2715662,4.0
696,2697832,4.0
19749,2716256,4.0
28988,2720190,4.0
1418,2707130,4.0
10370,2705491,4.0
4462,2698801,4.0
166,2712844,4.0
11479,2712386,4.0
5119,2725083,4.0
11002,2705421,4.0
19699,2698129,4.0
11127,2724690,4.0
2864,2725868,4.0
2964,2705428,4.0
2257,2717244,4.0
889,2716740,4.0
10680,2689158,4.0
23412,2714964,4.0
5736,2700285,4.0
17739,2713963,4.0
18966,2734915,4.0
25480,2714841,4.0
831,2711103,4.0
3925,2704120,4.0
22967,2734681,4.0
696,2707088,4.0
1706,2714791,4.0
24837,2714871,4.0
3917,2703350,4.0
18484,2708910,4.0
17923,2706468,4.0
4501,2696045,4.0
40050,2706666,4.0
4985,2683877,4.0
4674,2713943,4.0
21936,2701317,4.0
11002,2695304,4.0
35189,2722661,4.0
16766,2701548,4.0
43353,2729623,4.0
7503,2712051,4.0
15568,2715688,4.0
9151,2706707,4.0
21465,2707422,4.0
22670,2707449,4.0
3680,2713188,4.0
9702,2711332,4.0
18086,2693416,4.0
33705,2719080,4.0
10314,2728237,4.0
5759,2696269,4.0
3653,2711134,4.0
5650,2705428,4.0
49192,2735663,4.0
22757,2710986,4.0
186,2702097,4.0
17758,2705478,4.0
5400,2701159,4.0
834,2709601,4.0
17018,2711999,4.0
16238,2728347,4.0
9945,2691943,4.0
16346,2721949,4.0
2197,2702147,4.0
36478,2712930,4.0
22348,2702044,4.0
2778,2712867,4.0
12498,2701088,4.0
19074,2729153,4.0
5650,2714828,4.0
7044,2696099,4.0
5209,2703540,4.0
3003,2725594,4.0
11002,2707759,4.0
22933,2714450,4.0
10098,2715166,4.0
1295,2720111,4.0
20053,2697828,4.0
1418,2727614,4.0
10784,2707246,4.0
11051,2713648,4.0
26885,2702605,4.0
7807,2710325,4.0
5650,2704938,4.0
4769,2735673,4.0
12447,2708445,4.0
45339,2728515,4.0
11352,2713115,4.0
11002,2705644,4.0
23224,2713822,4.0
7830,2720196,4.0
46326,2724554,4.0
6471,2719728,4.0
25760,2711244,4.0
1399,2719934,4.0
29739,2723321,4.0
37081,2723414,4.0
2594,2702888,4.0
28784,2702943,4.0
36299,2713004,4.0
20731,2708446,4.0
2806,2706039,4.0
62,2684726,4.0
6260,2698038,4.0
43509,2720442,4.0
31757,2721701,4.0
1660,2722837,4.0
2335,2722668,4.0
26888,2707014,4.0
186,2704751,4.0
7851,2706552,4.0
2366,2710599,4.0
2778,2705530,4.0
20028,2704417,4.0
7811,2691418,4.0
23085,2716062,4.0
21453,2707244,4.0
9081,2723199,4.0
5170,2701488,4.0
5256,2718965,4.0
19279,2719688,4.0
29430,2717522,4.0
7719,2679481,4.0
18966,2719644,4.0
7814,2706041,4.0
46307,2727831,4.0
7331,2735696,4.0
36335,2715418,4.0
32151,2707796,4.0
7830,2722705,4.0
17922,2730996,4.0
12850,2700698,4.0
41791,2720967,4.0
7241,2707897,4.0
25052,2703272,4.0
15331,2715334,4.0
2197,2729063,4.0
12116,2719457,4.0
3411,2704362,4.0
28846,2705248,4.0
24436,2709502,4.0
5650,2704414,4.0
3917,2711689,4.0
17466,2715865,4.0
1255,2723599,4.0
6373,2728705,4.0
18884,2713108,4.0
167,2705203,4.0
3997,2700409,4.0
11027,2698295,4.0
29985,2716346,4.0
1418,2708329,4.0
28603,2706532,4.0
28916,2713849,4.0
3874,2722964,4.0
19458,2707396,4.0
1399,2717060,4.0
37460,2723375,4.0
22289,2714779,4.0
10995,2699740,4.0
16173,2707402,4.0
2474,2690148,4.0
38923,2723346,4.0
2197,2709724,4.0
7241,2733837,4.0
29560,2704729,4.0
2902,2711585,4.0
25552,2717332,4.0
29032,2703326,4.0
16450,2720678,4.0
21948,2714219,4.0
834,2735926,4.0
28916,2709586,4.0
62,2707261,4.0
35799,2715317,4.0
9081,2708181,4.0
41693,2728382,4.0
12178,2687204,4.0
43555,2729578,4.0
6659,2707582,4.0
2116,2684445,4.0
40094,2722746,4.0
8658,2725295,4.0
1295,2724163,4.0
18760,2720570,4.0
30,2709347,4.0
15031,2706474,4.0
22512,2734805,4.0
20465,2719346,4.0
26416,2720223,4.0
36780,2723513,4.0
21,2707668,4.0
27484,2699845,4.0
6640,2693459,4.0
47769,2734692,4.0
2166,2717942,4.0
62,2703022,4.0
41738,2698776,4.0
23483,2730310,4.0
29556,2711419,4.0
31690,2710552,4.0
15106,2717248,4.0
696,2698080,4.0
15954,2719338,4.0
17118,2721241,4.0
16424,2703986,4.0
16104,2695127,4.0
47499,2730436,4.0
5497,2713843,4.0
21,2706627,4.0
15926,2705428,4.0
35376,2723291,4.0
5497,2711655,4.0
19702,2720933,4.0
5650,2712691,4.0
49552,2735134,4.0
6789,2723644,4.0
25743,2728002,4.0
32368,2715387,4.0
3428,2694440,4.0
18997,2713924,4.0
12497,2705556,4.0
26397,2721928,4.0
1418,2706177,4.0
156,2720186,4.0
13853,2698066,4.0
12740,2729908,4.0
12324,2730671,4.0
5481,2712504,4.0
10165,2704952,4.0
39273,2718501,4.0
21457,2711357,4.0
26509,2723645,4.0
1994,2711834,4.0
15590,2711729,4.0
16450,2706495,4.0
37803,2725699,4.0
2257,2734140,4.0
15909,2712413,4.0
20869,2713819,4.0
21,2706630,4.0
11302,2720821,4.0
31111,2721733,4.0
10921,2705219,4.0
43519,2718742,4.0
13209,2704453,4.0
15568,2706667,4.0
8447,2705625,4.0
696,2707052,4.0
8538,2692649,4.0
6789,2705488,4.0
5650,2710275,4.0
2197,2731036,4.0
62,2713922,4.0
10664,2716257,4.0
7910,2699828,4.0
7830,2707330,4.0
11808,2677913,4.0
21491,2705501,4.0
7316,2704559,4.0
14378,2709939,4.0
7830,2715848,4.0
18966,2726226,4.0
31161,2717404,4.0
1728,2705962,4.0
62,2712781,4.0
39503,2722832,4.0
11027,2710051,4.0
48549,2735115,4.0
7830,2720906,4.0
1418,2714471,4.0
7897,2718646,4.0
33705,2715091,4.0
37700,2716661,4.0
4430,2708107,4.0
11027,2703023,4.0
19164,2731048,4.0
7979,2713756,4.0
8447,2693819,4.0
6533,2712742,4.0
62,2722387,4.0
17295,2707082,4.0
12208,2696337,4.0
17905,2719235,4.0
21491,2720044,4.0
5119,2706049,4.0
834,2715191,4.0
62,2713420,4.0
19699,2703886,4.0
7568,2725293,4.0
23066,2704013,4.0
9242,2695056,4.0
5650,2717753,4.0
23586,2717879,4.0
48249,2732886,4.0
22967,2706321,4.0
1418,2708139,4.0
7897,2727319,4.0
16104,2728114,4.0
41693,2727568,4.0
23206,2711145,4.0
29727,2704424,4.0
3424,2704645,4.0
21,2698237,4.0
20465,2730468,4.0
11002,2710078,4.0
7934,2711882,4.0
6373,2702907,4.0
1295,2717419,4.0
37021,2725489,4.0
7109,2720032,4.0
13394,2727207,4.0
16104,2687036,4.0
14840,2698477,4.0
12850,2724042,4.0
14183,2706707,4.0
39533,2702103,4.0
10784,2708378,4.0
37081,2723158,4.0
5551,2717472,4.0
33718,2721486,4.0
18900,2714129,4.0
45409,2723880,4.0
4769,2725002,4.0
22467,2720211,4.0
19749,2722811,4.0
30,2722020,4.0
5134,2699931,4.0
11387,2703044,4.0
4576,2679460,4.0
2885,2720322,4.0
30083,2715977,4.0
5119,2706743,4.0
7906,2735476,4.0
39503,2715387,4.0
945,2712994,4.0
5315,2696993,4.0
28339,2719129,4.0
41296,2713478,4.0
41188,2725166,4.0
15975,2707711,4.0
9205,2728960,4.0
28129,2714949,4.0
19481,2710752,4.0
30,2728728,4.0
15861,2712833,4.0
27419,2701046,4.0
48856,2733813,4.0
193,2718846,4.0
3917,2734694,4.0
9495,2708818,4.0
19910,2702506,4.0
7568,2722860,4.0
13611,2698380,4.0
38923,2726536,4.0
9081,2718743,4.0
211,2686870,4.0
39892,2726220,4.0
62,2707091,4.0
15871,2705899,4.0
4971,2698421,4.0
2964,2693941,4.0
10270,2723607,4.0
180,2704931,4.0
15086,2702220,4.0
24339,2696019,4.0
13957,2713226,4.0
834,2713515,4.0
12447,2714057,4.0
2593,2713545,4.0
19003,2715599,4.0
1418,2717602,4.0
12417,2711369,4.0
7241,2707268,4.0
2197,2723643,4.0
25411,2707078,4.0
21275,2696558,4.0
5551,2691754,4.0
15568,2732424,4.0
30511,2719963,4.0
37081,2714497,4.0
46955,2722728,4.0
21236,2716677,4.0
5637,2705226,4.0
167,2704635,4.0
10842,2699800,4.0
1418,2707788,4.0
25590,2731451,4.0
5759,2706320,4.0
12742,2714820,4.0
39693,2719110,4.0
30,2710895,4.0
42132,2728385,4.0
18902,2716078,4.0
8726,2690720,4.0
23206,2697945,4.0
12226,2711894,4.0
11002,2710411,4.0
6012,2712983,4.0
38199,2714914,4.0
19017,2707091,4.0
19494,2721333,4.0
30,2731499,4.0
696,2709923,4.0
6373,2706135,4.0
11369,2721686,4.0
180,2715957,4.0
1519,2698117,4.0
18262,2704273,4.0
1660,2724097,4.0
4312,2731203,4.0
1285,2699812,4.0
3003,2704608,4.0
30,2727793,4.0
8370,2695012,4.0
1418,2708667,4.0
1614,2713286,4.0
4430,2703763,4.0
25052,2699932,4.0
7643,2695811,4.0
32967,2714162,4.0
19279,2698830,4.0
45409,2722344,4.0
2390,2697822,4.0
22830,2708527,4.0
33718,2716711,4.0
6373,2716226,4.0
6754,2706988,4.0
10784,2710674,4.0
16463,2727867,4.0
3659,2691153,4.0
1295,2718407,4.0
915,2720994,4.0
23,2704972,4.0
21332,2721801,4.0
3236,2691725,4.0
6313,2706053,4.0
696,2717982,4.0
6225,2688345,4.0
25388,2720926,4.0
30,2712425,4.0
1418,2699809,4.0
9385,2727163,4.0
49414,2733918,4.0
14594,2713230,4.0
39503,2715136,4.0
20758,2715171,4.0
1418,2695918,4.0
1418,2713501,4.0
987,2705539,4.0
8086,2720978,4.0
2044,2701859,4.0
40105,2713977,4.0
6257,2693831,4.0
10264,2728713,4.0
4769,2721448,4.0
22830,2709605,4.0
48656,2720974,4.0
24436,2710368,4.0
37081,2714588,4.0
696,2718449,4.0
35504,2723697,4.0
116,2708291,4.0
21421,2703345,4.0
15926,2699799,4.0
28310,2712555,4.0
10508,2716346,4.0
17714,2707801,4.0
49628,2728280,4.0
19668,2712191,4.0
31674,2718508,4.0
6054,2702481,4.0
77,2704785,4.0
48729,2732825,4.0
13577,2706187,4.0
33112,2718746,4.0
4824,2701061,4.0
8396,2703275,4.0
7830,2716335,4.0
18966,2715762,4.0
8790,2719508,4.0
35795,2708045,4.0
5650,2695306,4.0
2197,2729281,4.0
9205,2722336,4.0
25092,2707396,4.0
290,2703886,4.0
5119,2695102,4.0
40050,2725165,4.0
24640,2706496,4.0
42579,2721888,4.0
31910,2719686,4.0
24209,2712348,4.0
2236,2731499,4.0
46820,2726344,4.0
46486,2729192,4.0
19017,2686058,4.0
31674,2716057,4.0
7478,2702077,4.0
9205,2697988,4.0
35400,2723964,4.0
32151,2719502,4.0
6447,2704227,4.0
13209,2705037,4.0
16191,2711153,4.0
1418,2707372,4.0
26696,2710581,4.0
21322,2706912,4.0
16857,2713611,4.0
4769,2724542,4.0
28725,2723527,4.0
1295,2715565,4.0
34622,2727534,4.0
28988,2720659,4.0
6533,2712948,4.0
8107,2698807,4.0
36298,2718829,4.0
6640,2699781,4.0
18697,2714489,4.0
33032,2720322,4.0
2687,2701476,4.0
10264,2711456,4.0
23130,2715149,4.0
7830,2730088,4.0
18412,2702079,4.0
2864,2724988,4.0
35504,2719115,4.0
48856,2734173,4.0
14277,2707207,4.0
10264,2724515,4.0
19699,2716104,4.0
5083,2720039,4.0
18833,2712371,4.0
5400,2729171,4.0
8637,2718501,4.0
7719,2719505,4.0
11961,2698813,4.0
35795,2718955,4.0
18966,2709845,4.0
2585,2719074,4.0
22232,2696808,4.0
34260,2697868,4.0
22200,2697232,4.0
4558,2695012,4.0
3111,2721189,4.0
14948,2695895,4.0
834,2713854,4.0
9770,2692472,4.0
9205,2710812,4.0
8678,2707205,4.0
2254,2724140,4.0
41693,2726217,4.0
41782,2724526,4.0
19066,2731878,4.0
3562,2707014,4.0
5241,2727124,4.0
4703,2694069,4.0
2197,2731398,4.0
43519,2716186,4.0
19494,2717260,4.0
45339,2720389,4.0
25745,2718994,4.0
2792,2702594,4.0
29109,2718384,4.0
25354,2714239,4.0
46530,2728604,4.0
7479,2721065,4.0
1418,2729549,4.0
24849,2717010,4.0
39638,2718751,4.0
8383,2697993,4.0
27356,2714636,4.0
10903,2703470,4.0
26470,2718381,4.0
1418,2720469,4.0
915,2706603,4.0
11127,2713029,4.0
29046,2712867,4.0
8370,2705642,4.0
26691,2712665,4.0
30,2727419,4.0
9205,2727663,4.0
16110,2713639,4.0
1158,2698676,4.0
43825,2715937,4.0
41065,2728096,4.0
26554,2717877,4.0
1383,2720036,4.0
14375,2725146,4.0
39855,2721547,4.0
23406,2711363,4.0
39533,2707740,4.0
22554,2689156,4.0
3917,2707014,4.0
16374,2727647,4.0
15052,2713841,4.0
1217,2688438,4.0
16450,2720486,4.0
45814,2720705,4.0
31665,2721014,4.0
13643,2726542,4.0
25193,2707993,4.0
33355,2707267,4.0
5650,2712268,4.0
10333,2704269,4.0
22222,2712902,4.0
16632,2715897,4.0
16279,2726679,4.0
1418,2699772,4.0
1418,2719561,4.0
29032,2707724,4.0
8637,2685664,4.0
12178,2693416,4.0
13577,2707629,4.0
834,2723059,4.0
8063,2707639,4.0
13137,2711365,4.0
5759,2695608,4.0
5759,2691450,4.0
15568,2712295,4.0
23464,2731803,4.0
1652,2717530,4.0
19494,2728064,4.0
6640,2705508,4.0
18966,2719129,4.0
9089,2724984,4.0
3948,2730067,4.0
18900,2714198,4.0
8534,2717976,4.0
25704,2721454,4.0
16343,2717151,4.0
7316,2699701,4.0
26885,2707030,4.0
23,2734567,4.0
17111,2726747,4.0
17816,2708031,4.0
24613,2718481,4.0
18911,2718366,4.0
16450,2706372,4.0
37546,2704395,4.0
7568,2719684,4.0
25366,2708913,4.0
30,2698826,4.0
23327,2714575,4.0
8678,2723800,4.0
18841,2713420,4.0
39927,2722863,4.0
696,2718505,4.0
13644,2700962,4.0
3003,2703484,4.0
18946,2715656,4.0
26515,2715470,4.0
19005,2698217,4.0
35314,2714895,4.0
45814,2719152,4.0
2156,2711650,4.0
7934,2706092,4.0
12055,2726583,4.0
30,2711760,4.0
27168,2717190,4.0
3917,2719705,4.0
38671,2695392,4.0
14430,2721123,4.0
20758,2716517,4.0
25,2698207,4.0
2489,2730200,4.0
46852,2734308,4.0
16055,2719491,4.0
3917,2716714,4.0
3917,2698181,4.0
45296,2724031,4.0
33004,2704841,4.0
1660,2716538,4.0
16104,2724702,4.0
6789,2698738,4.0
1418,2703021,4.0
7241,2716498,4.0
7830,2726662,4.0
29430,2718200,4.0
14770,2706482,4.0
9089,2731198,4.0
46317,2733036,4.0
25745,2718998,4.0
10903,2704068,4.0
24837,2704939,4.0
5974,2695127,4.0
3191,2706481,4.0
26176,2705556,4.0
31539,2718377,4.0
12280,2704772,4.0
3003,2723598,4.0
20138,2701981,4.0
38392,2697410,4.0
38438,2719108,4.0
28725,2728532,4.0
39445,2724600,4.0
38359,2712339,4.0
9975,2691383,4.0
3917,2696282,4.0
5650,2699472,4.0
17592,2701809,4.0
2368,2695819,4.0
13093,2704191,4.0
19107,2729279,4.0
12645,2725846,4.0
16191,2723017,4.0
16244,2720750,4.0
23785,2702084,4.0
22897,2727803,4.0
6789,2723252,4.0
11667,2706560,4.0
21332,2727660,4.0
35514,2720144,4.0
25516,2716423,4.0
696,2714872,4.0
21,2707661,4.0
20013,2724930,4.0
21,2704341,4.0
45102,2723575,4.0
40234,2724018,4.0
29463,2709229,4.0
16374,2729266,4.0
15590,2718087,4.0
21936,2706995,4.0
27354,2709750,4.0
30092,2718565,4.0
26803,2717674,4.0
29032,2709829,4.0
41791,2723604,4.0
11002,2710288,4.0
7830,2713090,4.0
12191,2699379,4.0
2474,2728113,4.0
11127,2715706,4.0
7897,2707110,4.0
17035,2709963,4.0
12738,2706578,4.0
25704,2715951,4.0
9059,2707643,4.0
834,2714990,4.0
30,2719312,4.0
2878,2690616,4.0
4595,2696785,4.0
6420,2698702,4.0
2197,2720920,4.0
5759,2686561,4.0
17428,2706827,4.0
24837,2702951,4.0
48336,2728128,4.0
6782,2717028,4.0
12044,2712310,4.0
18760,2715846,4.0
53,2713340,4.0
17466,2722564,4.0
889,2703837,4.0
32532,2711003,4.0
5650,2700817,4.0
16904,2720557,4.0
20078,2730917,4.0
4052,2705215,4.0
33705,2715877,4.0
47473,2733677,4.0
5759,2706713,4.0
15590,2714920,4.0
39927,2715307,4.0
45409,2722564,4.0
33159,2714810,4.0
19843,2712089,4.0
16684,2686885,4.0
33705,2708016,4.0
20202,2715653,4.0
17588,2714141,4.0
2778,2721985,4.0
47661,2731984,4.0
21453,2713947,4.0
11369,2706120,4.0
7316,2701653,4.0
26509,2704908,4.0
45339,2727826,4.0
12850,2715494,4.0
18966,2716117,4.0
10508,2716335,4.0
7406,2705504,4.0
15452,2705974,4.0
16037,2712107,4.0
6260,2720716,4.0
7830,2727308,4.0
696,2716352,4.0
38966,2719681,4.0
38966,2723888,4.0
62,2706538,4.0
15331,2713959,4.0
48975,2728451,4.0
30,2729658,4.0
8288,2727896,4.0
39503,2724056,4.0
17846,2706634,4.0
2885,2720062,4.0
20053,2699481,4.0
34841,2721040,4.0
3003,2714143,4.0
1295,2705460,4.0
8383,2698215,4.0
8609,2719691,4.0
16632,2723093,4.0
40050,2715773,4.0
43825,2716782,4.0
16722,2699812,4.0
24613,2714204,4.0
2197,2732874,4.0
11002,2733759,4.0
6328,2704165,4.0
7830,2729285,4.0
25473,2716939,4.0
1397,2725137,4.0
21421,2703353,4.0
2585,2693961,4.0
41190,2726015,4.0
10107,2733172,4.0
33258,2721876,4.0
1295,2715892,4.0
4312,2701985,4.0
15052,2713739,4.0
9812,2720790,4.0
10118,2706699,4.0
16882,2712057,4.0
20731,2709091,4.0
25194,2708407,4.0
9265,2707655,4.0
16346,2720901,4.0
12497,2692448,4.0
7910,2718596,4.0
33718,2722824,4.0
28253,2719140,4.0
10185,2705850,4.0
11127,2732401,4.0
1418,2713683,4.0
11002,2732407,4.0
19256,2701957,4.0
24314,2703843,4.0
31758,2724577,4.0
5405,2703414,4.0
8074,2717876,4.0
127,2717407,4.0
13529,2716810,4.0
13404,2715315,4.0
5144,2705588,4.0
1646,2719824,4.0
7430,2719084,4.0
24898,2709958,4.0
35479,2711453,4.0
46820,2717837,4.0
16676,2717674,4.0
7210,2699132,4.0
13957,2713268,4.0
28488,2706452,4.0
834,2727717,4.0
20459,2713684,4.0
8063,2716717,4.0
696,2726780,4.0
19552,2732499,4.0
13401,2696463,4.0
23607,2709567,4.0
3917,2711703,4.0
7503,2689633,4.0
3003,2690641,4.0
3411,2732374,4.0
16684,2698640,4.0
34596,2723862,4.0
7776,2700964,4.0
3917,2697039,4.0
17428,2713521,4.0
14154,2711870,4.0
41693,2728028,4.0
20647,2712284,4.0
17035,2709437,4.0
779,2696954,4.0
3447,2706062,4.0
2882,2712149,4.0
186,2701244,4.0
12289,2692510,4.0
6373,2709235,4.0
8539,2714361,4.0
4576,2679459,4.0
11231,2708613,4.0
3287,2699772,4.0
39503,2720706,4.0
25052,2711339,4.0
11741,2701316,4.0
33911,2712461,4.0
18884,2703614,4.0
22668,2713464,4.0
32233,2718379,4.0
756,2697539,4.0
46988,2733161,4.0
8550,2715152,4.0
8519,2699880,4.0
14965,2678967,4.0
19107,2719225,4.0
19679,2702803,4.0
10333,2723657,4.0
1226,2706364,4.0
49281,2723172,4.0
43825,2717406,4.0
39693,2719097,4.0
18966,2712352,4.0
28638,2718134,4.0
41782,2725496,4.0
10185,2703897,4.0
20459,2701275,4.0
28846,2704709,4.0
43353,2713445,4.0
7513,2710489,4.0
17006,2710355,4.0
37081,2723784,4.0
15052,2712290,4.0
7210,2729119,4.0
17006,2726402,4.0
18966,2720181,4.0
19699,2703921,4.0
19927,2719965,4.0
38780,2725183,4.0
834,2719986,4.0
1967,2713325,4.0
19699,2715451,4.0
20410,2699557,4.0
35231,2720151,4.0
7719,2706488,4.0
21813,2712844,4.0
10333,2725047,4.0
39143,2711444,4.0
36685,2715420,4.0
14770,2697353,4.0
5303,2691913,4.0
41693,2727330,4.0
16104,2728846,4.0
23130,2716506,4.0
27484,2715579,4.0
26888,2706187,4.0
18966,2718710,4.0
45409,2715866,4.0
7830,2721642,4.0
30786,2719944,4.0
18859,2710324,4.0
29985,2716374,4.0
9714,2712340,4.0
25,2733744,4.0
41233,2722239,4.0
15961,2719975,4.0
36335,2714816,4.0
15331,2705410,4.0
30901,2719728,4.0
696,2712783,4.0
25664,2716363,4.0
18422,2700694,4.0
10333,2715658,4.0
18966,2719921,4.0
2864,2725461,4.0
21066,2703018,4.0
18966,2719664,4.0
18833,2705882,4.0
3003,2714760,4.0
22467,2720121,4.0
14081,2718599,4.0
18289,2714205,4.0
30,2723507,4.0
6958,2724001,4.0
22350,2734806,4.0
25518,2719286,4.0
5400,2702021,4.0
25194,2703897,4.0
19300,2725063,4.0
28539,2718111,4.0
8648,2693896,4.0
1430,2719433,4.0
10995,2718508,4.0
6619,2711821,4.0
43548,2721658,4.0
22668,2713767,4.0
17113,2722878,4.0
16417,2727945,4.0
39503,2721382,4.0
1418,2713973,4.0
31690,2715512,4.0
6619,2721936,4.0
41633,2723267,4.0
17739,2719493,4.0
2193,2712605,4.0
7912,2690127,4.0
23833,2708946,4.0
24837,2707649,4.0
10520,2710141,4.0
5241,2722942,4.0
16191,2724949,4.0
2882,2691961,4.0
10263,2698147,4.0
12738,2701527,4.0
19279,2696482,4.0
3375,2699740,4.0
8758,2722636,4.0
2368,2688798,4.0
4097,2717427,4.0
38671,2719674,4.0
24437,2709769,4.0
696,2710576,4.0
6313,2687991,4.0
12105,2688322,4.0
696,2735430,4.0
8529,2720325,4.0
7310,2703582,4.0
17758,2715080,4.0
7830,2721646,4.0
166,2685968,4.0
19984,2701068,4.0
10481,2705226,4.0
12324,2710975,4.0
17584,2713109,4.0
15452,2728451,4.0
3003,2705410,4.0
30,2702221,4.0
7586,2707396,4.0
19177,2698505,4.0
15493,2701078,4.0
11127,2723990,4.0
166,2693172,4.0
25937,2710154,4.0
26509,2719038,4.0
11002,2710288,4.0
20465,2679460,4.0
39273,2731017,4.0
3102,2699854,4.0
2778,2721820,4.0
6260,2701307,4.0
16244,2710367,4.0
23796,2714272,4.0
43257,2727651,4.0
40474,2723874,4.0
19552,2715686,4.0
11387,2711005,4.0
20293,2709662,4.0
17499,2730860,4.0
696,2717978,4.0
24436,2707402,4.0
42870,2730372,4.0
3221,2697981,4.0
2826,2699836,4.0
30,2728599,4.0
3917,2703105,4.0
13330,2711703,4.0
18859,2726087,4.0
28764,2720620,4.0
23785,2709911,4.0
33193,2723142,4.0
20202,2699112,4.0
7830,2714263,4.0
24314,2713186,4.0
37727,2724966,4.0
7290,2709709,4.0
6115,2693868,4.0
745,2704310,4.0
25516,2710181,4.0
10664,2717337,4.0
46988,2715502,4.0
25388,2733367,4.0
28129,2711699,4.0
46059,2729623,4.0
24295,2706719,4.0
24006,2708978,4.0
25473,2717022,4.0
2585,2718093,4.0
12324,2704562,4.0
19702,2706270,4.0
6687,2706485,4.0
8519,2710622,4.0
1295,2718690,4.0
39830,2727233,4.0
10664,2714884,4.0
1399,2704671,4.0
12738,2711795,4.0
2193,2701648,4.0
27349,2714488,4.0
31239,2709466,4.0
11273,2705207,4.0
31157,2721442,4.0
1418,2717743,4.0
18376,2718087,4.0
25378,2710456,4.0
62,2731338,4.0
18966,2719255,4.0
37845,2724553,4.0
43353,2720029,4.0
23224,2706856,4.0
9495,2720937,4.0
7814,2700790,4.0
33977,2718804,4.0
2556,2681550,4.0
29865,2705578,4.0
7897,2713488,4.0
2964,2699795,4.0
62,2709510,4.0
9241,2694742,4.0
18167,2715072,4.0
1158,2706714,4.0
1418,2724911,4.0
12742,2707853,4.0
35942,2709922,4.0
47473,2727144,4.0
3221,2695889,4.0
4381,2709779,4.0
30,2707257,4.0
16100,2711797,4.0
14375,2683977,4.0
9770,2702930,4.0
7704,2717015,4.0
11808,2705521,4.0
11430,2725436,4.0
802,2717674,4.0
20994,2709940,4.0
2197,2728408,4.0
1418,2724977,4.0
9265,2717294,4.0
13919,2719986,4.0
33004,2714807,4.0
22668,2705252,4.0
23224,2712399,4.0
9205,2707357,4.0
915,2714254,4.0
15931,2710137,4.0
25194,2720104,4.0
8911,2691369,4.0
19017,2699726,4.0
7011,2693995,4.0
34699,2722812,4.0
6447,2703841,4.0
11127,2701970,4.0
8520,2696803,4.0
20595,2713397,4.0
44911,2722331,4.0
7830,2720758,4.0
7814,2715650,4.0
25473,2716966,4.0
30092,2715450,4.0
36471,2724688,4.0
62,2714029,4.0
24468,2720841,4.0
43925,2719844,4.0
38923,2720788,4.0
3917,2716638,4.0
10995,2704818,4.0
18966,2713668,4.0
5571,2733631,4.0
7729,2723391,4.0
26270,2706871,4.0
166,2688874,4.0
2882,2725775,4.0
1399,2702438,4.0
43868,2727470,4.0
498,2719922,4.0
30,2730383,4.0
10664,2694584,4.0
33838,2708912,4.0
183,2710217,4.0
11323,2727320,4.0
27274,2723006,4.0
1295,2712449,4.0
5256,2719021,4.0
25774,2718859,4.0
19074,2706581,4.0
8487,2715662,4.0
7814,2699765,4.0
6789,2696370,4.0
6369,2703059,4.0
2885,2712911,4.0
19984,2720978,4.0
7830,2724663,4.0
37727,2722932,4.0
2197,2730434,4.0
28988,2713834,4.0
1295,2699807,4.0
41693,2728658,4.0
1861,2689429,4.0
9228,2729091,4.0
17905,2729589,4.0
17411,2711112,4.0
834,2725814,4.0
24478,2719087,4.0
44911,2727644,4.0
25480,2714235,4.0
10680,2726105,4.0
2939,2720657,4.0
43439,2715433,4.0
43825,2724860,4.0
11741,2711472,4.0
987,2720417,4.0
25378,2717942,4.0
22668,2712922,4.0
16418,2709674,4.0
31089,2717646,4.0
10784,2699198,4.0
508,2706554,4.0
1497,2698126,4.0
35764,2702065,4.0
30,2709897,4.0
1661,2696512,4.0
19494,2720608,4.0
42893,2704939,4.0
40050,2725707,4.0
3148,2705131,4.0
696,2694932,4.0
13043,2704357,4.0
14481,2725369,4.0
7503,2729113,4.0
48249,2732419,4.0
7807,2732930,4.0
25516,2719298,4.0
11741,2709477,4.0
7290,2706917,4.0
25,2720143,4.0
5433,2725944,4.0
16374,2709870,4.0
8769,2701017,4.0
3455,2704651,4.0
3917,2703192,4.0
834,2728898,4.0
26884,2715525,4.0
5345,2695493,4.0
21352,2721399,4.0
9975,2700295,4.0
18171,2715860,4.0
11127,2686107,4.0
9597,2698180,4.0
26095,2711689,4.0
15590,2707743,4.0
17739,2717554,4.0
5326,2706114,4.0
43265,2725047,4.0
13644,2707273,4.0
1661,2695579,4.0
26509,2711960,4.0
40105,2726925,4.0
8086,2707107,4.0
11055,2727346,4.0
49711,2729992,4.0
17714,2710220,4.0
3006,2712310,4.0
2991,2703752,4.0
16450,2720823,4.0
5345,2687926,4.0
3424,2692829,4.0
18875,2713332,4.0
16269,2713244,4.0
8141,2715090,4.0
498,2713420,4.0
6619,2706712,4.0
29347,2714998,4.0
31111,2719399,4.0
14770,2699845,4.0
26741,2717340,4.0
8447,2706555,4.0
5811,2700555,4.0
15052,2711442,4.0
10159,2707475,4.0
16104,2718603,4.0
13873,2697514,4.0
15590,2713519,4.0
21741,2712578,4.0
2368,2699773,4.0
17247,2720742,4.0
30365,2719995,4.0
2354,2711687,4.0
26509,2724120,4.0
8551,2735563,4.0
1295,2726361,4.0
16173,2711335,4.0
36913,2715740,4.0
244,2715986,4.0
29985,2716354,4.0
4315,2702486,4.0
18296,2701980,4.0
19297,2712532,4.0
5345,2681548,4.0
26932,2702635,4.0
834,2722279,4.0
15590,2711362,4.0
10359,2719604,4.0
889,2711787,4.0
8002,2702389,4.0
16104,2719088,4.0
46015,2717688,4.0
33004,2707626,4.0
31331,2710571,4.0
13037,2698556,4.0
7830,2719123,4.0
41319,2716195,4.0
6394,2728635,4.0
30,2721595,4.0
25908,2699903,4.0
28988,2707277,4.0
21,2690026,4.0
12447,2712916,4.0
15590,2722626,4.0
15590,2714930,4.0
33193,2721807,4.0
7479,2720254,4.0
28129,2706645,4.0
24613,2716874,4.0
5736,2726313,4.0
13518,2707682,4.0
7206,2720118,4.0
22877,2715628,4.0
16856,2717875,4.0
26134,2708452,4.0
27184,2716778,4.0
32567,2710899,4.0
17245,2714465,4.0
15069,2724195,4.0
23880,2715138,4.0
6447,2703104,4.0
10333,2704876,4.0
11027,2707816,4.0
16256,2720224,4.0
24339,2698237,4.0
9265,2718436,4.0
22010,2706702,4.0
3925,2728014,4.0
7568,2711588,4.0
7530,2698035,4.0
15793,2704336,4.0
12850,2723415,4.0
1399,2708440,4.0
19425,2707526,4.0
3769,2718096,4.0
5541,2706147,4.0
7830,2719145,4.0
7934,2692428,4.0
13137,2712819,4.0
12497,2705541,4.0
13518,2723508,4.0
4824,2698097,4.0
47999,2732838,4.0
23130,2715170,4.0
45409,2714719,4.0
8106,2721713,4.0
3212,2702974,4.0
38780,2721465,4.0
9495,2708995,4.0
9856,2713574,4.0
26416,2714497,4.0
696,2701074,4.0
8086,2702930,4.0
22940,2718555,4.0
10264,2706050,4.0
24882,2718200,4.0
10673,2706871,4.0
31111,2730003,4.0
18955,2727276,4.0
7241,2723538,4.0
7851,2712977,4.0
40754,2721017,4.0
37100,2724124,4.0
5526,2724844,4.0
2193,2712753,4.0
6789,2714920,4.0
1399,2700592,4.0
8396,2716828,4.0
36913,2730241,4.0
1295,2706333,4.0
23130,2707390,4.0
3923,2681561,4.0
33488,2726268,4.0
18966,2720566,4.0
8106,2702770,4.0
12329,2711849,4.0
11002,2711155,4.0
17848,2724384,4.0
28670,2714963,4.0
19948,2733443,4.0
5119,2725071,4.0
26039,2719032,4.0
14609,2697787,4.0
26140,2712738,4.0
39830,2720967,4.0
6773,2702048,4.0
21113,2715245,4.0
6373,2729370,4.0
12514,2700326,4.0
1295,2723446,4.0
19335,2703734,4.0
10880,2676762,4.0
10508,2706831,4.0
34260,2714522,4.0
22391,2726917,4.0
37081,2722896,4.0
1295,2729512,4.0
5759,2700783,4.0
14609,2700285,4.0
1255,2703834,4.0
25194,2726897,4.0
45409,2720461,4.0
37663,2711391,4.0
4865,2692310,4.0
1914,2711918,4.0
18572,2716074,4.0
29727,2718110,4.0
11353,2725197,4.0
29316,2715007,4.0
7530,2732490,4.0
7052,2706638,4.0
62,2718475,4.0
45409,2721478,4.0
7241,2733095,4.0
43353,2716758,4.0
2523,2686401,4.0
3003,2691696,4.0
7974,2694869,4.0
27756,2721603,4.0
11619,2707008,4.0
1256,2696293,4.0
2905,2698027,4.0
38870,2708548,4.0
30,2700629,4.0
19494,2719493,4.0
11808,2677947,4.0
16191,2727803,4.0
16567,2709812,4.0
406,2713953,4.0
11027,2710668,4.0
1295,2727243,4.0
11874,2719044,4.0
7830,2718612,4.0
7241,2707564,4.0
62,2726818,4.0
16857,2712957,4.0
16450,2720828,4.0
27800,2728769,4.0
6789,2698735,4.0
21237,2722597,4.0
20521,2713704,4.0
9541,2701492,4.0
834,2722504,4.0
20994,2708427,4.0
29849,2719265,4.0
19699,2699779,4.0
14463,2706357,4.0
1418,2719680,4.0
3871,2690610,4.0
8107,2708016,4.0
3107,2690526,4.0
28763,2717413,4.0
945,2720965,4.0
38697,2728287,4.0
13853,2725136,4.0
7830,2711184,4.0
2290,2704713,4.0
6257,2698649,4.0
16489,2693819,4.0
12226,2707532,4.0
1430,2714956,4.0
8609,2727649,4.0
7241,2716353,4.0
8447,2700521,4.0
34987,2714911,4.0
11002,2707569,4.0
32607,2709665,4.0
8529,2720277,4.0
1418,2705402,4.0
298,2705842,4.0
48826,2734479,4.0
4501,2713566,4.0
9945,2700182,4.0
5083,2687065,4.0
18839,2715137,4.0
696,2718141,4.0
2197,2731702,4.0
47999,2723104,4.0
16766,2713979,4.0
15568,2719219,4.0
31814,2712015,4.0
11174,2717338,4.0
915,2721019,4.0
41693,2715302,4.0
11612,2703331,4.0
2193,2720091,4.0
1295,2709722,4.0
18050,2712338,4.0
9495,2722952,4.0
48585,2731695,4.0
498,2716651,4.0
32590,2705581,4.0
34834,2719318,4.0
4137,2707182,4.0
21322,2715514,4.0
28556,2718452,4.0
10011,2703452,4.0
4540,2704402,4.0
10680,2726110,4.0
41296,2720079,4.0
10784,2706526,4.0
8726,2704298,4.0
8454,2702503,4.0
696,2723013,4.0
21255,2717319,4.0
5541,2711924,4.0
20797,2715143,4.0
23,2710655,4.0
62,2707585,4.0
15568,2718648,4.0
5241,2702591,4.0
8538,2697395,4.0
17049,2727864,4.0
9541,2728231,4.0
14594,2712736,4.0
11002,2705238,4.0
18966,2708577,4.0
26140,2705013,4.0
1255,2723607,4.0
285,2696423,4.0
21332,2727763,4.0
13919,2723212,4.0
22109,2715580,4.0
4793,2688437,4.0
62,2707083,4.0
1418,2729024,4.0
834,2732395,4.0
7910,2723640,4.0
696,2715269,4.0
6584,2705375,4.0
935,2695027,4.0
23224,2705495,4.0
18997,2713412,4.0
15069,2709771,4.0
30786,2716000,4.0
4674,2713579,4.0
47799,2733071,4.0
18167,2715083,4.0
10264,2698762,4.0
16104,2719810,4.0
16857,2712966,4.0
6260,2715143,4.0
62,2733129,4.0
7830,2711201,4.0
21936,2722461,4.0
10872,2727181,4.0
37336,2703122,4.0
38671,2719233,4.0
38780,2713345,4.0
29032,2716214,4.0
4695,2729174,4.0
1715,2704385,4.0
7719,2723020,4.0
3917,2707667,4.0
12941,2687053,4.0
1418,2719934,4.0
21113,2712077,4.0
62,2712127,4.0
19769,2711224,4.0
18084,2692928,4.0
3174,2691900,4.0
30,2708067,4.0
32421,2720043,4.0
25516,2719306,4.0
7210,2703332,4.0
9215,2722544,4.0
2778,2706107,4.0
6789,2728647,4.0
35469,2713773,4.0
14954,2715731,4.0
19002,2716735,4.0
41791,2720020,4.0
24613,2702758,4.0
18465,2726137,4.0
21113,2714649,4.0
10333,2718892,4.0
5125,2687784,4.0
31665,2719129,4.0
31089,2720164,4.0
24436,2697271,4.0
38973,2718486,4.0
34260,2713243,4.0
4918,2706892,4.0
1689,2707637,4.0
21956,2720841,4.0
25954,2714886,4.0
4114,2727365,4.0
2446,2694238,4.0
7814,2719113,4.0
6533,2705493,4.0
12740,2722736,4.0
15890,2717082,4.0
7347,2702980,4.0
10784,2717876,4.0
35400,2731057,4.0
696,2714590,4.0
14183,2709627,4.0
7923,2702168,4.0
9265,2726851,4.0
12579,2687922,4.0
6619,2712953,4.0
40050,2712411,4.0
6373,2709222,4.0
43509,2730506,4.0
30,2708160,4.0
33787,2712042,4.0
3455,2698165,4.0
3635,2734616,4.0
28603,2692246,4.0
21924,2701748,4.0
9495,2695845,4.0
13919,2734784,4.0
2991,2711040,4.0
10903,2706106,4.0
2955,2727775,4.0
25516,2710762,4.0
28253,2715752,4.0
30,2721529,4.0
27163,2712980,4.0
21,2704153,4.0
17869,2713912,4.0
4468,2699983,4.0
2988,2708999,4.0
32488,2721653,4.0
1418,2706634,4.0
2988,2713654,4.0
23494,2728492,4.0
3917,2718513,4.0
15877,2704269,4.0
45697,2728510,4.0
40050,2713632,4.0
12587,2705518,4.0
43353,2727302,4.0
16450,2720786,4.0
16857,2713464,4.0
8871,2704011,4.0
44716,2726941,4.0
6579,2705316,4.0
4769,2711094,4.0
1418,2710625,4.0
48729,2717347,4.0
1994,2704628,4.0
30,2730498,4.0
5160,2696954,4.0
3791,2704808,4.0
3003,2708754,4.0
7830,2720205,4.0
10680,2725005,4.0
16463,2736142,4.0
38923,2725537,4.0
24274,2715605,4.0
4978,2700683,4.0
21813,2706359,4.0
8658,2701094,4.0
915,2699889,4.0
3263,2697321,4.0
23042,2706650,4.0
1418,2724194,4.0
945,2707313,4.0
11127,2717476,4.0
21,2724202,4.0
17232,2701780,4.0
20207,2719443,4.0
21,2697751,4.0
16346,2721946,4.0
18677,2715849,4.0
7830,2713095,4.0
9714,2721297,4.0
8871,2678949,4.0
15839,2715480,4.0
11458,2713140,4.0
9210,2708921,4.0
12498,2703022,4.0
406,2704728,4.0
7966,2702946,4.0
2134,2703195,4.0
1994,2710896,4.0
23437,2715898,4.0
23169,2708498,4.0
9541,2728182,4.0
9218,2699521,4.0
1960,2723767,4.0
11475,2718727,4.0
10197,2713315,4.0
5292,2693261,4.0
10995,2723643,4.0
2523,2698834,4.0
12739,2707657,4.0
25552,2698752,4.0
7378,2702233,4.0
12919,2695048,4.0
5497,2694084,4.0
6093,2696392,4.0
47369,2725499,4.0
18880,2712387,4.0
834,2735339,4.0
15590,2720833,4.0
19279,2703607,4.0
3003,2707470,4.0
19699,2730318,4.0
43866,2722278,4.0
11874,2680840,4.0
11889,2702824,4.0
26834,2698745,4.0
987,2711401,4.0
18484,2715205,4.0
19164,2724925,4.0
21720,2696773,4.0
13854,2712406,4.0
5650,2704515,4.0
8731,2725310,4.0
16450,2720403,4.0
6019,2703430,4.0
2624,2692313,4.0
44911,2728920,4.0
2563,2711450,4.0
33705,2722417,4.0
21453,2708566,4.0
36011,2710353,4.0
22601,2714828,4.0
29109,2714137,4.0
45409,2728054,4.0
7719,2731723,4.0
5541,2706091,4.0
290,2699850,4.0
9506,2733764,4.0
43353,2719092,4.0
21535,2700224,4.0
14578,2710377,4.0
32202,2721529,4.0
4595,2719956,4.0
3917,2703104,4.0
26509,2711220,4.0
46212,2727779,4.0
7378,2703330,4.0
35479,2708566,4.0
40477,2720028,4.0
30165,2716635,4.0
10314,2704814,4.0
37595,2723583,4.0
21332,2728012,4.0
23770,2718608,4.0
15954,2725773,4.0
9205,2712366,4.0
20692,2715998,4.0
16256,2722812,4.0
11051,2704298,4.0
19279,2719501,4.0
16676,2711095,4.0
23130,2716563,4.0
26509,2728868,4.0
20053,2714358,4.0
32308,2719493,4.0
24930,2727871,4.0
19494,2720220,4.0
21980,2719318,4.0
127,2707558,4.0
15931,2712289,4.0
834,2724910,4.0
3295,2696107,4.0
15452,2713926,4.0
4985,2724991,4.0
46114,2732094,4.0
10430,2701317,4.0
21382,2727766,4.0
13853,2714785,4.0
11027,2703477,4.0
38488,2709738,4.0
17462,2697220,4.0
46988,2729687,4.0
7897,2711359,4.0
2197,2723435,4.0
7405,2705029,4.0
8074,2708548,4.0
5645,2718318,4.0
7807,2704830,4.0
13363,2717090,4.0
6130,2719890,4.0
3876,2705557,4.0
32899,2706718,4.0
1430,2719417,4.0
18042,2707082,4.0
15116,2695290,4.0
1295,2697949,4.0
24293,2707111,4.0
13577,2707015,4.0
9495,2722922,4.0
8074,2712773,4.0
11002,2674620,4.0
40050,2711268,4.0
22664,2715638,4.0
34364,2723778,4.0
5050,2685878,4.0
696,2712880,4.0
10787,2720614,4.0
13644,2695936,4.0
22668,2711687,4.0
24478,2723213,4.0
19699,2715787,4.0
7974,2688881,4.0
9385,2708413,4.0
49181,2720097,4.0
7830,2714646,4.0
7241,2726331,4.0
14430,2711338,4.0
18859,2726119,4.0
3917,2703195,4.0
2489,2701313,4.0
4985,2694944,4.0
17035,2709938,4.0
19552,2731291,4.0
21128,2704957,4.0
12587,2707930,4.0
935,2711794,4.0
2778,2724313,4.0
48434,2734668,4.0
22933,2709490,4.0
13854,2707800,4.0
23435,2724690,4.0
26439,2706493,4.0
20551,2705126,4.0
6260,2717022,4.0
3785,2707308,4.0
38354,2724127,4.0
285,2686708,4.0
62,2711370,4.0
12675,2700908,4.0
27274,2707097,4.0
35799,2715286,4.0
3003,2726955,4.0
6902,2695819,4.0
1706,2705116,4.0
20731,2708497,4.0
8246,2731891,4.0
19297,2713915,4.0
3212,2700957,4.0
11889,2734771,4.0
11808,2702036,4.0
45814,2726276,4.0
22990,2720870,4.0
42463,2729380,4.0
7241,2733879,4.0
22391,2725429,4.0
10024,2721050,4.0
15590,2720127,4.0
24314,2703849,4.0
314,2720573,4.0
3003,2734234,4.0
11002,2711271,4.0
22668,2696924,4.0
24837,2715180,4.0
1614,2704595,4.0
29127,2717190,4.0
7568,2715292,4.0
6394,2704305,4.0
7851,2704356,4.0
4501,2692431,4.0
12706,2710220,4.0
12850,2707795,4.0
45864,2720801,4.0
17557,2699872,4.0
17479,2729523,4.0
1295,2705576,4.0
22886,2702402,4.0
8534,2718155,4.0
1660,2716186,4.0
91,2695026,4.0
32067,2720450,4.0
43084,2723639,4.0
35796,2721128,4.0
23,2712128,4.0
18305,2709884,4.0
18688,2714963,4.0
12178,2687201,4.0
1418,2715018,4.0
12850,2716896,4.0
8012,2691878,4.0
3236,2685992,4.0
21568,2708942,4.0
6394,2715732,4.0
30,2702443,4.0
33193,2730984,4.0
30,2729672,4.0
3594,2691037,4.0
16244,2710394,4.0
12197,2706124,4.0
22270,2707983,4.0
33736,2720991,4.0
11002,2704362,4.0
1158,2693992,4.0
8648,2707289,4.0
11253,2733056,4.0
2197,2713557,4.0
3375,2707213,4.0
22757,2716361,4.0
9945,2706612,4.0
16243,2726978,4.0
3571,2699113,4.0
696,2709487,4.0
23552,2716830,4.0
2991,2731485,4.0
27274,2728882,4.0
180,2708688,4.0
39503,2725299,4.0
193,2711910,4.0
31910,2723049,4.0
28764,2720602,4.0
29849,2714945,4.0
39503,2728369,4.0
31239,2711785,4.0
11231,2721686,4.0
18839,2708003,4.0
23401,2715418,4.0
29907,2717724,4.0
62,2717232,4.0
37081,2725269,4.0
5736,2712816,4.0
36913,2726219,4.0
5759,2686811,4.0
6789,2718188,4.0
10489,2708037,4.0
18966,2715758,4.0
38792,2721936,4.0
5650,2714473,4.0
18688,2717500,4.0
32895,2719142,4.0
3874,2694583,4.0
2197,2710858,4.0
34260,2717468,4.0
19749,2713046,4.0
5326,2692469,4.0
31161,2713820,4.0
2991,2692006,4.0
5125,2696505,4.0
23978,2715846,4.0
24437,2716487,4.0
9338,2702215,4.0
5256,2720830,4.0
6373,2708273,4.0
33193,2720570,4.0
17669,2712762,4.0
47999,2724541,4.0
14840,2713539,4.0
7974,2717739,4.0
33718,2722474,4.0
20002,2706308,4.0
2405,2706390,4.0
31513,2715875,4.0
6115,2718501,4.0
13394,2701086,4.0
28670,2710607,4.0
28129,2719674,4.0
12166,2704612,4.0
7093,2709165,4.0
19749,2720444,4.0
3844,2727555,4.0
7890,2706679,4.0
5400,2700080,4.0
18772,2720761,4.0
44991,2728568,4.0
6330,2718495,4.0
10472,2723359,4.0
8125,2705836,4.0
30,2722015,4.0
23862,2730893,4.0
13643,2704187,4.0
40050,2718117,4.0
15890,2723709,4.0
10536,2707454,4.0
1295,2725861,4.0
45864,2715879,4.0
22200,2709527,4.0
12149,2695356,4.0
11002,2703926,4.0
33622,2718536,4.0
1968,2698830,4.0
16343,2719576,4.0
10995,2722734,4.0
47848,2731280,4.0
3455,2705219,4.0
33725,2713507,4.0
26397,2724031,4.0
17428,2699907,4.0
8534,2694938,4.0
4558,2706376,4.0
5170,2705963,4.0
27521,2715866,4.0
10995,2722737,4.0
21943,2709922,4.0
35991,2709493,4.0
42579,2728903,4.0
10787,2709353,4.0
744,2706481,4.0
16489,2713092,4.0
6687,2724165,4.0
2964,2695879,4.0
27354,2714452,4.0
46988,2708463,4.0
15975,2713449,4.0
8086,2696803,4.0
27049,2714985,4.0
47848,2734778,4.0
43353,2714912,4.0
35795,2716766,4.0
19494,2721608,4.0
7830,2711215,4.0
4017,2707039,4.0
12642,2710137,4.0
7161,2727954,4.0
17905,2710562,4.0
2882,2731922,4.0
19538,2729241,4.0
3447,2689137,4.0
41480,2726783,4.0
3730,2704623,4.0
46627,2732776,4.0
28558,2716146,4.0
20028,2700109,4.0
29046,2715861,4.0
696,2719505,4.0
12289,2688320,4.0
38923,2707600,4.0
11127,2709239,4.0
30365,2718542,4.0
31882,2705467,4.0
21275,2722820,4.0
12587,2694588,4.0
27756,2735980,4.0
7897,2714920,4.0
10872,2720869,4.0
1823,2695858,4.0
19362,2708225,4.0
21,2673932,4.0
21,2704183,4.0
3769,2714254,4.0
3148,2704890,4.0
1285,2723607,4.0
48397,2723360,4.0
26884,2698091,4.0
1660,2719119,4.0
33297,2722669,4.0
34841,2726044,4.0
20202,2706002,4.0
31690,2718189,4.0
11458,2706549,4.0
30,2710033,4.0
32532,2718731,4.0
39093,2725027,4.0
4703,2716688,4.0
31889,2714308,4.0
26427,2711349,4.0
5292,2711831,4.0
16104,2730875,4.0
7910,2723613,4.0
47338,2723117,4.0
4769,2706359,4.0
22886,2715749,4.0
32202,2714278,4.0
36335,2718691,4.0
17111,2729953,4.0
43519,2716189,4.0
744,2705434,4.0
15590,2714278,4.0
22365,2726703,4.0
10865,2723321,4.0
13919,2718610,4.0
8106,2705917,4.0
15160,2705477,4.0
4985,2715358,4.0
11454,2706488,4.0
1255,2724689,4.0
14277,2699859,4.0
15737,2727890,4.0
16169,2701033,4.0
12324,2731433,4.0
18677,2731843,4.0
16381,2712812,4.0
9714,2720085,4.0
2236,2704473,4.0
2489,2704395,4.0
23224,2683255,4.0
21608,2716096,4.0
32890,2714719,4.0
16450,2727755,4.0
20797,2716528,4.0
39503,2708853,4.0
16573,2715190,4.0
20465,2698212,4.0
23130,2707697,4.0
17584,2726749,4.0
18289,2712986,4.0
21980,2714925,4.0
45320,2719125,4.0
696,2714072,4.0
39122,2722474,4.0
48856,2726995,4.0
13329,2727174,4.0
12706,2711450,4.0
38780,2696040,4.0
2197,2719610,4.0
25196,2718707,4.0
38438,2723768,4.0
1418,2720006,4.0
2368,2694960,4.0
11002,2708145,4.0
22670,2728405,4.0
28637,2723065,4.0
11330,2707366,4.0
29654,2706946,4.0
7830,2725619,4.0
7349,2718601,4.0
46955,2720257,4.0
23464,2724394,4.0
18677,2714664,4.0
17832,2712289,4.0
15839,2694584,4.0
16191,2710800,4.0
17923,2700884,4.0
46852,2731178,4.0
1158,2699733,4.0
21453,2711446,4.0
18677,2710137,4.0
18484,2708304,4.0
18966,2720341,4.0
6012,2727003,4.0
11002,2709159,4.0
1295,2709613,4.0
21629,2709973,4.0
23823,2723619,4.0
2044,2730567,4.0
10444,2722728,4.0
17808,2714194,4.0
25102,2710602,4.0
31513,2715527,4.0
6373,2719914,4.0
7310,2713290,4.0
25,2721923,4.0
3917,2732248,4.0
4697,2692523,4.0
12289,2698779,4.0
53,2704033,4.0
19279,2696338,4.0
425,2706104,4.0
9215,2732952,4.0
16173,2697918,4.0
2585,2691904,4.0
23689,2699741,4.0
46988,2731530,4.0
696,2709501,4.0
2197,2710773,4.0
21015,2713534,4.0
8074,2706711,4.0
285,2696552,4.0
22365,2693037,4.0
18902,2726835,4.0
17557,2728666,4.0
24314,2702533,4.0
16104,2707115,4.0
5292,2718155,4.0
53,2711238,4.0
2658,2724542,4.0
24640,2710476,4.0
12764,2703958,4.0
16009,2715146,4.0
35400,2731053,4.0
47658,2718514,4.0
3917,2732243,4.0
11127,2718727,4.0
48716,2723062,4.0
34364,2723302,4.0
1418,2709237,4.0
13611,2695608,4.0
24933,2722419,4.0
19935,2719652,4.0
48455,2720919,4.0
10898,2702786,4.0
35479,2723784,4.0
13105,2697915,4.0
498,2709091,4.0
24314,2703991,4.0
6261,2690578,4.0
4468,2702277,4.0
9081,2704710,4.0
1508,2709466,4.0
48856,2719092,4.0
12850,2705108,4.0
16381,2732321,4.0
11027,2704973,4.0
1150,2729249,4.0
5759,2706474,4.0
14481,2727534,4.0
7814,2708585,4.0
2778,2722518,4.0
7934,2723598,4.0
46546,2732908,4.0
25194,2708002,4.0
15474,2732453,4.0
35227,2723784,4.0
29727,2705506,4.0
21289,2727299,4.0
12941,2681689,4.0
2193,2726296,4.0
7241,2701165,4.0
26713,2715851,4.0
4847,2693698,4.0
8705,2715774,4.0
13848,2699872,4.0
32488,2721297,4.0
15106,2699208,4.0
1418,2711628,4.0
2563,2713697,4.0
6447,2707522,4.0
6117,2705963,4.0
1418,2719741,4.0
22222,2713609,4.0
9089,2703920,4.0
21332,2729078,4.0
23074,2708380,4.0
10107,2728652,4.0
6215,2706691,4.0
18880,2711442,4.0
6345,2703994,4.0
11253,2731769,4.0
18677,2698570,4.0
46118,2712307,4.0
14154,2713233,4.0
7830,2714719,4.0
12642,2698502,4.0
3917,2732326,4.0
22668,2707135,4.0
30,2710606,4.0
10376,2723871,4.0
3594,2686705,4.0
27274,2720713,4.0
3594,2692862,4.0
30,2703544,4.0
11002,2707742,4.0
9317,2721035,4.0
14277,2716354,4.0
3411,2719119,4.0
29328,2704955,4.0
696,2728067,4.0
6789,2726807,4.0
7830,2708484,4.0
10087,2722909,4.0
21729,2711086,4.0
19699,2704427,4.0
127,2718890,4.0
11127,2717467,4.0
7729,2715091,4.0
19769,2700756,4.0
8313,2713440,4.0
13346,2716683,4.0
21,2708857,4.0
20731,2709043,4.0
29584,2708038,4.0
18884,2706071,4.0
24898,2717178,4.0
45409,2715840,4.0
11866,2705157,4.0
11002,2700905,4.0
25518,2711359,4.0
30,2713137,4.0
30901,2716418,4.0
2197,2720261,4.0
11127,2708036,4.0
3411,2724135,4.0
6728,2711357,4.0
15655,2720024,4.0
12645,2710454,4.0
4381,2727948,4.0
12197,2695895,4.0
41190,2722900,4.0
7830,2732962,4.0
14024,2704935,4.0
28638,2697982,4.0
26417,2706528,4.0
5650,2698154,4.0
23197,2712374,4.0
4381,2732169,4.0
5400,2719642,4.0
24613,2715870,4.0
7830,2711224,4.0
22757,2710226,4.0
21332,2730017,4.0
41188,2717255,4.0
31698,2720184,4.0
30,2721224,4.0
39460,2725084,4.0
46141,2728963,4.0
8648,2707936,4.0
38671,2725497,4.0
35430,2723671,4.0
22232,2720061,4.0
20202,2712923,4.0
1418,2707900,4.0
38870,2719308,4.0
834,2734327,4.0
38322,2719145,4.0
22799,2711846,4.0
13919,2723161,4.0
21608,2712451,4.0
48851,2727237,4.0
696,2709498,4.0
12197,2693482,4.0
42579,2722054,4.0
21015,2713422,4.0
42324,2728451,4.0
7974,2723697,4.0
2197,2725463,4.0
11961,2701980,4.0
2290,2730817,4.0
34051,2711907,4.0
6782,2708707,4.0
16260,2729084,4.0
18966,2719659,4.0
1652,2698120,4.0
29488,2720272,4.0
6394,2728603,4.0
4312,2729799,4.0
4560,2704521,4.0
2612,2713696,4.0
6619,2711371,4.0
11808,2707044,4.0
43265,2724153,4.0
5409,2731274,4.0
1295,2716023,4.0
45814,2721602,4.0
30,2721437,4.0
2991,2727812,4.0
696,2727245,4.0
11002,2735260,4.0
11127,2731183,4.0
45409,2724834,4.0
29046,2711440,4.0
2905,2698027,4.0
3917,2714856,4.0
2197,2719240,4.0
22212,2699158,4.0
2778,2721749,4.0
24628,2710534,4.0
18880,2702466,4.0
33838,2720374,4.0
34596,2711150,4.0
696,2737272,4.0
8529,2692386,4.0
7912,2703001,4.0
5759,2697971,4.0
3107,2725841,4.0
889,2718200,4.0
6447,2691904,4.0
7776,2707699,4.0
46855,2732089,4.0
21741,2712782,4.0
27186,2718451,4.0
4824,2715510,4.0
7241,2728502,4.0
17411,2709747,4.0
889,2733548,4.0
19335,2703002,4.0
10995,2698612,4.0
26713,2718374,4.0
1614,2705902,4.0
23767,2707755,4.0
36913,2719263,4.0
3791,2706147,4.0
5650,2704739,4.0
16534,2707461,4.0
2197,2727563,4.0
5119,2724540,4.0
62,2717093,4.0
9265,2722968,4.0
696,2721339,4.0
25069,2714491,4.0
19409,2709996,4.0
2506,2685731,4.0
29032,2712350,4.0
11002,2706800,4.0
7897,2707078,4.0
1645,2688654,4.0
7773,2709451,4.0
5759,2696280,4.0
2840,2723106,4.0
22394,2709260,4.0
29488,2700756,4.0
2197,2726736,4.0
13643,2728014,4.0
11127,2698147,4.0
7241,2694659,4.0
498,2719562,4.0
32655,2715825,4.0
166,2722426,4.0
2197,2719055,4.0
15051,2716785,4.0
1418,2710082,4.0
7513,2715921,4.0
41037,2728051,4.0
23437,2728054,4.0
35211,2717941,4.0
32680,2715734,4.0
25473,2716608,4.0
31758,2706828,4.0
889,2717522,4.0
22668,2715539,4.0
48455,2733868,4.0
1967,2728050,4.0
18966,2735724,4.0
2593,2708038,4.0
16104,2708287,4.0
1399,2720300,4.0
1660,2719946,4.0
1217,2683884,4.0
7807,2707406,4.0
12941,2687765,4.0
62,2721606,4.0
40050,2716789,4.0
10848,2705427,4.0
696,2722459,4.0
21080,2698696,4.0
10995,2715417,4.0
21040,2714398,4.0
8454,2720527,4.0
29629,2707117,4.0
34051,2725448,4.0
7241,2723872,4.0
12329,2710711,4.0
47908,2725614,4.0
39980,2719946,4.0
10787,2722078,4.0
24468,2713854,4.0
38652,2713108,4.0
1418,2706333,4.0
4505,2702796,4.0
22668,2711140,4.0
13137,2711844,4.0
20731,2708498,4.0
26888,2703353,4.0
16572,2721187,4.0
9768,2701310,4.0
10185,2689042,4.0
12827,2712190,4.0
18447,2705826,4.0
36162,2717461,4.0
29781,2716663,4.0
22549,2707396,4.0
1418,2704458,4.0
20692,2716796,4.0
31698,2719416,4.0
14931,2702521,4.0
10664,2707910,4.0
45409,2718500,4.0
7643,2698095,4.0
22668,2711031,4.0
41955,2727873,4.0
3107,2721603,4.0
17295,2705147,4.0
28940,2717387,4.0
13209,2712086,4.0
7851,2717852,4.0
25069,2718452,4.0
22348,2713555,4.0
12746,2711073,4.0
16417,2724149,4.0
43064,2722691,4.0
977,2713543,4.0
18676,2729289,4.0
9714,2721304,4.0
8288,2727737,4.0
7316,2692844,4.0
16888,2713334,4.0
834,2736220,4.0
2563,2709920,4.0
9255,2680840,4.0
19023,2731016,4.0
3917,2707330,4.0
18134,2709697,4.0
6394,2723242,4.0
16104,2687765,4.0
12044,2712314,4.0
28339,2713668,4.0
35400,2724087,4.0
23552,2710007,4.0
18067,2687991,4.0
21535,2705179,4.0
19699,2714313,4.0
2778,2729434,4.0
38870,2712748,4.0
31161,2717203,4.0
7719,2717876,4.0
17584,2724671,4.0
33705,2713803,4.0
2986,2704164,4.0
44329,2722942,4.0
29347,2714795,4.0
1418,2710510,4.0
3917,2728247,4.0
7586,2706686,4.0
2502,2706642,4.0
802,2707455,4.0
164,2695218,4.0
4430,2711357,4.0
8678,2717217,4.0
17186,2711169,4.0
15106,2704735,4.0
8648,2707285,4.0
19335,2693969,4.0
3175,2704944,4.0
28556,2717199,4.0
7503,2706075,4.0
14981,2699901,4.0
834,2726087,4.0
2446,2705907,4.0
17120,2711346,4.0
27756,2732674,4.0
7479,2726784,4.0
185,2706506,4.0
15101,2701138,4.0
13922,2697173,4.0
38671,2723666,4.0
37128,2726592,4.0
15757,2727640,4.0
28558,2713490,4.0
125,2701719,4.0
406,2731336,4.0
23224,2702581,4.0
9597,2703099,4.0
6130,2691385,4.0
670,2706637,4.0
2197,2714266,4.0
18946,2713849,4.0
38780,2714325,4.0
2585,2690981,4.0
11430,2716351,4.0
2569,2734675,4.0
30,2712713,4.0
48336,2730274,4.0
34051,2711466,4.0
33112,2721370,4.0
7814,2722795,4.0
2197,2720112,4.0
30,2710772,4.0
17680,2711228,4.0
8074,2713954,4.0
19017,2715191,4.0
6012,2731246,4.0
7897,2727537,4.0
21980,2721634,4.0
22897,2725442,4.0
25182,2720848,4.0
91,2692429,4.0
35400,2724095,4.0
6447,2691718,4.0
28670,2710595,4.0
20465,2710717,4.0
2044,2703706,4.0
7906,2713233,4.0
11456,2702100,4.0
1158,2717155,4.0
1715,2712017,4.0
48455,2718161,4.0
30,2722241,4.0
5832,2704892,4.0
18966,2716060,4.0
25052,2703150,4.0
31331,2710569,4.0
2197,2703213,4.0
696,2713420,4.0
1158,2713087,4.0
30,2711755,4.0
10664,2697950,4.0
43084,2724157,4.0
21382,2706488,4.0
12324,2706343,4.0
24853,2715120,4.0
3973,2693374,4.0
2991,2721888,4.0
6260,2730940,4.0
1552,2705434,4.0
696,2713503,4.0
39503,2723147,4.0
5326,2703179,4.0
2257,2723846,4.0
5497,2710401,4.0
987,2708502,4.0
22232,2705506,4.0
20213,2706093,4.0
11777,2705891,4.0
45814,2712780,4.0
5650,2699768,4.0
6754,2692235,4.0
24322,2698317,4.0
5256,2715358,4.0
10784,2710595,4.0
6789,2712811,4.0
19506,2705359,4.0
5292,2714094,4.0
1561,2681692,4.0
18966,2719649,4.0
15031,2713901,4.0
22635,2715865,4.0
19494,2720436,4.0
24006,2701537,4.0
2778,2714089,4.0
2197,2724114,4.0
17186,2697931,4.0
2847,2715834,4.0
13533,2707398,4.0
290,2698078,4.0
25473,2716958,4.0
17787,2692557,4.0
5970,2693753,4.0
6818,2698138,4.0
21453,2713603,4.0
19017,2715851,4.0
696,2709500,4.0
28828,2725237,4.0
8731,2726128,4.0
20595,2715173,4.0
186,2704643,4.0
6958,2706376,4.0
8337,2711357,4.0
7209,2720044,4.0
13518,2724361,4.0
12447,2702732,4.0
7080,2713560,4.0
41037,2721972,4.0
43509,2727624,4.0
834,2713471,4.0
9089,2719395,4.0
32590,2716778,4.0
29046,2722422,4.0
1893,2701748,4.0
1295,2692524,4.0
35400,2724017,4.0
19552,2712317,4.0
8074,2717551,4.0
1418,2724721,4.0
7479,2720254,4.0
12862,2701083,4.0
10341,2720981,4.0
17848,2724346,4.0
24468,2723822,4.0
45314,2729710,4.0
15924,2710796,4.0
406,2713347,4.0
34987,2714912,4.0
10107,2712981,4.0
889,2711755,4.0
2257,2722497,4.0
25773,2711733,4.0
30178,2706547,4.0
2446,2703566,4.0
28805,2720076,4.0
27484,2703184,4.0
12514,2709457,4.0
8534,2717476,4.0
22296,2702154,4.0
1418,2677913,4.0
696,2707255,4.0
32356,2725277,4.0
25516,2711026,4.0
935,2716041,4.0
8106,2708466,4.0
20062,2711894,4.0
696,2737327,4.0
18966,2720180,4.0
23130,2707315,4.0
6398,2706844,4.0
42938,2723061,4.0
11387,2709380,4.0
17295,2710601,4.0
30092,2720895,4.0
3107,2706993,4.0
1295,2695891,4.0
12191,2709501,4.0
24882,2717887,4.0
11002,2710454,4.0
62,2724820,4.0
21,2704833,4.0
38671,2697983,4.0
35314,2730997,4.0
7908,2707101,4.0
696,2720129,4.0
16009,2710686,4.0
11387,2710387,4.0
28129,2719743,4.0
1295,2724044,4.0
18677,2714728,4.0
30,2714434,4.0
31328,2716865,4.0
834,2712917,4.0
11590,2697469,4.0
31328,2705660,4.0
17842,2685886,4.0
15839,2724688,4.0
19279,2698835,4.0
7830,2724672,4.0
31328,2709863,4.0
3724,2729328,4.0
10314,2695652,4.0
4468,2696866,4.0
7503,2706130,4.0
43353,2720127,4.0
42870,2732903,4.0
26702,2709485,4.0
19256,2705372,4.0
5650,2714634,4.0
16888,2701507,4.0
15590,2713654,4.0
19749,2713046,4.0
7910,2726760,4.0
39273,2723178,4.0
13977,2711809,4.0
36028,2720994,4.0
9945,2689343,4.0
25516,2711666,4.0
38354,2697985,4.0
22059,2712383,4.0
7807,2705486,4.0
1418,2705210,4.0
7479,2732339,4.0
945,2721000,4.0
25954,2703394,4.0
696,2721340,4.0
38068,2724695,4.0
2778,2691757,4.0
1255,2726184,4.0
41893,2718733,4.0
3375,2715780,4.0
1399,2710874,4.0
1497,2693711,4.0
2991,2699621,4.0
29396,2717312,4.0
20994,2691199,4.0
2623,2722321,4.0
1861,2698330,4.0
15576,2707788,4.0
36225,2730619,4.0
6313,2683873,4.0
17905,2703123,4.0
22664,2691415,4.0
7719,2732506,4.0
6773,2712318,4.0
9205,2731358,4.0
2197,2720731,4.0
28638,2734361,4.0
6640,2706661,4.0
20446,2714285,4.0
30,2702565,4.0
25516,2717703,4.0
2563,2696391,4.0
26932,2709116,4.0
26470,2711459,4.0
39143,2722438,4.0
8086,2707101,4.0
1423,2708934,4.0
11889,2735868,4.0
18880,2719460,4.0
31860,2718379,4.0
24930,2710353,4.0
2878,2705175,4.0
7209,2726173,4.0
27163,2719838,4.0
2495,2704980,4.0
13919,2720033,4.0
9232,2707251,4.0
45461,2724146,4.0
13644,2712155,4.0
9317,2722735,4.0
8074,2717793,4.0
1418,2716031,4.0
25516,2716362,4.0
18651,2711727,4.0
23586,2713335,4.0
24930,2732458,4.0
11002,2712115,4.0
11741,2697926,4.0
1255,2724688,4.0
26803,2699808,4.0
37970,2711371,4.0
27163,2719590,4.0
19699,2725163,4.0
11584,2727385,4.0
2116,2704119,4.0
19668,2703025,4.0
44853,2727231,4.0
8995,2708496,4.0
6788,2707027,4.0
13464,2699909,4.0
7979,2706818,4.0
11027,2704922,4.0
27756,2717768,4.0
20002,2731718,4.0
7830,2716329,4.0
17118,2727980,4.0
15397,2696898,4.0
62,2715018,4.0
18887,2710599,4.0
39953,2724815,4.0
7974,2719107,4.0
3375,2718635,4.0
8383,2697987,4.0
29430,2710688,4.0
12642,2727996,4.0
1383,2732946,4.0
7349,2690814,4.0
28556,2716505,4.0
11955,2704711,4.0
5551,2718609,4.0
11002,2698481,4.0
35253,2710612,4.0
11002,2710493,4.0
834,2707308,4.0
6988,2719936,4.0
8086,2689978,4.0
16238,2728658,4.0
37081,2709424,4.0
14770,2701987,4.0
3871,2707199,4.0
11145,2705047,4.0
8125,2706449,4.0
498,2700518,4.0
696,2713335,4.0
696,2718116,4.0
5119,2696947,4.0
5729,2698827,4.0
8002,2699438,4.0
12498,2689518,4.0
36913,2726230,4.0
8534,2711901,4.0
5959,2690323,4.0
33646,2711102,4.0
25251,2707449,4.0
26801,2715358,4.0
43519,2718246,4.0
30403,2717641,4.0
16676,2707241,4.0
45336,2724737,4.0
16238,2722278,4.0
48826,2717526,4.0
3917,2704792,4.0
22799,2702778,4.0
22429,2710371,4.0
29347,2708481,4.0
1418,2702112,4.0
696,2713423,4.0
5759,2706472,4.0
22942,2727227,4.0
3696,2707613,4.0
12324,2711498,4.0
6260,2726056,4.0
32488,2711608,4.0
4964,2720024,4.0
34622,2726236,4.0
33705,2726247,4.0
3375,2719373,4.0
33705,2722417,4.0
24006,2697923,4.0
4769,2724831,4.0
27226,2695374,4.0
6373,2720184,4.0
22559,2708118,4.0
24314,2716905,4.0
28129,2711582,4.0
3205,2703884,4.0
18572,2716411,4.0
19668,2707311,4.0
6260,2728009,4.0
6083,2698165,4.0
40756,2711268,4.0
5241,2723846,4.0
12208,2711513,4.0
7568,2706686,4.0
28,2695619,4.0
31720,2723028,4.0
6840,2724048,4.0
3455,2705763,4.0
25473,2715155,4.0
6257,2696813,4.0
5637,2715846,4.0
2156,2718125,4.0
7809,2705187,4.0
15568,2732407,4.0
127,2707071,4.0
18067,2685990,4.0
3187,2686881,4.0
6257,2704810,4.0
30083,2706558,4.0
3923,2708139,4.0
4769,2714764,4.0
14378,2705126,4.0
26801,2716892,4.0
945,2712893,4.0
31758,2717763,4.0
40050,2716104,4.0
7026,2710353,4.0
8531,2705807,4.0
779,2696079,4.0
37956,2723636,4.0
889,2707221,4.0
13813,2703679,4.0
26140,2711069,4.0
6261,2695605,4.0
1562,2717468,4.0
30,2731406,4.0
11002,2722697,4.0
6260,2727998,4.0
25366,2711955,4.0
696,2716526,4.0
7830,2716354,4.0
25194,2719114,4.0
35155,2719491,4.0
6730,2725764,4.0
18966,2709832,4.0
28129,2706723,4.0
17186,2709726,4.0
12460,2693849,4.0
5759,2693335,4.0
4695,2728769,4.0
32955,2717400,4.0
9338,2694694,4.0
30,2727710,4.0
15590,2720029,4.0
4137,2707175,4.0
309,2698673,4.0
1418,2708337,4.0
9100,2705895,4.0
3003,2721006,4.0
696,2704244,4.0
2502,2710664,4.0
14375,2729921,4.0
2257,2700285,4.0
20731,2708495,4.0
22549,2719074,4.0
11002,2721645,4.0
45170,2732484,4.0
39093,2720764,4.0
13404,2720974,4.0
19409,2709427,4.0
39503,2728501,4.0
40050,2725704,4.0
3923,2722282,4.0
23042,2724924,4.0
30,2718405,4.0
14375,2687893,4.0
8217,2715812,4.0
40050,2719185,4.0
19005,2690751,4.0
14931,2732808,4.0
27184,2717420,4.0
24647,2710616,4.0
11002,2706776,4.0
8063,2711974,4.0
11866,2698315,4.0
21421,2703349,4.0
21517,2705308,4.0
20175,2712492,4.0
10858,2718323,4.0
15931,2710150,4.0
2197,2715026,4.0
834,2732112,4.0
38199,2724695,4.0
696,2713495,4.0
30,2718308,4.0
5170,2701599,4.0
18833,2695383,4.0
14463,2704232,4.0
8002,2703868,4.0
48434,2723583,4.0
46184,2716869,4.0
20013,2724823,4.0
15839,2700905,4.0
9495,2718159,4.0
11741,2711257,4.0
17049,2710856,4.0
1893,2699604,4.0
33622,2706775,4.0
2354,2710001,4.0
14107,2712878,4.0
19038,2731741,4.0
37036,2719844,4.0
21332,2727837,4.0
744,2724835,4.0
7645,2698353,4.0
1418,2710711,4.0
8012,2702047,4.0
7974,2718746,4.0
38923,2715237,4.0
16882,2712057,4.0
25664,2713698,4.0
29046,2716376,4.0
13067,2708930,4.0
15861,2712517,4.0
41693,2722102,4.0
62,2715385,4.0
14303,2704404,4.0
7080,2700922,4.0
26888,2715539,4.0
4646,2697428,4.0
11584,2708398,4.0
23130,2716521,4.0
44530,2730921,4.0
13043,2729623,4.0
18262,2697409,4.0
12742,2707260,4.0
3917,2719634,4.0
21275,2721265,4.0
20797,2715163,4.0
22871,2721123,4.0
18966,2720489,4.0
5628,2707140,4.0
834,2732487,4.0
696,2689879,4.0
834,2708918,4.0
47661,2730585,4.0
43084,2724035,4.0
62,2706549,4.0
38923,2725904,4.0
7974,2717727,4.0
42191,2721344,4.0
33787,2708676,4.0
7054,2706886,4.0
8337,2693482,4.0
21382,2714807,4.0
22143,2711193,4.0
9059,2697298,4.0
834,2712104,4.0
7665,2707326,4.0
45409,2722392,4.0
15729,2713010,4.0
8217,2705410,4.0
46530,2725937,4.0
2368,2705136,4.0
38966,2726368,4.0
7280,2692925,4.0
3455,2717395,4.0
3917,2704808,4.0
10784,2710673,4.0
21,2701797,4.0
47685,2719505,4.0
2594,2687539,4.0
1228,2722808,4.0
7934,2723010,4.0
3625,2704878,4.0
28828,2715537,4.0
14954,2716737,4.0
38359,2695374,4.0
9675,2697681,4.0
6373,2710027,4.0
2624,2690735,4.0
34260,2715536,4.0
30,2718725,4.0
18003,2701310,4.0
2197,2717417,4.0
22668,2709502,4.0
5400,2704002,4.0
41693,2713668,4.0
43064,2727323,4.0
23431,2717267,4.0
27484,2712456,4.0
49190,2718742,4.0
2341,2686049,4.0
11803,2719152,4.0
33258,2711095,4.0
7503,2707101,4.0
2882,2709788,4.0
29046,2721298,4.0
13404,2706347,4.0
26888,2719284,4.0
6597,2697212,4.0
8911,2709680,4.0
3455,2704665,4.0
3455,2715849,4.0
6614,2701488,4.0
21979,2730585,4.0
4769,2734872,4.0
9205,2730413,4.0
10430,2703251,4.0
26340,2707753,4.0
19481,2705794,4.0
498,2699528,4.0
3730,2705048,4.0
7568,2715090,4.0
19279,2722459,4.0
2368,2701093,4.0
9767,2718751,4.0
45409,2724903,4.0
3594,2693269,4.0
2585,2713635,4.0
23533,2715863,4.0
24293,2713612,4.0
34987,2713609,4.0
2197,2731087,4.0
21517,2711094,4.0
31085,2704837,4.0
38792,2725900,4.0
39503,2719702,4.0
34596,2723925,4.0
22269,2715898,4.0
9205,2723043,4.0
34834,2724104,4.0
16104,2728316,4.0
17923,2720923,4.0
46795,2730328,4.0
16417,2721187,4.0
41319,2719829,4.0
3874,2708758,4.0
21332,2727729,4.0
16104,2711384,4.0
22967,2701309,4.0
19749,2706800,4.0
15599,2731291,4.0
1706,2729890,4.0
8758,2678949,4.0
24274,2712047,4.0
43439,2727018,4.0
151,2729589,4.0
11113,2710394,4.0
16104,2724512,4.0
4560,2695824,4.0
2197,2700179,4.0
29654,2707856,4.0
11127,2715812,4.0
47685,2720608,4.0
5241,2701553,4.0
3107,2696392,4.0
15590,2714911,4.0
31690,2723484,4.0
4769,2690809,4.0
16904,2725836,4.0
8074,2705029,4.0
38576,2723463,4.0
22235,2698747,4.0
7830,2719849,4.0
11002,2705225,4.0
22467,2710752,4.0
27490,2719140,4.0
2988,2692942,4.0
24295,2715164,4.0
25552,2716828,4.0
16343,2723718,4.0
7830,2713098,4.0
1991,2714662,4.0
17411,2712389,4.0
22230,2724979,4.0
15495,2711739,4.0
18171,2715855,4.0
19494,2728075,4.0
8617,2699943,4.0
6471,2722941,4.0
12324,2731765,4.0
2197,2728118,4.0
1255,2724697,4.0
7830,2726163,4.0
20509,2722432,4.0
1256,2688830,4.0
1295,2715426,4.0
11051,2702089,4.0
4097,2720708,4.0
834,2725762,4.0
17863,2714967,4.0
834,2725460,4.0
12324,2708627,4.0
39503,2717989,4.0
30165,2726712,4.0
12208,2714528,4.0
10137,2699884,4.0
7568,2721515,4.0
1418,2726274,4.0
3696,2725489,4.0
1835,2704837,4.0
18571,2732371,4.0
31157,2717247,4.0
21457,2706054,4.0
3295,2705191,4.0
12055,2711323,4.0
23420,2704832,4.0
25378,2707041,4.0
18257,2702717,4.0
10185,2705670,4.0
8716,2727228,4.0
5526,2728041,4.0
2502,2696810,4.0
40756,2725619,4.0
11127,2720000,4.0
8534,2713496,4.0
45339,2713590,4.0
17272,2704638,4.0
24640,2703203,4.0
25473,2716525,4.0
8383,2705023,4.0
6619,2711340,4.0
22269,2723093,4.0
45409,2721469,4.0
31111,2717047,4.0
25080,2713334,4.0
3917,2708284,4.0
22668,2701842,4.0
12280,2720747,4.0
41693,2713069,4.0
11479,2719255,4.0
46633,2732394,4.0
16243,2713157,4.0
19632,2729274,4.0
17922,2698570,4.0
7161,2704548,4.0
43825,2723368,4.0
48133,2733767,4.0
8074,2723648,4.0
1660,2717203,4.0
1879,2723594,4.0
10921,2710534,4.0
33032,2723237,4.0
46376,2732715,4.0
39158,2725151,4.0
22830,2712207,4.0
26134,2717571,4.0
43548,2718835,4.0
38780,2712152,4.0
12447,2695446,4.0
11002,2711191,4.0
10911,2688963,4.0
7830,2716348,4.0
39693,2726247,4.0
39503,2723230,4.0
10430,2706398,4.0
26262,2716907,4.0
41791,2714219,4.0
17739,2707438,4.0
22877,2703178,4.0
12827,2712277,4.0
11002,2705494,4.0
13394,2708930,4.0
6597,2698164,4.0
12863,2724420,4.0
8141,2696002,4.0
30,2722573,4.0
32899,2722853,4.0
834,2734412,4.0
29449,2730009,4.0
30,2727276,4.0
24903,2708307,4.0
27163,2711912,4.0
21,2719122,4.0
6640,2720921,4.0
19749,2712478,4.0
11002,2711872,4.0
19552,2732486,4.0
26340,2706718,4.0
696,2702758,4.0
2193,2725089,4.0
7643,2690038,4.0
18050,2702468,4.0
21491,2714871,4.0
180,2710223,4.0
46376,2731968,4.0
10341,2704984,4.0
18839,2715158,4.0
21457,2711359,4.0
834,2728502,4.0
33488,2726792,4.0
11002,2733785,4.0
2658,2716810,4.0
3917,2716703,4.0
11127,2710568,4.0
2489,2708533,4.0
62,2706532,4.0
29280,2714577,4.0
16104,2724216,4.0
39953,2728239,4.0
23376,2715191,4.0
1418,2703854,4.0
49006,2735592,4.0
17714,2694690,4.0
7660,2710127,4.0
11002,2719981,4.0
8106,2708583,4.0
23435,2722681,4.0
6130,2718175,4.0
38199,2714138,4.0
17763,2709816,4.0
24613,2717153,4.0
10489,2712665,4.0
8217,2725737,4.0
29032,2720316,4.0
3463,2703791,4.0
27286,2708363,4.0
3917,2732207,4.0
3175,2687903,4.0
3917,2715173,4.0
21680,2716407,4.0
7405,2704674,4.0
1295,2733133,4.0
7513,2715734,4.0
26509,2715535,4.0
25052,2712931,4.0
15061,2726851,4.0
23862,2722031,4.0
26417,2698231,4.0
10787,2724776,4.0
9385,2705488,4.0
24209,2712365,4.0
25516,2709426,4.0
34574,2719743,4.0
49552,2736954,4.0
6286,2702491,4.0
2792,2703380,4.0
11451,2722714,4.0
21378,2723613,4.0
7830,2708884,4.0
15541,2707242,4.0
11741,2688425,4.0
5241,2724988,4.0
30365,2719600,4.0
10858,2727123,4.0
8383,2713550,4.0
10787,2723095,4.0
30662,2697855,4.0
14292,2706691,4.0
30,2709709,4.0
11127,2719044,4.0
31690,2722664,4.0
28097,2717084,4.0
20551,2707851,4.0
3917,2715370,4.0
4985,2688423,4.0
24295,2717850,4.0
33093,2722992,4.0
5802,2703922,4.0
2991,2730576,4.0
62,2691720,4.0
4698,2721813,4.0
889,2697992,4.0
43084,2714895,4.0
39858,2726168,4.0
1168,2710561,4.0
6373,2702899,4.0
298,2703430,4.0
14375,2695946,4.0
6536,2692440,4.0
46242,2726904,4.0
21681,2704269,4.0
10664,2699710,4.0
26039,2716562,4.0
22668,2713241,4.0
3917,2732240,4.0
15329,2728091,4.0
22212,2715650,4.0
47992,2716719,4.0
35795,2708203,4.0
6373,2714072,4.0
696,2711738,4.0
6447,2698735,4.0
26509,2710621,4.0
45814,2702599,4.0
5759,2700683,4.0
39093,2706664,4.0
38488,2715355,4.0
696,2735428,4.0
36335,2718185,4.0
11113,2710686,4.0
17287,2712012,4.0
9232,2707388,4.0
6447,2695819,4.0
30209,2713740,4.0
3455,2717321,4.0
29280,2718844,4.0
29985,2709510,4.0
696,2699650,4.0
34152,2704321,4.0
3107,2687954,4.0
26657,2715797,4.0
6533,2718279,4.0
35469,2718315,4.0
32344,2713034,4.0
834,2726879,4.0
43257,2725841,4.0
15793,2720504,4.0
10682,2693821,4.0
8609,2724365,4.0
6958,2714005,4.0
4097,2712983,4.0
4847,2726455,4.0
3040,2694754,4.0
21236,2712393,4.0
18396,2721935,4.0
41707,2716833,4.0
17863,2730135,4.0
25562,2711701,4.0
7830,2708502,4.0
10430,2708656,4.0
1255,2717501,4.0
23224,2709768,4.0
7568,2721523,4.0
22757,2735785,4.0
6054,2702379,4.0
23474,2695992,4.0
23823,2723081,4.0
19494,2731069,4.0
1418,2711539,4.0
10341,2699872,4.0
25052,2698656,4.0
7830,2724008,4.0
12191,2702899,4.0
1137,2716810,4.0
2197,2731741,4.0
12055,2711321,4.0
7211,2708541,4.0
696,2716380,4.0
2446,2706824,4.0
15576,2713825,4.0
6330,2691949,4.0
10242,2733941,4.0
6394,2720954,4.0
1418,2714469,4.0
25,2716869,4.0
40207,2726908,4.0
21,2707673,4.0
20135,2719601,4.0
22235,2709499,4.0
20737,2707450,4.0
45516,2719070,4.0
19177,2722955,4.0
22232,2719278,4.0
27578,2712950,4.0
3440,2687832,4.0
8383,2713056,4.0
22467,2712555,4.0
31085,2715503,4.0
2197,2714035,4.0
11345,2692447,4.0
18829,2707449,4.0
15397,2685916,4.0
1519,2695946,4.0
2585,2693918,4.0
696,2709905,4.0
3440,2712216,4.0
5759,2691762,4.0
1430,2714950,4.0
2991,2708147,4.0
13329,2703985,4.0
22668,2715497,4.0
19552,2714856,4.0
7830,2722737,4.0
21421,2704803,4.0
11302,2720713,4.0
7161,2732766,4.0
18966,2712356,4.0
7830,2723077,4.0
21255,2730646,4.0
15590,2715529,4.0
2991,2727532,4.0
10787,2712002,4.0
36466,2714867,4.0
7724,2703452,4.0
16279,2729543,4.0
1399,2717906,4.0
4501,2708049,4.0
17816,2724169,4.0
26509,2719131,4.0
1399,2710883,4.0
1418,2716055,4.0
41693,2727498,4.0
21948,2709217,4.0
43900,2727984,4.0
34622,2725006,4.0
15942,2709424,4.0
28488,2719781,4.0
23862,2730280,4.0
26013,2717621,4.0
18376,2709499,4.0
38973,2710434,4.0
45811,2723416,4.0
3463,2712321,4.0
5650,2706405,4.0
193,2721752,4.0
25439,2710649,4.0
4769,2719524,4.0
41663,2705467,4.0
2197,2712768,4.0
29046,2708556,4.0
15656,2715749,4.0
18376,2717942,4.0
1295,2712059,4.0
4430,2688730,4.0
12862,2710103,4.0
43996,2716189,4.0
38354,2714337,4.0
28558,2716741,4.0
31757,2721439,4.0
7966,2700199,4.0
7310,2727365,4.0
23483,2704509,4.0
3446,2694926,4.0
35454,2711711,4.0
1879,2699757,4.0
9317,2735115,4.0
4964,2702852,4.0
17905,2696357,4.0
3003,2714110,4.0
22830,2713057,4.0
6130,2707043,4.0
7054,2705056,4.0
15793,2721017,4.0
31665,2718076,4.0
62,2725856,4.0
45296,2729651,4.0
17588,2725564,4.0
41296,2713521,4.0
19538,2707308,4.0
25,2719233,4.0
10784,2710593,4.0
7729,2711056,4.0
1399,2720341,4.0
977,2712704,4.0
3440,2694654,4.0
21765,2704223,4.0
193,2718883,4.0
1835,2706495,4.0
8678,2722522,4.0
9597,2698177,4.0
18966,2715582,4.0
13209,2701765,4.0
2585,2696803,4.0
17758,2705219,4.0
34266,2723426,4.0
23130,2716503,4.0
23689,2713547,4.0
32368,2720093,4.0
12579,2706724,4.0
2197,2713649,4.0
1418,2716062,4.0
11387,2707902,4.0
21457,2712895,4.0
15961,2707659,4.0
2495,2696615,4.0
15101,2705485,4.0
9685,2699472,4.0
7830,2711733,4.0
34940,2697980,4.0
696,2733781,4.0
15576,2726028,4.0
16450,2722612,4.0
12280,2721655,4.0
16191,2710470,4.0
8074,2717679,4.0
1809,2693896,4.0
5497,2712818,4.0
21255,2707526,4.0
43353,2717476,4.0
22235,2715756,4.0
7316,2696269,4.0
23437,2702149,4.0
15656,2688324,4.0
5970,2706886,4.0
27490,2720097,4.0
1706,2722569,4.0
40477,2721918,4.0
40613,2722300,4.0
959,2705497,4.0
6563,2721933,4.0
2446,2698831,4.0
7643,2707020,4.0
10472,2702930,4.0
16269,2713233,4.0
7830,2707312,4.0
19749,2714368,4.0
9317,2735134,4.0
16260,2727869,4.0
16567,2701169,4.0
35795,2719026,4.0
45814,2728042,4.0
26095,2702824,4.0
36225,2720543,4.0
2368,2694920,4.0
2585,2710534,4.0
19074,2729011,4.0
25552,2695993,4.0
16226,2704846,4.0
7807,2699903,4.0
10865,2720365,4.0
14277,2711285,4.0
43996,2723814,4.0
2489,2714868,4.0
32488,2720086,4.0
42463,2725367,4.0
9317,2723396,4.0
45336,2731460,4.0
2992,2719926,4.0
25760,2712903,4.0
35796,2724176,4.0
30,2708588,4.0
11758,2722133,4.0
17714,2708384,4.0
3003,2726967,4.0
37081,2723433,4.0
1418,2712674,4.0
3455,2704067,4.0
28702,2721950,4.0
19481,2712535,4.0
21,2699906,4.0
3446,2704778,4.0
27199,2708754,4.0
7430,2734340,4.0
30,2710674,4.0
31539,2711725,4.0
34246,2715246,4.0
18067,2712052,4.0
8534,2713526,4.0
24314,2703897,4.0
31111,2719928,4.0
27012,2714915,4.0
40094,2714914,4.0
40050,2725823,4.0
11889,2723125,4.0
3375,2707179,4.0
2197,2696721,4.0
28556,2719965,4.0
2368,2698704,4.0
12053,2717928,4.0
9151,2697154,4.0
4985,2720027,4.0
15877,2704352,4.0
19279,2699198,4.0
27274,2717362,4.0
29488,2718432,4.0
15590,2714889,4.0
30,2731611,4.0
23074,2707242,4.0
23857,2708534,4.0
12222,2699926,4.0
3917,2711259,4.0
3724,2729916,4.0
2197,2706055,4.0
6313,2705470,4.0
6260,2720813,4.0
23689,2714813,4.0
22871,2731285,4.0
21,2706607,4.0
10880,2706052,4.0
21465,2713488,4.0
3455,2698477,4.0
38438,2724711,4.0
22877,2711197,4.0
37845,2725786,4.0
20797,2720785,4.0
16463,2712040,4.0
29739,2721336,4.0
1869,2704709,4.0
1418,2705077,4.0
15590,2719813,4.0
1295,2715315,4.0
17550,2700359,4.0
6335,2711169,4.0
9856,2710647,4.0
20758,2716516,4.0
834,2715120,4.0
8716,2710356,4.0
15052,2713979,4.0
5572,2705935,4.0
8302,2716308,4.0
5433,2701521,4.0
4540,2706360,4.0
696,2699873,4.0
10865,2707629,4.0
1689,2710554,4.0
3003,2714098,4.0
62,2727091,4.0
23406,2708008,4.0
3552,2695920,4.0
16374,2726876,4.0
16279,2710454,4.0
7280,2698116,4.0
39503,2726933,4.0
30,2711034,4.0
23327,2709746,4.0
39158,2718662,4.0
696,2718446,4.0
36685,2711017,4.0
3127,2717793,4.0
35253,2710674,4.0
62,2711000,4.0
31331,2706553,4.0
22429,2705176,4.0
21275,2732800,4.0
27186,2710009,4.0
8726,2702921,4.0
11127,2727314,4.0
33193,2714649,4.0
5256,2716578,4.0
10784,2721340,4.0
151,2711363,4.0
48249,2733756,4.0
2386,2695014,4.0
2197,2734249,4.0
2197,2693440,4.0
13853,2725088,4.0
16104,2700963,4.0
7807,2722719,4.0
3107,2723726,4.0
1562,2721936,4.0
10263,2696878,4.0
41305,2719354,4.0
7830,2717187,4.0
2197,2713554,4.0
19494,2720223,4.0
18946,2713437,4.0
18966,2725705,4.0
2826,2701648,4.0
12850,2706757,4.0
4698,2710612,4.0
24849,2733009,4.0
1430,2713038,4.0
45409,2724351,4.0
6307,2681684,4.0
7776,2707340,4.0
8383,2708734,4.0
20013,2722432,4.0
45814,2728231,4.0
2197,2718790,4.0
12447,2699481,4.0
29463,2707566,4.0
4769,2700958,4.0
17848,2724352,4.0
14154,2712280,4.0
8002,2703855,4.0
39892,2722697,4.0
48374,2734387,4.0
17411,2710035,4.0
15576,2711489,4.0
39093,2726676,4.0
22668,2703470,4.0
5292,2711748,4.0
47473,2726277,4.0
16567,2690990,4.0
7589,2699005,4.0
23978,2718549,4.0
30,2722164,4.0
21275,2704360,4.0
5360,2704002,4.0
7807,2696853,4.0
8217,2719121,4.0
8550,2711447,4.0
23197,2699859,4.0
5650,2712538,4.0
3040,2711701,4.0
7910,2710645,4.0
10673,2705360,4.0
22897,2705075,4.0
2197,2715242,4.0
10185,2696020,4.0
2489,2713691,4.0
831,2717879,4.0
40754,2726199,4.0
37128,2723284,4.0
15052,2709510,4.0
22886,2716570,4.0
4560,2717276,4.0
22668,2713740,4.0
15143,2705498,4.0
18688,2700089,4.0
34152,2702065,4.0
3463,2717011,4.0
30,2717747,4.0
77,2705963,4.0
7807,2713651,4.0
4985,2694408,4.0
20013,2705184,4.0
31967,2705247,4.0
22269,2713860,4.0
10787,2712237,4.0
12329,2711491,4.0
13957,2713337,4.0
696,2717976,4.0
6402,2707517,4.0
39693,2713646,4.0
7719,2683873,4.0
11955,2697877,4.0
4430,2716733,4.0
10664,2703321,4.0
21,2721308,4.0
40517,2724844,4.0
1150,2687893,4.0
41738,2697973,4.0
7830,2720904,4.0
4233,2690983,4.0
19699,2716104,4.0
15942,2710606,4.0
39503,2728260,4.0
21,2707654,4.0
7241,2720919,4.0
27049,2712073,4.0
4469,2698817,4.0
10165,2707426,4.0
2254,2724140,4.0
6260,2733890,4.0
696,2728590,4.0
48906,2726012,4.0
10027,2706129,4.0
8383,2698745,4.0
22940,2714879,4.0
25516,2718287,4.0
186,2691139,4.0
33725,2721563,4.0
17536,2731124,4.0
46988,2731390,4.0
9205,2725284,4.0
14378,2708779,4.0
2069,2712052,4.0
6789,2718605,4.0
18167,2700840,4.0
21813,2712867,4.0
21,2717763,4.0
15055,2694694,4.0
21,2707683,4.0
4978,2701708,4.0
7106,2719492,4.0
1383,2727363,4.0
30,2724268,4.0
696,2697828,4.0
4703,2718129,4.0
41296,2724533,4.0
11808,2707725,4.0
19256,2713821,4.0
7660,2715849,4.0
1295,2721019,4.0
37128,2732039,4.0
12850,2707092,4.0
3653,2706407,4.0
7897,2712103,4.0
30,2708551,4.0
28738,2716863,4.0
25,2725040,4.0
7910,2727233,4.0
7934,2704759,4.0
25194,2714820,4.0
10087,2713243,4.0
2991,2703831,4.0
26801,2728826,4.0
28940,2718042,4.0
19984,2725514,4.0
5650,2707636,4.0
33718,2722967,4.0
12324,2711549,4.0
9265,2711760,4.0
7830,2707313,4.0
4669,2707230,4.0
10680,2719143,4.0
7272,2710632,4.0
25718,2726885,4.0
498,2706683,4.0
17232,2712494,4.0
25745,2702071,4.0
44329,2729304,4.0
2193,2701439,4.0
24483,2717409,4.0
3167,2706116,4.0
11127,2727328,4.0
3003,2722876,4.0
18966,2720186,4.0
8539,2707002,4.0
11359,2717347,4.0
26515,2703617,4.0
7788,2692163,4.0
9184,2701068,4.0
47837,2728871,4.0
8106,2722354,4.0
6533,2708953,4.0
2778,2706454,4.0
7568,2724964,4.0
31264,2718488,4.0
3455,2706819,4.0
1706,2713753,4.0
7080,2710650,4.0
45339,2723547,4.0
1418,2699848,4.0
11068,2732389,4.0
43353,2732195,4.0
7974,2705566,4.0
7934,2723027,4.0
1252,2702358,4.0
4624,2693928,4.0
45461,2723213,4.0
42265,2725116,4.0
46307,2733159,4.0
4966,2704609,4.0
13313,2706033,4.0
6373,2692233,4.0
11330,2722042,4.0
696,2714624,4.0
34152,2703134,4.0
2156,2696775,4.0
11118,2697534,4.0
12289,2703008,4.0
24647,2706532,4.0
10784,2701299,4.0
19907,2706893,4.0
43353,2725146,4.0
25515,2718003,4.0
16009,2714069,4.0
1614,2701546,4.0
1258,2688341,4.0
15437,2726257,4.0
12850,2723607,4.0
3003,2718967,4.0
5256,2722703,4.0
298,2691147,4.0
1418,2713831,4.0
18396,2727211,4.0
26134,2717601,4.0
2007,2696512,4.0
4769,2727128,4.0
3375,2723458,4.0
2991,2703367,4.0
11002,2705495,4.0
48133,2735094,4.0
1418,2709770,4.0
4480,2694661,4.0
7830,2713081,4.0
12498,2704404,4.0
19425,2698867,4.0
42210,2715512,4.0
6533,2700994,4.0
3191,2706518,4.0
28805,2697973,4.0
16357,2710730,4.0
8376,2709024,4.0
17567,2696282,4.0
18545,2685886,4.0
5160,2712572,4.0
18214,2712289,4.0
29781,2720919,4.0
23435,2715818,4.0
2340,2689577,4.0
15061,2712452,4.0
32544,2719668,4.0
4985,2707256,4.0
8383,2712346,4.0
20924,2712104,4.0
40050,2728810,4.0
7934,2697338,4.0
7316,2693374,4.0
21203,2708656,4.0
9081,2714551,4.0
10769,2706527,4.0
21,2698109,4.0
12197,2696296,4.0
6902,2700790,4.0
27297,2719598,4.0
21203,2714450,4.0
1295,2712058,4.0
9089,2711349,4.0
5360,2702598,4.0
21956,2728473,4.0
21275,2710618,4.0
6117,2699871,4.0
18407,2700076,4.0
49281,2727727,4.0
15877,2705496,4.0
19699,2728845,4.0
30,2723788,4.0
889,2713175,4.0
19510,2715154,4.0
25161,2715515,4.0
18641,2712572,4.0
5405,2702637,4.0
18422,2691976,4.0
37336,2698091,4.0
25052,2707254,4.0
40010,2721162,4.0
18880,2702392,4.0
28637,2698764,4.0
33705,2717748,4.0
19017,2704225,4.0
5125,2704849,4.0
32001,2734223,4.0
696,2718153,4.0
6447,2702913,4.0
1295,2704989,4.0
28619,2720760,4.0
43825,2727227,4.0
45320,2728033,4.0
25552,2714846,4.0
43519,2714382,4.0
15568,2701754,4.0
11027,2697495,4.0
5759,2698038,4.0
17295,2711220,4.0
10784,2709920,4.0
10995,2715248,4.0
2778,2727407,4.0
22232,2710583,4.0
16422,2721301,4.0
14825,2726335,4.0
5650,2711353,4.0
5119,2725077,4.0
21113,2711915,4.0
22830,2714121,4.0
25194,2706485,4.0
6335,2709389,4.0
10264,2719030,4.0
7830,2712305,4.0
26834,2725097,4.0
15590,2720124,4.0
22897,2713663,4.0
6789,2711406,4.0
21332,2728048,4.0
46141,2714721,4.0
4394,2694006,4.0
21729,2715264,4.0
9205,2730049,4.0
13330,2703340,4.0
2446,2704675,4.0
2197,2693459,4.0
25664,2717552,4.0
33355,2721660,4.0
7897,2732706,4.0
10673,2704394,4.0
5210,2714441,4.0
22757,2713951,4.0
11051,2726794,4.0
46820,2722444,4.0
8911,2723497,4.0
2446,2701072,4.0
16104,2712280,4.0
12197,2696289,4.0
46530,2731380,4.0
19409,2708722,4.0
37970,2723475,4.0
35925,2722890,4.0
48656,2735341,4.0
39460,2725080,4.0
10264,2695007,4.0
8534,2712798,4.0
10430,2695729,4.0
5759,2693914,4.0
36471,2721517,4.0
11127,2727230,4.0
11002,2732869,4.0
3917,2732315,4.0
19699,2714972,4.0
9205,2722330,4.0
2069,2695102,4.0
2991,2701674,4.0
11027,2708667,4.0
17245,2710280,4.0
1418,2706976,4.0
17547,2683463,4.0
6659,2707558,4.0
1418,2709740,4.0
12178,2711360,4.0
25473,2716506,4.0
21491,2715485,4.0
7830,2711332,4.0
696,2705839,4.0
17739,2719494,4.0
7830,2720860,4.0
29294,2711453,4.0
30165,2717209,4.0
18704,2711095,4.0
40756,2719634,4.0
10118,2697574,4.0
696,2721813,4.0
7719,2706526,4.0
45409,2730817,4.0
2992,2710570,4.0
40963,2729519,4.0
13919,2723208,4.0
26509,2729818,4.0
7809,2691247,4.0
12208,2706545,4.0
37803,2725548,4.0
2193,2713731,4.0
16191,2711071,4.0
4505,2705485,4.0
25251,2717260,4.0
21457,2715413,4.0
2197,2704277,4.0
10995,2707532,4.0
11273,2705877,4.0
19279,2702586,4.0
36466,2721672,4.0
2193,2725537,4.0
25518,2714151,4.0
39503,2725419,4.0
36478,2724704,4.0
24381,2709980,4.0
15086,2713310,4.0
34260,2719453,4.0
36299,2695394,4.0
30403,2716225,4.0
23,2712132,4.0
40756,2704239,4.0
12197,2699768,4.0
31665,2708940,4.0
9205,2695316,4.0
744,2706488,4.0
23,2704925,4.0
35991,2720127,4.0
1861,2705962,4.0
3917,2725323,4.0
21,2712721,4.0
10341,2727314,4.0
9506,2731890,4.0
43152,2720919,4.0
15587,2721536,4.0
9205,2730932,4.0
9081,2708203,4.0
18875,2711908,4.0
18841,2704459,4.0
1301,2699903,4.0
25251,2707801,4.0
2335,2705042,4.0
9714,2720121,4.0
36685,2724553,4.0
15331,2718669,4.0
18499,2699844,4.0
3440,2712289,4.0
3167,2703734,4.0
127,2699238,4.0
16279,2707324,4.0
8769,2699891,4.0
1256,2693605,4.0
4964,2706037,4.0
6622,2717553,4.0
17567,2725330,4.0
22348,2697953,4.0
9255,2695924,4.0
39838,2729576,4.0
13105,2699925,4.0
5650,2701314,4.0
1418,2718086,4.0
36787,2724691,4.0
8396,2718707,4.0
22668,2714233,4.0
16463,2727799,4.0
7814,2706545,4.0
35189,2719126,4.0
18966,2719448,4.0
6579,2695497,4.0
24295,2716551,4.0
23712,2707356,4.0
2197,2717485,4.0
7897,2720912,4.0
24849,2726520,4.0
17848,2716645,4.0
20994,2716862,4.0
14840,2681676,4.0
39503,2723150,4.0
834,2718672,4.0
4480,2713034,4.0
39503,2728408,4.0
3917,2698610,4.0
41791,2714829,4.0
22232,2715522,4.0
11127,2707059,4.0
1660,2718579,4.0
18966,2729786,4.0
4052,2704635,4.0
39093,2711711,4.0
18966,2725545,4.0
47063,2730427,4.0
2878,2702554,4.0
16856,2717553,4.0
1823,2703928,4.0
23586,2709709,4.0
23978,2704703,4.0
10787,2713558,4.0
49628,2730873,4.0
24849,2735912,4.0
1295,2697426,4.0
18966,2720532,4.0
31371,2717444,4.0
46988,2724197,4.0
3424,2716538,4.0
21457,2725043,4.0
7830,2727167,4.0
19017,2708220,4.0
22757,2708541,4.0
10911,2679477,4.0
7568,2722895,4.0
22232,2715812,4.0
7830,2726161,4.0
8678,2723486,4.0
39892,2726242,4.0
32967,2714251,4.0
12805,2704972,4.0
8648,2702760,4.0
6689,2715208,4.0
2799,2706701,4.0
6307,2693860,4.0
1561,2681545,4.0
7788,2706710,4.0
38015,2734838,4.0
34260,2697282,4.0
4315,2688492,4.0
6373,2720151,4.0
15397,2703888,4.0
21518,2711102,4.0
3997,2698331,4.0
19279,2697363,4.0
5326,2714753,4.0
1980,2710633,4.0
5075,2699740,4.0
12324,2730188,4.0
25052,2713747,4.0
180,2701088,4.0
4961,2696949,4.0
2563,2685501,4.0
23823,2731244,4.0
2623,2694242,4.0
6083,2704651,4.0
4971,2706075,4.0
285,2692301,4.0
27677,2714999,4.0
7290,2710612,4.0
40050,2719407,4.0
26134,2718786,4.0
29328,2718163,4.0
41530,2724597,4.0
25194,2707020,4.0
1893,2703104,4.0
15116,2715791,4.0
22757,2721603,4.0
31513,2711413,4.0
30083,2706441,4.0
47773,2731200,4.0
16104,2712287,4.0
19656,2703314,4.0
21,2695102,4.0
38068,2725089,4.0
22601,2714914,4.0
22269,2714300,4.0
24647,2710581,4.0
5497,2713960,4.0
45814,2718301,4.0
19079,2712917,4.0
30,2710922,4.0
22230,2730301,4.0
41791,2722751,4.0
29280,2716380,4.0
1967,2698769,4.0
38664,2714029,4.0
49262,2732185,4.0
19668,2704921,4.0
11002,2711305,4.0
5360,2699696,4.0
1295,2699128,4.0
30260,2708499,4.0
46075,2722283,4.0
3175,2681548,4.0
10333,2714252,4.0
12805,2695965,4.0
3917,2707321,4.0
915,2705471,4.0
39533,2709647,4.0
2197,2729499,4.0
7211,2702002,4.0
2362,2686075,4.0
16632,2706168,4.0
2556,2714184,4.0
40050,2729622,4.0
23130,2707018,4.0
3917,2712306,4.0
8534,2713423,4.0
40474,2723877,4.0
62,2709424,4.0
13518,2725716,4.0
38482,2716911,4.0
17739,2719503,4.0
11127,2703031,4.0
10995,2709664,4.0
23,2718644,4.0
11741,2711931,4.0
1418,2706341,4.0
12498,2705494,4.0
24882,2731767,4.0
8534,2711900,4.0
7478,2702027,4.0
4596,2688444,4.0
9205,2729871,4.0
14107,2717215,4.0
40297,2713670,4.0
13817,2707390,4.0
508,2715294,4.0
24640,2713338,4.0
21680,2714929,4.0
1295,2695361,4.0
8074,2704072,4.0
10784,2717967,4.0
28846,2707255,4.0
9702,2723129,4.0
11027,2710711,4.0
3917,2712308,4.0
18902,2711532,4.0
7316,2695471,4.0
21113,2728112,4.0
48856,2731243,4.0
25773,2715282,4.0
35925,2724314,4.0
10165,2704023,4.0
27756,2733937,4.0
2166,2707039,4.0
21629,2715181,4.0
1150,2724941,4.0
29488,2716633,4.0
285,2695592,4.0
6328,2701727,4.0
18966,2712350,4.0
9081,2708971,4.0
32567,2705768,4.0
7807,2732948,4.0
834,2721514,4.0
37870,2712417,4.0
696,2713334,4.0
7316,2706895,4.0
7724,2723729,4.0
23376,2696915,4.0
6789,2720119,4.0
33705,2725517,4.0
20028,2699232,4.0
28988,2715856,4.0
25718,2708750,4.0
23813,2714250,4.0
34152,2702052,4.0
7910,2716735,4.0
17739,2715139,4.0
4769,2707840,4.0
22898,2714193,4.0
4910,2688226,4.0
16104,2719071,4.0
43353,2720014,4.0
33705,2719124,4.0
48195,2723348,4.0
18651,2709261,4.0
6789,2724663,4.0
16882,2715752,4.0
22757,2705057,4.0
11002,2710425,4.0
12572,2695853,4.0
498,2716882,4.0
21382,2720763,4.0
31111,2716843,4.0
30599,2714971,4.0
6840,2726737,4.0
2489,2712751,4.0
45737,2730723,4.0
2825,2710828,4.0
16450,2716966,4.0
17734,2710034,4.0
12645,2718374,4.0
8995,2707671,4.0
6250,2710637,4.0
15590,2714882,4.0
4847,2722917,4.0
38400,2718200,4.0
7934,2708287,4.0
32356,2705463,4.0
12827,2712276,4.0
19074,2728335,4.0
26657,2719341,4.0
28784,2717977,4.0
21,2720090,4.0
13853,2714330,4.0
17758,2701663,4.0
17247,2726996,4.0
24508,2716696,4.0
1660,2718608,4.0
17547,2683359,4.0
9070,2706289,4.0
7932,2732862,4.0
744,2706502,4.0
6687,2723129,4.0
1423,2695946,4.0
5650,2719963,4.0
2197,2710977,4.0
5426,2729797,4.0
30,2703958,4.0
7241,2720934,4.0
15792,2717551,4.0
15599,2723203,4.0
27661,2718379,4.0
21535,2701229,4.0
2446,2698739,4.0
7011,2728934,4.0
10995,2700925,4.0
7478,2704884,4.0
1295,2725839,4.0
36770,2716812,4.0
7830,2720747,4.0
31665,2711374,4.0
696,2709536,4.0
5637,2716810,4.0
8396,2719105,4.0
3696,2711923,4.0
10024,2706224,4.0
8086,2704329,4.0
31040,2711943,4.0
38392,2720117,4.0
25480,2714281,4.0
1379,2717453,4.0
34051,2711898,4.0
2069,2713335,4.0
17846,2716329,4.0
37128,2724681,4.0
5809,2718925,4.0
47661,2730467,4.0
7310,2714260,4.0
7897,2704792,4.0
39503,2726697,4.0
9157,2687203,4.0
22757,2713691,4.0
9317,2733923,4.0
6789,2725107,4.0
1430,2713054,4.0
834,2732124,4.0
1335,2694663,4.0
2197,2736135,4.0
7897,2723712,4.0
7830,2721639,4.0
62,2730817,4.0
26791,2708425,4.0
19458,2713650,4.0
802,2698449,4.0
10430,2704133,4.0
10784,2696947,4.0
12740,2721052,4.0
1522,2703319,4.0
4480,2713003,4.0
25194,2708408,4.0
12791,2704772,4.0
19855,2714843,4.0
22854,2707013,4.0
2257,2716458,4.0
1706,2713929,4.0
28637,2696019,4.0
6447,2698627,4.0
38923,2723871,4.0
22757,2734805,4.0
29109,2725512,4.0
1418,2720163,4.0
11127,2712898,4.0
1430,2715793,4.0
13919,2723160,4.0
8539,2679491,4.0
13873,2732945,4.0
11002,2719195,4.0
12702,2707092,4.0
18966,2716815,4.0
3625,2697423,4.0
7923,2695419,4.0
3917,2711711,4.0
39838,2723006,4.0
25161,2723375,4.0
17006,2710948,4.0
12447,2712839,4.0
47999,2720011,4.0
21741,2702209,4.0
9303,2703799,4.0
15655,2714759,4.0
33112,2710796,4.0
28451,2724169,4.0
7910,2717472,4.0
11741,2705429,4.0
7026,2706351,4.0
26195,2704989,4.0
3254,2718418,4.0
8383,2687913,4.0
8074,2711447,4.0
9081,2705147,4.0
14594,2710376,4.0
298,2691171,4.0
62,2713841,4.0
1,2686872,4.0
6471,2735254,4.0
7719,2712950,4.0
7830,2724676,4.0
9685,2703867,4.0
8074,2701298,4.0
30,2713165,4.0
43555,2728626,4.0
23074,2698264,4.0
23066,2709515,4.0
28129,2711665,4.0
6912,2705454,4.0
7830,2730093,4.0
15541,2701310,4.0
15926,2704368,4.0
11345,2695918,4.0
21382,2717034,4.0
1728,2715535,4.0
16104,2708158,4.0
7568,2694793,4.0
7316,2705371,4.0
1285,2721950,4.0
1158,2707481,4.0
7807,2707098,4.0
12675,2706171,4.0
498,2703109,4.0
37081,2723284,4.0
10098,2703132,4.0
21948,2704346,4.0
12739,2702086,4.0
11002,2707757,4.0
1508,2713804,4.0
742,2698154,4.0
16573,2728766,4.0
7934,2711401,4.0
39533,2713613,4.0
11803,2726534,4.0
21322,2709910,4.0
2991,2729430,4.0
11100,2707212,4.0
46447,2733218,4.0
62,2710297,4.0
696,2716535,4.0
20002,2731027,4.0
2489,2734452,4.0
35395,2717484,4.0
5292,2717338,4.0
10673,2707432,4.0
4430,2726204,4.0
11323,2722296,4.0
38780,2717255,4.0
23,2726233,4.0
2007,2716773,4.0
8637,2725290,4.0
12226,2704666,4.0
37128,2723556,4.0
31157,2716426,4.0
696,2711765,4.0
27356,2719146,4.0
19066,2713654,4.0
48975,2718895,4.0
17550,2716187,4.0
19699,2715740,4.0
43353,2727327,4.0
7719,2735086,4.0
2885,2707848,4.0
17120,2726767,4.0
3917,2706664,4.0
36466,2713530,4.0
12498,2711993,4.0
10107,2712752,4.0
26696,2718642,4.0
6728,2705087,4.0
22212,2727752,4.0
39503,2726702,4.0
1399,2709333,4.0
26769,2716751,4.0
13659,2710150,4.0
9265,2705458,4.0
30,2720564,4.0
15599,2720036,4.0
2340,2700030,4.0
7241,2734418,4.0
17755,2712280,4.0
29430,2718135,4.0
31720,2721480,4.0
5170,2701521,4.0
11889,2734895,4.0
12208,2704422,4.0
21128,2706124,4.0
6083,2698502,4.0
164,2696288,4.0
29400,2715447,4.0
22933,2706117,4.0
15899,2726274,4.0
19074,2709997,4.0
1418,2722729,4.0
5650,2695848,4.0
24295,2712608,4.0
3647,2716692,4.0
17247,2699152,4.0
3917,2707350,4.0
18776,2715551,4.0
45409,2722558,4.0
24322,2705784,4.0
1430,2712373,4.0
26509,2724676,4.0
11479,2705005,4.0
12324,2727418,4.0
19699,2715787,4.0
4315,2717386,4.0
21,2707685,4.0
30,2722855,4.0
8383,2730137,4.0
6307,2687826,4.0
17006,2706975,4.0
29865,2715927,4.0
3375,2719074,4.0
41530,2725115,4.0
46252,2728650,4.0
22467,2720113,4.0
30662,2704830,4.0
20692,2723941,4.0
22830,2712662,4.0
8396,2703968,4.0
24837,2717438,4.0
2193,2708405,4.0
1408,2718391,4.0
7530,2721674,4.0
15931,2715849,4.0
12044,2731291,4.0
10264,2716333,4.0
30,2713165,4.0
4560,2707399,4.0
5543,2716099,4.0
33977,2722895,4.0
33705,2715736,4.0
22307,2712832,4.0
745,2706553,4.0
11027,2704696,4.0
7719,2679471,4.0
27111,2712494,4.0
17669,2728595,4.0
2991,2703978,4.0
7814,2713932,4.0
11002,2706927,4.0
11414,2709295,4.0
62,2706547,4.0
18966,2717664,4.0
12764,2691193,4.0
32393,2721628,4.0
8678,2716655,4.0
5070,2724609,4.0
15331,2718674,4.0
22270,2716331,4.0
13105,2692923,4.0
39279,2711699,4.0
40878,2724492,4.0
7026,2706635,4.0
17120,2723640,4.0
756,2705143,4.0
27521,2719282,4.0
22617,2714784,4.0
17143,2713742,4.0
4469,2696303,4.0
10995,2704321,4.0
6754,2700696,4.0
10118,2694793,4.0
13957,2713277,4.0
7830,2708902,4.0
1418,2729020,4.0
39858,2717536,4.0
34260,2714866,4.0
1418,2709464,4.0
9089,2716414,4.0
28725,2713180,4.0
41190,2730210,4.0
23823,2733034,4.0
4698,2701246,4.0
25069,2717312,4.0
10183,2721898,4.0
17763,2709108,4.0
45814,2716307,4.0
38923,2712980,4.0
4297,2718132,4.0
45705,2686871,4.0
23604,2716439,4.0
23169,2717490,4.0
36913,2725703,4.0
2474,2701780,4.0
8648,2707365,4.0
23130,2716519,4.0
13977,2712954,4.0
37750,2717542,4.0
3917,2695836,4.0
21517,2697948,4.0
834,2718125,4.0
41233,2726856,4.0
8074,2713697,4.0
2585,2688874,4.0
17905,2719236,4.0
23,2706183,4.0
28764,2707030,4.0
7241,2723172,4.0
12850,2700326,4.0
5256,2711350,4.0
5209,2713885,4.0
45409,2730984,4.0
25,2701033,4.0
27356,2713962,4.0
19003,2726566,4.0
25937,2716901,4.0
18688,2716812,4.0
2166,2729006,4.0
1418,2717484,4.0
8075,2687785,4.0
38671,2719236,4.0
9495,2705797,4.0
10587,2696108,4.0
17869,2707577,4.0
11456,2696819,4.0
12498,2705463,4.0
21568,2713497,4.0
43439,2728085,4.0
16269,2710150,4.0
2257,2728107,4.0
23490,2698215,4.0
19256,2711990,4.0
5650,2708956,4.0
3730,2694044,4.0
45814,2727034,4.0
10314,2724245,4.0
11741,2714228,4.0
1418,2715041,4.0
4501,2687090,4.0
23042,2715640,4.0
41693,2727654,4.0
11127,2723100,4.0
15437,2730399,4.0
3003,2707570,4.0
35060,2721495,4.0
25937,2710748,4.0
7310,2716902,4.0
19494,2717542,4.0
34260,2717521,4.0
309,2733384,4.0
1418,2720144,4.0
2828,2714137,4.0
49181,2728670,4.0
1660,2727088,4.0
22757,2707242,4.0
10680,2711359,4.0
15143,2712789,4.0
8678,2722543,4.0
8447,2736694,4.0
36382,2731736,4.0
30662,2711993,4.0
32117,2719435,4.0
17846,2711905,4.0
30,2725321,4.0
19279,2720220,4.0
5125,2687904,4.0
1197,2724044,4.0
38322,2717150,4.0
32842,2710534,4.0
13848,2711899,4.0
21608,2722812,4.0
406,2715098,4.0
3917,2715664,4.0
1994,2719596,4.0
27012,2710549,4.0
7830,2730085,4.0
4480,2697911,4.0
32895,2710517,4.0
5209,2726904,4.0
15495,2711755,4.0
23042,2725293,4.0
45409,2723137,4.0
40878,2728505,4.0
16424,2728828,4.0
40050,2719255,4.0
29316,2715740,4.0
7830,2715650,4.0
23770,2731197,4.0
33159,2717389,4.0
23224,2700827,4.0
25,2722757,4.0
11127,2726751,4.0
43548,2715138,4.0
20737,2719308,4.0
33159,2712812,4.0
10489,2707532,4.0
834,2729360,4.0
45409,2724877,4.0
13644,2695444,4.0
17247,2714557,4.0
29046,2710582,4.0
45339,2724093,4.0
29739,2714941,4.0
17245,2722602,4.0
42332,2729234,4.0
18966,2712377,4.0
6130,2718969,4.0
834,2706097,4.0
42893,2706516,4.0
9184,2713034,4.0
47685,2728075,4.0
10021,2693483,4.0
10664,2717295,4.0
877,2721647,4.0
20465,2718258,4.0
17186,2726488,4.0
14981,2699783,4.0
27226,2706323,4.0
19494,2721603,4.0
20202,2707117,4.0
16110,2709763,4.0
22230,2708935,4.0
46075,2733747,4.0
817,2713957,4.0
889,2707224,4.0
2197,2724322,4.0
779,2693537,4.0
2486,2714894,4.0
25251,2730892,4.0
24613,2708405,4.0
696,2726203,4.0
2991,2710747,4.0
4315,2709618,4.0
7990,2701225,4.0
6373,2709896,4.0
22554,2689357,4.0
22668,2708811,4.0
5759,2685672,4.0
25237,2700904,4.0
10165,2697918,4.0
40050,2726228,4.0
3003,2719340,4.0
18966,2715580,4.0
17588,2707692,4.0
33243,2721522,4.0
1418,2707115,4.0
43825,2724554,4.0
3917,2701719,4.0
25388,2721926,4.0
17411,2714045,4.0
915,2699790,4.0
4501,2706478,4.0
12671,2700064,4.0
935,2702949,4.0
3917,2696207,4.0
19164,2728600,4.0
508,2723993,4.0
22854,2699878,4.0
15813,2713688,4.0
47773,2717725,4.0
15675,2708776,4.0
25092,2707104,4.0
45814,2728026,4.0
6012,2715889,4.0
32607,2709788,4.0
9396,2704194,4.0
41693,2728160,4.0
20994,2703939,4.0
18305,2709881,4.0
16722,2720124,4.0
18966,2712373,4.0
2940,2702312,4.0
10430,2706964,4.0
12197,2704854,4.0
29371,2712608,4.0
6373,2713235,4.0
32758,2718843,4.0
26175,2712104,4.0
43555,2723663,4.0
43257,2715604,4.0
7378,2703762,4.0
24930,2715151,4.0
21066,2710540,4.0
4540,2704403,4.0
42210,2726173,4.0
12105,2694553,4.0
4985,2724999,4.0
7290,2710667,4.0
7830,2718598,4.0
877,2692947,4.0
18050,2688464,4.0
2193,2704262,4.0
14954,2719165,4.0
10264,2709775,4.0
3040,2715164,4.0
38966,2723463,4.0
27462,2717543,4.0
23978,2714497,4.0
7830,2714654,4.0
1418,2718781,4.0
17018,2711998,4.0
36685,2714511,4.0
696,2701752,4.0
1660,2723475,4.0
5360,2700706,4.0
27490,2719725,4.0
29727,2710617,4.0
22680,2695836,4.0
46376,2720726,4.0
46426,2722344,4.0
26397,2714464,4.0
16238,2725802,4.0
19003,2707756,4.0
11002,2710376,4.0
15590,2714912,4.0
10787,2713780,4.0
16766,2713415,4.0
16564,2698824,4.0
39533,2713548,4.0
30,2710571,4.0
12827,2712273,4.0
12805,2695318,4.0
25069,2707762,4.0
10664,2702168,4.0
18677,2714664,4.0
6619,2712964,4.0
46627,2732724,4.0
62,2706533,4.0
43509,2722118,4.0
12447,2701078,4.0
6328,2704188,4.0
11118,2701558,4.0
20758,2720821,4.0
38392,2714818,4.0
3499,2709911,4.0
37081,2709485,4.0
17464,2731854,4.0
25354,2722026,4.0
21457,2715257,4.0
5759,2694957,4.0
8731,2730047,4.0
14954,2719168,4.0
19699,2726228,4.0
4017,2707029,4.0
20595,2715658,4.0
13577,2707020,4.0
1418,2709264,4.0
831,2726737,4.0
33258,2708566,4.0
15655,2717688,4.0
31757,2722369,4.0
34051,2715898,4.0
21,2707090,4.0
16104,2708292,4.0
2197,2733717,4.0
23437,2719087,4.0
13533,2723075,4.0
11127,2713563,4.0
48195,2719489,4.0
6988,2719946,4.0
1500,2686251,4.0
3917,2704811,4.0
15924,2711230,4.0
32488,2721326,4.0
21943,2708541,4.0
33488,2733195,4.0
8519,2705571,4.0
1683,2712893,4.0
30,2724257,4.0
2991,2731767,4.0
10673,2705292,4.0
25,2711335,4.0
48195,2727829,4.0
17411,2702354,4.0
11027,2707508,4.0
11345,2702949,4.0
24314,2703844,4.0
23,2712428,4.0
7910,2718096,4.0
21113,2715232,4.0
23474,2733151,4.0
14126,2729957,4.0
62,2719276,4.0
35211,2711066,4.0
889,2704709,4.0
17118,2708051,4.0
45339,2722975,4.0
818,2705244,4.0
11127,2703031,4.0
15961,2722499,4.0
36028,2721941,4.0
24647,2710674,4.0
14093,2703985,4.0
25439,2706389,4.0
30786,2720557,4.0
1418,2716109,4.0
23042,2722421,4.0
45336,2731427,4.0
13854,2713052,4.0
696,2707794,4.0
28940,2717413,4.0
23401,2706666,4.0
776,2710258,4.0
21203,2710989,4.0
17816,2708939,4.0
45296,2724591,4.0
21453,2698441,4.0
28310,2720150,4.0
23130,2716505,4.0
16270,2713998,4.0
11777,2703267,4.0
30450,2706558,4.0
1295,2718672,4.0
43509,2708304,4.0
13394,2723753,4.0
7932,2716621,4.0
834,2727444,4.0
17923,2720919,4.0
62,2711231,4.0
11803,2708912,4.0
1652,2715469,4.0
32233,2717190,4.0
36299,2712930,4.0
25069,2717628,4.0
7405,2707494,4.0
48079,2732389,4.0
889,2726845,4.0
915,2724140,4.0
27286,2716519,4.0
28611,2720593,4.0
11002,2695382,4.0
1614,2697539,4.0
18545,2710589,4.0
889,2701294,4.0
1,2686861,4.0
22143,2714860,4.0
1552,2704841,4.0
18308,2700138,4.0
17049,2725356,4.0
45409,2723138,4.0
24295,2716333,4.0
33488,2731307,4.0
44715,2730142,4.0
12739,2707658,4.0
5759,2695690,4.0
35133,2721940,4.0
12208,2715248,4.0
30599,2720531,4.0
16290,2711219,4.0
33853,2715923,4.0
15839,2704845,4.0
10333,2732124,4.0
1646,2734507,4.0
10784,2710612,4.0
39838,2720729,4.0
3659,2705048,4.0
28090,2713591,4.0
1703,2679452,4.0
5645,2703986,4.0
27168,2717312,4.0
8974,2703475,4.0
9317,2727534,4.0
38966,2726371,4.0
22956,2714820,4.0
17536,2725423,4.0
35796,2724711,4.0
4698,2687204,4.0
34260,2710631,4.0
9385,2716106,4.0
37406,2711268,4.0
7719,2707629,4.0
39158,2725567,4.0
46252,2716767,4.0
14375,2705108,4.0
4985,2714277,4.0
27186,2706095,4.0
19822,2704977,4.0
24837,2717867,4.0
20213,2700931,4.0
11330,2704244,4.0
8313,2703780,4.0
18214,2723372,4.0
31698,2720164,4.0
29488,2720650,4.0
19409,2708354,4.0
10444,2733935,4.0
8911,2701540,4.0
2658,2719400,4.0
26801,2717246,4.0
5543,2719245,4.0
10664,2708884,4.0
4624,2691831,4.0
17018,2711989,4.0
2193,2725078,4.0
22232,2709659,4.0
28702,2713475,4.0
30,2727880,4.0
22668,2701708,4.0
9059,2724020,4.0
4394,2710872,4.0
22668,2714760,4.0
41480,2725047,4.0
8246,2699776,4.0
3411,2721882,4.0
696,2705512,4.0
1660,2716711,4.0
46015,2728238,4.0
62,2715126,4.0
8534,2714644,4.0
17536,2700064,4.0
6388,2700958,4.0
745,2706529,4.0
37081,2725320,4.0
48729,2728566,4.0
3120,2688935,4.0
32001,2701924,4.0
7830,2716648,4.0
13401,2696884,4.0
26801,2721551,4.0
7568,2706658,4.0
31758,2705391,4.0
48079,2724542,4.0
915,2714241,4.0
6373,2732366,4.0
16104,2723644,4.0
19822,2709531,4.0
14430,2728730,4.0
2825,2712301,4.0
15143,2720711,4.0
29488,2721495,4.0
23327,2713482,4.0
23862,2730891,4.0
11387,2705246,4.0
17758,2714700,4.0
28156,2731130,4.0
745,2698689,4.0
24837,2709006,4.0
28556,2718374,4.0
10680,2703633,4.0
6728,2698983,4.0
19562,2712535,4.0
15568,2723189,4.0
23494,2734958,4.0
2193,2715427,4.0
2202,2692750,4.0
16450,2727779,4.0
39503,2714634,4.0
4480,2693409,4.0
126,2724854,4.0
7093,2728897,4.0
31889,2712472,4.0
5759,2702641,4.0
42265,2729649,4.0
19164,2723536,4.0
3003,2707473,4.0
166,2706209,4.0
22235,2712839,4.0
17113,2726890,4.0
20692,2722674,4.0
8074,2712754,4.0
15495,2705504,4.0
6394,2723594,4.0
33719,2721653,4.0
10520,2694704,4.0
25473,2716528,4.0
23,2713064,4.0
21453,2708553,4.0
5125,2686594,4.0
3791,2712914,4.0
9714,2719097,4.0
15143,2713325,4.0
1652,2695341,4.0
8539,2692668,4.0
23406,2708026,4.0
5303,2693440,4.0
3455,2698797,4.0
22990,2711689,4.0
2202,2706610,4.0
834,2715110,4.0
834,2717291,4.0
9215,2703414,4.0
16104,2722655,4.0
12191,2711869,4.0
30,2727815,4.0
23823,2724606,4.0
1301,2690872,4.0
11027,2705487,4.0
8534,2718143,4.0
12862,2707375,4.0
4540,2707834,4.0
35504,2708002,4.0
46801,2732853,4.0
21,2707379,4.0
13643,2723005,4.0
38488,2720387,4.0
7934,2711335,4.0
498,2708949,4.0
17295,2707074,4.0
19552,2719291,4.0
3917,2696212,4.0
1706,2724798,4.0
6988,2717382,4.0
16450,2720842,4.0
36335,2725201,4.0
6373,2719416,4.0
7830,2714668,4.0
26792,2731335,4.0
4669,2704642,4.0
21275,2725802,4.0
23786,2712981,4.0
39279,2715834,4.0
48716,2717057,4.0
15397,2705052,4.0
10473,2707912,4.0
7830,2727301,4.0
498,2707326,4.0
47691,2724780,4.0
31161,2714005,4.0
39953,2716637,4.0
13425,2694603,4.0
17763,2712214,4.0
13209,2711705,4.0
32233,2715851,4.0
3003,2703466,4.0
8074,2709920,4.0
44991,2723203,4.0
6260,2728198,4.0
9157,2704397,4.0
22668,2714231,4.0
3917,2704819,4.0
28725,2731077,4.0
9506,2722799,4.0
7830,2719121,4.0
19510,2712082,4.0
7241,2722892,4.0
3455,2702208,4.0
23176,2699557,4.0
1683,2698670,4.0
1295,2731823,4.0
10872,2719920,4.0
28784,2707387,4.0
12514,2705504,4.0
26515,2706500,4.0
8074,2719685,4.0
4918,2705864,4.0
1418,2712058,4.0
9714,2693027,4.0
28637,2695405,4.0
11002,2710269,4.0
43868,2730226,4.0
6782,2701177,4.0
6728,2712048,4.0
48856,2734790,4.0
7316,2698381,4.0
5736,2716324,4.0
9385,2721769,4.0
23978,2708268,4.0
1418,2713757,4.0
5650,2692034,4.0
11118,2702595,4.0
19279,2701315,4.0
889,2700222,4.0
43026,2724205,4.0
39273,2725290,4.0
2778,2727660,4.0
2197,2733667,4.0
6286,2692315,4.0
19510,2716998,4.0
5759,2693786,4.0
37467,2715350,4.0
6257,2696873,4.0
9157,2706075,4.0
36299,2711946,4.0
41894,2725293,4.0
14430,2728661,4.0
7645,2697803,4.0
11741,2702989,4.0
18966,2725167,4.0
37663,2711357,4.0
19481,2716033,4.0
30,2718805,4.0
17247,2726300,4.0
1295,2696541,4.0
6373,2717064,4.0
46883,2733214,4.0
19373,2702884,4.0
10087,2728433,4.0
43825,2730294,4.0
8383,2696026,4.0
1418,2718192,4.0
8313,2718116,4.0
1256,2698065,4.0
11002,2710450,4.0
18966,2725798,4.0
1968,2713699,4.0
11874,2705365,4.0
21,2708851,4.0
48856,2719067,4.0
6093,2707308,4.0
6563,2704177,4.0
21729,2725415,4.0
42324,2730183,4.0
16412,2732102,4.0
8217,2712858,4.0
31111,2719399,4.0
27484,2722294,4.0
25290,2708379,4.0
42332,2730121,4.0
2695,2711809,4.0
834,2717364,4.0
21535,2711723,4.0
9495,2716810,4.0
11002,2707887,4.0
37455,2724155,4.0
18296,2712876,4.0
970,2704176,4.0
33705,2727027,4.0
5050,2695950,4.0
16374,2711894,4.0
11055,2708092,4.0
77,2691547,4.0
7177,2720171,4.0
17113,2729253,4.0
5125,2687632,4.0
4424,2726362,4.0
31111,2708684,4.0
32899,2691415,4.0
23091,2715247,4.0
22232,2707059,4.0
22232,2727753,4.0
43509,2727239,4.0
15331,2705500,4.0
10107,2729023,4.0
21066,2709788,4.0
1418,2724743,4.0
6545,2723321,4.0
40297,2718305,4.0
28725,2725398,4.0
6420,2716542,4.0
1660,2721437,4.0
13209,2705823,4.0
2368,2704371,4.0
6012,2714388,4.0
33004,2712980,4.0
7897,2705429,4.0
7807,2699800,4.0
21,2699521,4.0
3424,2695134,4.0
834,2716409,4.0
6012,2718163,4.0
6373,2709109,4.0
23435,2714903,4.0
11430,2707694,4.0
10118,2706694,4.0
6545,2733399,4.0
11127,2706315,4.0
33193,2720650,4.0
11294,2705226,4.0
29488,2720599,4.0
3191,2706506,4.0
8538,2722948,4.0
19843,2712500,4.0
35504,2719326,4.0
1418,2718797,4.0
14375,2719182,4.0
6545,2701970,4.0
18396,2720028,4.0
7503,2697369,4.0
2368,2695873,4.0
5125,2691604,4.0
21,2707682,4.0
26888,2706558,4.0
24849,2718967,4.0
9205,2731764,4.0
4918,2704711,4.0
5571,2701653,4.0
34152,2697865,4.0
11100,2710522,4.0
4540,2706915,4.0
7331,2735684,4.0
11795,2706143,4.0
696,2712882,4.0
19699,2720156,4.0
45516,2713069,4.0
2992,2722714,4.0
10872,2707289,4.0
2156,2713409,4.0
884,2706038,4.0
21948,2704471,4.0
11435,2721315,4.0
38792,2725099,4.0
13854,2706894,4.0
35991,2711916,4.0
2489,2710220,4.0
14277,2701119,4.0
17574,2712899,4.0
7349,2695012,4.0
37743,2714313,4.0
10673,2690756,4.0
23042,2706731,4.0
48826,2732556,4.0
43353,2724704,4.0
62,2715041,4.0
7080,2722650,4.0
23785,2715466,4.0
38392,2714138,4.0
5736,2723534,4.0
16104,2717190,4.0
21729,2706895,4.0
25516,2716396,4.0
33646,2719181,4.0
20797,2716517,4.0
25562,2713694,4.0
25773,2705533,4.0
23412,2706402,4.0
28090,2715429,4.0
11273,2705886,4.0
9241,2694859,4.0
696,2702989,4.0
20002,2717696,4.0
22394,2710307,4.0
16450,2728033,4.0
9081,2699765,4.0
12675,2688835,4.0
45409,2724833,4.0
16256,2728075,4.0
32567,2709242,4.0
3917,2718057,4.0
17669,2728592,4.0
16346,2709004,4.0
4769,2734327,4.0
32758,2720435,4.0
20013,2691415,4.0
776,2712144,4.0
2386,2714959,4.0
5974,2690198,4.0
24613,2713518,4.0
17669,2712759,4.0
34987,2713586,4.0
12447,2710645,4.0
12280,2718988,4.0
7241,2707578,4.0
40050,2727143,4.0
2120,2698148,4.0
22670,2726548,4.0
16104,2708386,4.0
15942,2708280,4.0
17466,2721469,4.0
8074,2705248,4.0
12191,2702016,4.0
831,2726715,4.0
2197,2733213,4.0
23197,2698205,4.0
24483,2699883,4.0
7645,2698331,4.0
37870,2710222,4.0
3917,2704801,4.0
19699,2698131,4.0
46988,2731721,4.0
21236,2703261,4.0
11068,2708955,4.0
8339,2715070,4.0
21729,2710167,4.0
5970,2706900,4.0
21,2699150,4.0
6622,2704140,4.0
27356,2718454,4.0
17411,2712550,4.0
28129,2705860,4.0
16450,2720832,4.0
26013,2712233,4.0
2197,2723552,4.0
14375,2699517,4.0
1295,2707385,4.0
32758,2719896,4.0
6373,2702932,4.0
6330,2680840,4.0
19164,2704908,4.0
7830,2722693,4.0
32532,2717923,4.0
3375,2719369,4.0
6373,2730809,4.0
13394,2718533,4.0
15437,2730337,4.0
5759,2698682,4.0
11387,2710334,4.0
834,2733159,4.0
3917,2734340,4.0
12226,2711891,4.0
22269,2715930,4.0
1295,2688463,4.0
4469,2704106,4.0
1418,2711489,4.0
959,2704439,4.0
10784,2696949,4.0
48856,2727304,4.0
21,2706253,4.0
18946,2715388,4.0
2991,2702670,4.0
47769,2734236,4.0
43519,2720655,4.0
7241,2723175,4.0
26509,2710604,4.0
11387,2708645,4.0
35925,2719521,4.0
38671,2719236,4.0
4646,2705540,4.0
10673,2708039,4.0
4769,2719340,4.0
22668,2713936,4.0
1418,2698867,4.0
6545,2721001,4.0
29907,2707251,4.0
26416,2718323,4.0
10520,2703279,4.0
21681,2735540,4.0
25,2699943,4.0
17905,2715141,4.0
32955,2717407,4.0
21936,2714592,4.0
2368,2698078,4.0
30,2704598,4.0
7851,2699746,4.0
3006,2698054,4.0
11489,2710388,4.0
9714,2721385,4.0
39015,2726908,4.0
39503,2708276,4.0
3455,2705170,4.0
30901,2720856,4.0
10752,2695824,4.0
5119,2719085,4.0
22232,2717467,4.0
30662,2704826,4.0
16450,2720411,4.0
3003,2710982,4.0
1295,2713889,4.0
1967,2710431,4.0
19494,2730892,4.0
121,2700703,4.0
2878,2705684,4.0
43996,2707326,4.0
18651,2711119,4.0
6260,2716966,4.0
24322,2695377,4.0
17245,2719579,4.0
2489,2728617,4.0
22668,2707171,4.0
4312,2711727,4.0
23420,2715605,4.0
47837,2734935,4.0
15329,2711637,4.0
21,2714280,4.0
20692,2722675,4.0
9100,2704602,4.0
2044,2703939,4.0
3448,2718066,4.0
36685,2713670,4.0
1809,2696064,4.0
7830,2708486,4.0
19632,2727192,4.0
11002,2700905,4.0
3917,2703349,4.0
2882,2736132,4.0
9495,2692440,4.0
7830,2721655,4.0
34266,2712735,4.0
10784,2709707,4.0
696,2709532,4.0
45409,2718475,4.0
30,2731614,4.0
32202,2722720,4.0
22235,2713643,4.0
36913,2715756,4.0
12250,2696744,4.0
7830,2710394,4.0
25516,2711664,4.0
37727,2717915,4.0
29985,2708484,4.0
8074,2705292,4.0
1527,2706506,4.0
5879,2700189,4.0
43555,2726767,4.0
2197,2710167,4.0
3375,2708043,4.0
25194,2715930,4.0
7807,2705598,4.0
20135,2719503,4.0
22897,2708996,4.0
5350,2700096,4.0
7208,2702697,4.0
25,2698205,4.0
33193,2716633,4.0
42463,2725866,4.0
3917,2723950,4.0
18966,2709333,4.0
15329,2717323,4.0
22668,2703540,4.0
4769,2715191,4.0
3917,2719217,4.0
15792,2719497,4.0
23130,2716520,4.0
2362,2686179,4.0
16121,2708092,4.0
3917,2708013,4.0
19699,2698768,4.0
8313,2703767,4.0
20135,2721610,4.0
17739,2719498,4.0
4540,2706358,4.0
3167,2698569,4.0
12764,2701259,4.0
15452,2711947,4.0
1861,2713252,4.0
35479,2718712,4.0
48975,2729169,4.0
5759,2693469,4.0
9265,2726844,4.0
3173,2708256,4.0
17595,2729816,4.0
43509,2728842,4.0
16450,2716983,4.0
6803,2697279,4.0
32758,2706896,4.0
8246,2691193,4.0
11387,2707169,4.0
1255,2724696,4.0
7586,2707372,4.0
7830,2725701,4.0
11584,2725540,4.0
3874,2699943,4.0
11127,2694628,4.0
4505,2706591,4.0
18688,2700061,4.0
5551,2705410,4.0
2197,2712768,4.0
7378,2703639,4.0
7316,2693786,4.0
10425,2722786,4.0
25516,2710928,4.0
26509,2717483,4.0
10472,2729589,4.0
2882,2728138,4.0
22668,2714225,4.0
9205,2713033,4.0
15590,2714277,4.0
1150,2710808,4.0
15813,2709743,4.0
8487,2705491,4.0
19017,2711350,4.0
29328,2708114,4.0
21457,2699805,4.0
31741,2718325,4.0
1835,2719146,4.0
30,2709777,4.0
27800,2734570,4.0
16110,2705621,4.0
10165,2707956,4.0
31513,2719354,4.0
4918,2706655,4.0
15427,2711657,4.0
4646,2692456,4.0
2882,2713054,4.0
32544,2720356,4.0
40963,2724570,4.0
7586,2706731,4.0
13533,2718580,4.0
31331,2719057,4.0
14375,2695848,4.0
1295,2724921,4.0
19300,2713947,4.0
38482,2721448,4.0
15675,2721980,4.0
3844,2711330,4.0
21088,2714888,4.0
696,2707375,4.0
17104,2713340,4.0
37336,2723672,4.0
14954,2699870,4.0
19632,2729341,4.0
36162,2714735,4.0
16374,2714601,4.0
25745,2703124,4.0
17905,2719162,4.0
25503,2710220,4.0
7586,2706702,4.0
26509,2715532,4.0
9767,2703659,4.0
2197,2734266,4.0
31860,2718397,4.0
5209,2701033,4.0
7479,2715637,4.0
6307,2703122,4.0
1418,2716893,4.0
25622,2701966,4.0
10024,2718689,4.0
26696,2706526,4.0
17479,2705033,4.0
16450,2728053,4.0
6004,2705226,4.0
8534,2714052,4.0
3768,2710297,4.0
7106,2723521,4.0
30450,2710571,4.0
32202,2714925,4.0
49628,2734528,4.0
45545,2727331,4.0
26470,2710216,4.0
10664,2698768,4.0
17550,2718185,4.0
30158,2713653,4.0
7241,2733896,4.0
19279,2696616,4.0
37081,2713820,4.0
6115,2690716,4.0
24209,2713272,4.0
13611,2699051,4.0
7347,2706999,4.0
17816,2692908,4.0
834,2711983,4.0
29739,2712144,4.0
6789,2705726,4.0
11777,2707715,4.0
7241,2699350,4.0
22590,2714879,4.0
22348,2702030,4.0
29109,2706482,4.0
13394,2718841,4.0
7241,2727751,4.0
33159,2719954,4.0
21332,2727633,4.0
4017,2696317,4.0
22432,2730073,4.0
7910,2720059,4.0
9241,2693901,4.0
3917,2716642,4.0
3446,2705259,4.0
17536,2703430,4.0
25473,2716560,4.0
31328,2730811,4.0
744,2705315,4.0
17411,2710051,4.0
25,2697933,4.0
2624,2713569,4.0
2489,2728636,4.0
9089,2705870,4.0
3040,2721590,4.0
15729,2724018,4.0
39503,2726421,4.0
11002,2712103,4.0
27521,2717199,4.0
12191,2699564,4.0
11667,2699731,4.0
25237,2719688,4.0
25562,2706692,4.0
25937,2717642,4.0
41633,2714560,4.0
831,2714589,4.0
2335,2721456,4.0
46795,2732155,4.0
48348,2718801,4.0
696,2702878,4.0
3844,2727966,4.0
1418,2713655,4.0
13394,2722272,4.0
41633,2714325,4.0
31111,2709839,4.0
7719,2725161,4.0
9495,2719913,4.0
12817,2710127,4.0
2449,2721935,4.0
2988,2713559,4.0
33646,2709681,4.0
46530,2722441,4.0
16766,2714569,4.0
2197,2732385,4.0
43265,2711927,4.0
17592,2713500,4.0
4017,2699158,4.0
696,2717429,4.0
23197,2698237,4.0
5650,2718636,4.0
10333,2724163,4.0
1994,2719707,4.0
48856,2727314,4.0
46988,2719107,4.0
1418,2724926,4.0
37845,2718241,4.0
28556,2716567,4.0
2368,2702545,4.0
2489,2713518,4.0
19907,2712662,4.0
22212,2721179,4.0
33911,2718716,4.0
18875,2710808,4.0
13854,2719481,4.0
41693,2718458,4.0
5326,2702023,4.0
7910,2714915,4.0
425,2701703,4.0
11612,2720154,4.0
25378,2718829,4.0
25286,2730622,4.0
9205,2730985,4.0
2866,2701947,4.0
7830,2715879,4.0
8454,2704524,4.0
22668,2705876,4.0
18966,2714313,4.0
4769,2730539,4.0
16450,2720410,4.0
9675,2725889,4.0
915,2706096,4.0
45409,2731042,4.0
32899,2721449,4.0
22668,2713243,4.0
3428,2690565,4.0
47384,2731341,4.0
1295,2721920,4.0
10333,2727303,4.0
6640,2704951,4.0
27226,2713301,4.0
7830,2725043,4.0
20175,2734851,4.0
6373,2717132,4.0
7554,2710518,4.0
7568,2715005,4.0
7807,2701068,4.0
38671,2709818,4.0
10682,2725619,4.0
22296,2704454,4.0
21128,2722661,4.0
1960,2716816,4.0
7241,2725281,4.0
37460,2729086,4.0
12746,2697278,4.0
17755,2711007,4.0
23130,2715072,4.0
62,2704543,4.0
6394,2724610,4.0
10314,2707251,4.0
3950,2716114,4.0
17143,2716416,4.0
23712,2701183,4.0
41075,2711375,4.0
7430,2726168,4.0
13813,2704675,4.0
18572,2716026,4.0
2116,2705064,4.0
37128,2732039,4.0
2885,2713335,4.0
3724,2721399,4.0
21352,2703663,4.0
16270,2724889,4.0
1809,2694162,4.0
3973,2704573,4.0
2341,2704368,4.0
16450,2727764,4.0
45314,2715012,4.0
31674,2722422,4.0
27785,2705000,4.0
23604,2717534,4.0
5409,2707632,4.0
20002,2716310,4.0
696,2711869,4.0
26509,2710622,4.0
3925,2736166,4.0
16256,2720604,4.0
18880,2722416,4.0
25354,2726767,4.0
6307,2725132,4.0
40050,2726227,4.0
1967,2726844,4.0
22289,2720061,4.0
39503,2720441,4.0
2193,2710559,4.0
6728,2713339,4.0
41693,2728370,4.0
9255,2706607,4.0
24613,2714846,4.0
8758,2722953,4.0
45516,2724592,4.0
19494,2721332,4.0
25194,2708097,4.0
43439,2724574,4.0
17120,2723604,4.0
26961,2717281,4.0
1829,2701283,4.0
16104,2709520,4.0
49552,2736938,4.0
14902,2708001,4.0
10341,2699861,4.0
5119,2725075,4.0
696,2701732,4.0
27274,2714135,4.0
11002,2706162,4.0
889,2701033,4.0
42191,2697852,4.0
2197,2704810,4.0
17111,2722673,4.0
10784,2710610,4.0
38652,2707730,4.0
32215,2719918,4.0
25745,2718568,4.0
10270,2699826,4.0
12044,2698630,4.0
11584,2731560,4.0
19279,2714307,4.0
7830,2704239,4.0
11195,2703261,4.0
47773,2734834,4.0
2623,2717586,4.0
1561,2704329,4.0
28156,2732177,4.0
20002,2732267,4.0
20033,2719111,4.0
3917,2707018,4.0
49467,2734333,4.0
2585,2712946,4.0
889,2716527,4.0
15055,2687828,4.0
13518,2705483,4.0
6012,2730112,4.0
28637,2695404,4.0
28725,2714801,4.0
6373,2717660,4.0
17758,2711848,4.0
9081,2707866,4.0
6536,2694614,4.0
19494,2716356,4.0
38870,2709914,4.0
17592,2703876,4.0
12208,2715246,4.0
17035,2713276,4.0
46307,2731607,4.0
7897,2707074,4.0
11345,2690756,4.0
4985,2713553,4.0
1295,2704405,4.0
18966,2717665,4.0
8658,2719312,4.0
35795,2723058,4.0
39503,2715394,4.0
10921,2710305,4.0
8651,2710051,4.0
39503,2726511,4.0
30,2722854,4.0
37467,2719027,4.0
10784,2701741,4.0
38966,2725641,4.0
2193,2724887,4.0
27012,2702047,4.0
15839,2705408,4.0
1728,2700425,4.0
18376,2719954,4.0
39855,2714531,4.0
21,2714630,4.0
8531,2703570,4.0
8726,2705541,4.0
34051,2715930,4.0
11330,2721856,4.0
7206,2727289,4.0
16104,2718432,4.0
38488,2716872,4.0
12805,2711985,4.0
31111,2715994,4.0
1960,2718130,4.0
11667,2703918,4.0
45869,2731754,4.0
7177,2719698,4.0
3212,2696289,4.0
45102,2727712,4.0
12250,2711787,4.0
5043,2707199,4.0
19074,2725264,4.0
28764,2718359,4.0
817,2698457,4.0
42870,2726209,4.0
744,2706030,4.0
5650,2718486,4.0
31539,2708876,4.0
9205,2725572,4.0
26039,2713493,4.0
1399,2699973,4.0
7080,2702877,4.0
8002,2699961,4.0
40050,2718118,4.0
26095,2717254,4.0
40010,2715579,4.0
16381,2700756,4.0
12746,2711739,4.0
1418,2710540,4.0
45811,2728587,4.0
36466,2711902,4.0
25622,2711730,4.0
9089,2731010,4.0
11667,2700964,4.0
15061,2704011,4.0
16104,2729006,4.0
10027,2716505,4.0
16857,2713451,4.0
18966,2717900,4.0
19907,2707241,4.0
36225,2715287,4.0
8534,2699769,4.0
44715,2719373,4.0
889,2711794,4.0
9506,2724980,4.0
12514,2702016,4.0
15975,2709260,4.0
2193,2710616,4.0
6093,2707244,4.0
1418,2707525,4.0
35942,2715048,4.0
3463,2712177,4.0
22668,2714415,4.0
696,2702026,4.0
22668,2708589,4.0
23785,2715474,4.0
834,2725400,4.0
26834,2699812,4.0
22757,2719601,4.0
1301,2710637,4.0
5075,2693468,4.0
2197,2707296,4.0
19916,2723071,4.0
834,2702943,4.0
24930,2732824,4.0
21705,2713569,4.0
26803,2719507,4.0
25812,2723583,4.0
18571,2734939,4.0
42870,2732853,4.0
26417,2718708,4.0
21568,2706504,4.0
34217,2722922,4.0
834,2726766,4.0
29109,2727178,4.0
5650,2703854,4.0
1379,2723037,4.0
21465,2699341,4.0
31328,2708733,4.0
62,2732483,4.0
20446,2716249,4.0
12289,2692083,4.0
12742,2718418,4.0
30,2719308,4.0
5292,2714778,4.0
17411,2710669,4.0
46627,2730947,4.0
2197,2715231,4.0
14167,2710614,4.0
3295,2729480,4.0
13919,2715457,4.0
33297,2707321,4.0
18966,2716090,4.0
42324,2723311,4.0
47685,2734407,4.0
970,2696390,4.0
36382,2731393,4.0
2197,2727253,4.0
2991,2699438,4.0
22270,2708484,4.0
17143,2721001,4.0
29584,2720062,4.0
26741,2719537,4.0
7316,2692402,4.0
30165,2712842,4.0
46075,2724598,4.0
2951,2724096,4.0
6330,2700975,4.0
38359,2696065,4.0
37700,2711697,4.0
9813,2703965,4.0
8534,2717342,4.0
21,2692582,4.0
1660,2723167,4.0
17816,2698219,4.0
16173,2723129,4.0
13919,2723602,4.0
12006,2701333,4.0
10664,2727936,4.0
24837,2718035,4.0
23437,2726482,4.0
6619,2704833,4.0
16191,2722859,4.0
16374,2722283,4.0
25377,2718418,4.0
26932,2703629,4.0
33646,2718160,4.0
26932,2711372,4.0
26509,2715537,4.0
21080,2696026,4.0
6373,2717648,4.0
7830,2725106,4.0
41693,2727285,4.0
25193,2717099,4.0
38438,2716042,4.0
21113,2716475,4.0
7513,2710510,4.0
834,2728000,4.0
1418,2715323,4.0
37081,2719521,4.0
7310,2710613,4.0
3917,2715406,4.0
40050,2725512,4.0
29781,2716670,4.0
20692,2731820,4.0
15052,2705172,4.0
17143,2711457,4.0
12850,2714169,4.0
1383,2727942,4.0
2991,2702606,4.0
27349,2703514,4.0
39503,2723311,4.0
6789,2719071,4.0
22463,2716468,4.0
33705,2722505,4.0
696,2738078,4.0
29400,2710583,4.0
3236,2700174,4.0
4748,2730586,4.0
12817,2710978,4.0
14928,2731110,4.0
8302,2713421,4.0
13090,2707377,4.0
37081,2717243,4.0
2991,2699658,4.0
7080,2687026,4.0
2824,2706506,4.0
31308,2720194,4.0
8539,2711704,4.0
10481,2707927,4.0
34260,2714882,4.0
12827,2712262,4.0
18772,2720424,4.0
2882,2735020,4.0
6187,2724194,4.0
15655,2718087,4.0
19699,2714960,4.0
26961,2719403,4.0
21568,2713034,4.0
29046,2706537,4.0
6619,2706489,4.0
25745,2725511,4.0
18572,2708369,4.0
4297,2693901,4.0
13854,2723686,4.0
46059,2719052,4.0
28725,2711685,4.0
40050,2725819,4.0
15839,2703216,4.0
18966,2712028,4.0
18966,2717051,4.0
3917,2707659,4.0
11479,2704966,4.0
10333,2713563,4.0
3375,2710376,4.0
42239,2727829,4.0
20028,2698747,4.0
27186,2713481,4.0
6988,2703353,4.0
16346,2723990,4.0
696,2715280,4.0
7910,2727289,4.0
8144,2696863,4.0
45516,2727229,4.0
2585,2708282,4.0
17734,2719155,4.0
15052,2713975,4.0
16104,2720654,4.0
14428,2712287,4.0
12645,2718218,4.0
40050,2718646,4.0
10087,2716908,4.0
1418,2718305,4.0
166,2707397,4.0
37336,2724593,4.0
1295,2712202,4.0
10473,2709403,4.0
49190,2724570,4.0
9506,2722932,4.0
2569,2710507,4.0
16173,2720980,4.0
24339,2716686,4.0
12208,2710033,4.0
1634,2712548,4.0
26509,2719073,4.0
5759,2695810,4.0
43900,2723572,4.0
26039,2713376,4.0
39503,2723317,4.0
46317,2731333,4.0
23880,2715095,4.0
22668,2704423,4.0
29268,2713243,4.0
817,2708548,4.0
13611,2679166,4.0
1399,2709087,4.0
24849,2707486,4.0
2866,2700943,4.0
1295,2723117,4.0
8063,2707761,4.0
11302,2708107,4.0
20521,2715527,4.0
21535,2702086,4.0
3493,2716902,4.0
7310,2717258,4.0
21066,2706596,4.0
3571,2697583,4.0
46530,2732810,4.0
17848,2725084,4.0
22635,2715849,4.0
43064,2724603,4.0
42132,2727268,4.0
23533,2716398,4.0
22830,2709968,4.0
31665,2715305,4.0
16343,2731941,4.0
3874,2719982,4.0
8086,2693901,4.0
62,2723916,4.0
17247,2716267,4.0
7830,2712893,4.0
834,2700983,4.0
44329,2724738,4.0
36335,2714968,4.0
2197,2735546,4.0
24339,2698235,4.0
11051,2718139,4.0
41693,2728536,4.0
35925,2719489,4.0
5633,2706934,4.0
12671,2701972,4.0
22942,2711981,4.0
4469,2704897,4.0
6789,2720122,4.0
49628,2736213,4.0
18572,2716050,4.0
10541,2699557,4.0
834,2732351,4.0
16244,2720836,4.0
7643,2705558,4.0
4698,2715599,4.0
39838,2729611,4.0
16567,2709287,4.0
18966,2732578,4.0
8217,2710150,4.0
186,2704944,4.0
21,2704542,4.0
7897,2714105,4.0
16104,2710971,4.0
8534,2713494,4.0
17411,2704223,4.0
8302,2722841,4.0
10673,2708808,4.0
11127,2720038,4.0
5802,2722764,4.0
8211,2707322,4.0
14277,2714879,4.0
2449,2686881,4.0
2366,2724135,4.0
30,2703617,4.0
39273,2718200,4.0
7280,2692923,4.0
29328,2707413,4.0
193,2700783,4.0
21,2702110,4.0
18396,2704277,4.0
29849,2719972,4.0
36780,2717799,4.0
12006,2692472,4.0
1418,2702253,4.0
19702,2711881,4.0
23786,2715691,4.0
17588,2708417,4.0
8617,2697933,4.0
18214,2712284,4.0
22898,2712321,4.0
22554,2689334,4.0
7241,2703157,4.0
23857,2710216,4.0
42290,2713245,4.0
19944,2699859,4.0
7347,2704098,4.0
8911,2704613,4.0
696,2721809,4.0
24314,2712345,4.0
2585,2693966,4.0
2778,2727481,4.0
40050,2719256,4.0
696,2707053,4.0
33093,2713511,4.0
1399,2703831,4.0
23406,2695320,4.0
23,2705565,4.0
36335,2714800,4.0
43353,2713519,4.0
9215,2721465,4.0
38199,2711940,4.0
32117,2710741,4.0
6307,2703123,4.0
3375,2718289,4.0
27199,2707449,4.0
34260,2714871,4.0
889,2733542,4.0
17479,2723605,4.0
3621,2694629,4.0
21382,2728032,4.0
26702,2719155,4.0
15052,2711239,4.0
8519,2705512,4.0
12044,2723178,4.0
5360,2700122,4.0
9623,2708656,4.0
696,2713518,4.0
34051,2723620,4.0
4983,2698657,4.0
12417,2715392,4.0
39122,2711693,4.0
16243,2717423,4.0
4953,2703015,4.0
164,2704804,4.0
46184,2723129,4.0
62,2716242,4.0
17143,2729289,4.0
43152,2715469,4.0
21237,2706360,4.0
3571,2726307,4.0
3003,2708760,4.0
7568,2721590,4.0
1255,2701087,4.0
7830,2720656,4.0
151,2716810,4.0
1879,2714905,4.0
48455,2722741,4.0
2197,2735531,4.0
761,2705215,4.0
16450,2720807,4.0
21,2724531,4.0
4674,2689755,4.0
29371,2710292,4.0
1252,2724944,4.0
21901,2710582,4.0
11414,2710127,4.0
20135,2718351,4.0
696,2713494,4.0
5160,2698441,4.0
8911,2726114,4.0
2354,2703232,4.0
3375,2723757,4.0
16450,2706770,4.0
38359,2697986,4.0
1255,2707092,4.0
49006,2735597,4.0
19910,2708422,4.0
1418,2714461,4.0
9218,2714259,4.0
38359,2696056,4.0
1418,2693868,4.0
10137,2694888,4.0
5132,2732453,4.0
12191,2708412,4.0
25194,2724203,4.0
26792,2717164,4.0
31111,2709930,4.0
3203,2705215,4.0
11414,2707449,4.0
156,2719948,4.0
41305,2723083,4.0
7830,2712829,4.0
4137,2707174,4.0
10880,2693018,4.0
39503,2708972,4.0
24930,2715479,4.0
9070,2693110,4.0
6286,2697836,4.0
17547,2709252,4.0
11127,2727289,4.0
13577,2708002,4.0
43265,2725757,4.0
18067,2688438,4.0
10087,2723001,4.0
45409,2715876,4.0
44882,2725078,4.0
25194,2708116,4.0
6619,2724165,4.0
1295,2718649,4.0
33488,2730167,4.0
889,2707230,4.0
7210,2731154,4.0
2882,2719698,4.0
3003,2726960,4.0
959,2728200,4.0
5106,2686870,4.0
31161,2715539,4.0
21765,2714804,4.0
35042,2719367,4.0
35213,2724194,4.0
7934,2703896,4.0
22967,2721316,4.0
12044,2698608,4.0
25194,2718803,4.0
49262,2732713,4.0
46212,2731677,4.0
27677,2712438,4.0
31519,2698089,4.0
8534,2694962,4.0
8086,2692472,4.0
3948,2690957,4.0
7241,2704008,4.0
3950,2728682,4.0
1258,2697447,4.0
7280,2706467,4.0
8447,2705807,4.0
17018,2704946,4.0
24478,2708445,4.0
23,2706567,4.0
9089,2712104,4.0
18396,2695908,4.0
9205,2726730,4.0
17428,2706140,4.0
19494,2719692,4.0
46852,2716687,4.0
17848,2724356,4.0
49074,2728075,4.0
7807,2690038,4.0
20640,2710076,4.0
15061,2711851,4.0
23130,2716511,4.0
6330,2714149,4.0
11174,2714639,4.0
32490,2715197,4.0
945,2714887,4.0
6533,2714145,4.0
41633,2720754,4.0
2197,2722675,4.0
16822,2712069,4.0
2197,2722230,4.0
19364,2710699,4.0
30,2729968,4.0
10682,2719705,4.0
45864,2730083,4.0
35189,2719972,4.0
6619,2714225,4.0
9210,2706050,4.0
10027,2704592,4.0
28764,2714204,4.0
437,2706545,4.0
2902,2705933,4.0
7479,2721986,4.0
26416,2712762,4.0
9080,2696813,4.0
29907,2722464,4.0
26961,2716830,4.0
28764,2717677,4.0
2360,2708307,4.0
9205,2729874,4.0
3917,2719219,4.0
18396,2721898,4.0
12740,2717433,4.0
1418,2703944,4.0
31860,2715851,4.0
48374,2718547,4.0
46481,2731291,4.0
7241,2734426,4.0
40105,2727048,4.0
9265,2714699,4.0
35942,2719951,4.0
889,2692420,4.0
15137,2699185,4.0
6373,2731915,4.0
10333,2720912,4.0
3003,2705504,4.0
43353,2727301,4.0
24837,2711134,4.0
24209,2717294,4.0
21608,2715103,4.0
46546,2732430,4.0
17869,2699746,4.0
27490,2703856,4.0
36685,2719008,4.0
1865,2693108,4.0
20053,2706227,4.0
1295,2712275,4.0
9479,2703018,4.0
1703,2679419,4.0
2197,2728288,4.0
15757,2724444,4.0
30403,2713666,4.0
43307,2717551,4.0
10098,2710199,4.0
9205,2729995,4.0
21,2705749,4.0
48336,2731697,4.0
32956,2707396,4.0
5650,2697228,4.0
25194,2727589,4.0
7241,2704701,4.0
2858,2701068,4.0
25552,2707049,4.0
3874,2704603,4.0
38923,2717400,4.0
7830,2720298,4.0
16279,2703341,4.0
11359,2705454,4.0
17466,2714006,4.0
32202,2720211,4.0
2197,2727467,4.0
6093,2701727,4.0
46820,2732968,4.0
7316,2702778,4.0
20737,2722854,4.0
16489,2714647,4.0
11002,2720906,4.0
11027,2710659,4.0
42332,2714920,4.0
1158,2714056,4.0
40050,2716758,4.0
2197,2734253,4.0
11002,2705501,4.0
18419,2698427,4.0
12579,2687765,4.0
127,2710976,4.0
30,2716062,4.0
7830,2724887,4.0
11777,2699216,4.0
9856,2702882,4.0
3917,2719294,4.0
39858,2718496,4.0
22269,2704403,4.0
802,2709920,4.0
20013,2715632,4.0
7316,2701830,4.0
13533,2699873,4.0
1295,2721327,4.0
8106,2709242,4.0
25069,2718220,4.0
22757,2705928,4.0
5650,2709525,4.0
5350,2712280,4.0
2197,2720171,4.0
18447,2727729,4.0
1418,2724201,4.0
3447,2719329,4.0
23786,2703125,4.0
1295,2713057,4.0
37743,2718058,4.0
28558,2718600,4.0
19256,2701968,4.0
23130,2715151,4.0
30,2700819,4.0
39733,2712814,4.0
17428,2715498,4.0
49006,2734464,4.0
1652,2735646,4.0
2193,2714213,4.0
11027,2708627,4.0
4017,2691385,4.0
23604,2717550,4.0
32490,2714073,4.0
11127,2695447,4.0
9205,2722366,4.0
2257,2705136,4.0
7830,2711697,4.0
11741,2715922,4.0
19538,2714464,4.0
3111,2713613,4.0
34260,2703123,4.0
12208,2713738,4.0
27049,2706719,4.0
28916,2717407,4.0
5433,2691535,4.0
8217,2720665,4.0
19279,2696081,4.0
28988,2708389,4.0
10264,2726112,4.0
37750,2708533,4.0
16422,2712053,4.0
16572,2709746,4.0
16037,2700962,4.0
15961,2732371,4.0
2585,2709652,4.0
34051,2712010,4.0
11943,2695765,4.0
1158,2707659,4.0
18966,2710229,4.0
12850,2700199,4.0
39838,2718378,4.0
23712,2708930,4.0
16381,2716631,4.0
21765,2699939,4.0
24125,2708569,4.0
45864,2730090,4.0
16104,2718146,4.0
7568,2706691,4.0
21,2706609,4.0
38671,2729538,4.0
21491,2707376,4.0
5360,2692071,4.0
43519,2713134,4.0
17247,2718280,4.0
25664,2717674,4.0
14303,2705537,4.0
25251,2709922,4.0
9813,2703930,4.0
6840,2711398,4.0
2045,2705335,4.0
16244,2708921,4.0
11002,2711078,4.0
11002,2714828,4.0
2991,2705151,4.0
14093,2708779,4.0
16450,2720809,4.0
22235,2699821,4.0
17808,2698033,4.0
11127,2723647,4.0
28793,2715477,4.0
6398,2694895,4.0
24274,2715780,4.0
11002,2712007,4.0
3191,2704833,4.0
3003,2708638,4.0
18419,2712448,4.0
45737,2730851,4.0
10784,2708555,4.0
25,2702949,4.0
5083,2711401,4.0
8572,2699185,4.0
9714,2712341,4.0
25,2723672,4.0
14770,2697338,4.0
22391,2714709,4.0
30982,2720185,4.0
4462,2733097,4.0
6307,2681550,4.0
17287,2711908,4.0
29109,2708097,4.0
12208,2698131,4.0
1418,2717562,4.0
1295,2727359,4.0
29046,2721672,4.0
7479,2705869,4.0
3950,2694012,4.0
15590,2713587,4.0
15871,2707089,4.0
43825,2725591,4.0
8074,2705937,4.0
7934,2694629,4.0
2864,2703973,4.0
8074,2703611,4.0
7830,2724120,4.0
1660,2723321,4.0
2197,2734244,4.0
1379,2719236,4.0
8658,2693154,4.0
2126,2687944,4.0
834,2722738,4.0
7932,2732853,4.0
46988,2719114,4.0
5633,2706099,4.0
1645,2704378,4.0
1514,2718185,4.0
12675,2695314,4.0
16104,2728603,4.0
7071,2691539,4.0
31152,2720139,4.0
5426,2729545,4.0
2495,2711165,4.0
10473,2703934,4.0
10087,2715751,4.0
24314,2698769,4.0
7586,2706737,4.0
32356,2704830,4.0
11113,2710382,4.0
22967,2711652,4.0
18900,2708691,4.0
21,2713954,4.0
15899,2725583,4.0
19632,2729305,4.0
46326,2733142,4.0
18966,2717578,4.0
3003,2734683,4.0
46883,2719656,4.0
5633,2687696,4.0
6840,2724169,4.0
3175,2711881,4.0
5360,2703432,4.0
25515,2717950,4.0
29078,2720483,4.0
4961,2717285,4.0
7807,2713539,4.0
41075,2720742,4.0
34940,2712344,4.0
11273,2697574,4.0
2197,2716524,4.0
1399,2719735,4.0
33911,2721955,4.0
21255,2730769,4.0
1967,2700756,4.0
15656,2727214,4.0
3003,2707312,4.0
3917,2715685,4.0
6545,2699882,4.0
25473,2716974,4.0
6260,2702239,4.0
7830,2725692,4.0
25516,2710587,4.0
20033,2719324,4.0
1552,2708932,4.0
39503,2717789,4.0
8609,2719912,4.0
1418,2723470,4.0
43825,2716720,4.0
18003,2710913,4.0
15569,2707660,4.0
12497,2700998,4.0
20994,2710045,4.0
8107,2702093,4.0
37845,2715723,4.0
23,2733218,4.0
34051,2714790,4.0
16857,2713477,4.0
9541,2716480,4.0
37838,2712636,4.0
1295,2715680,4.0
8376,2712076,4.0
16244,2727164,4.0
12250,2706529,4.0
696,2702899,4.0
2778,2706708,4.0
32308,2721666,4.0
6728,2714852,4.0
49711,2722142,4.0
7316,2704532,4.0
12289,2699855,4.0
23,2715983,4.0
901,2701736,4.0
41738,2726427,4.0
696,2721692,4.0
32488,2719963,4.0
5426,2710220,4.0
43519,2718308,4.0
9205,2718091,4.0
13464,2711229,4.0
17848,2715252,4.0
9059,2724034,4.0
2236,2730923,4.0
38697,2708796,4.0
31157,2719873,4.0
23224,2704068,4.0
5759,2699051,4.0
779,2694784,4.0
25052,2701078,4.0
12740,2711885,4.0
7209,2709659,4.0
15116,2698172,4.0
20078,2686873,4.0
29371,2715450,4.0
62,2708386,4.0
8447,2706617,4.0
19494,2719501,4.0
36685,2714161,4.0
8211,2712899,4.0
23376,2706841,4.0
9242,2704691,4.0
4769,2712332,4.0
5350,2712297,4.0
4865,2699650,4.0
7241,2727698,4.0
23483,2716377,4.0
33705,2724165,4.0
7830,2722655,4.0
15899,2704440,4.0
45814,2720766,4.0
12447,2709495,4.0
5759,2697676,4.0
6640,2712003,4.0
16104,2709702,4.0
12417,2711234,4.0
12740,2717978,4.0
17550,2710616,4.0
20737,2713949,4.0
16422,2712047,4.0
25388,2723053,4.0
7807,2723638,4.0
1158,2729312,4.0
1418,2704729,4.0
10270,2707740,4.0
28784,2707330,4.0
17245,2718876,4.0
9156,2725699,4.0
14594,2712893,4.0
15309,2706993,4.0
33719,2724223,4.0
1418,2715806,4.0
7830,2708874,4.0
18214,2725091,4.0
13137,2716299,4.0
48374,2727299,4.0
1295,2721219,4.0
38966,2726926,4.0
22668,2711776,4.0
5637,2704635,4.0
1430,2713067,4.0
22680,2710658,4.0
13346,2720968,4.0
7513,2698205,4.0
7310,2714621,4.0
12105,2711339,4.0
14948,2696296,4.0
5879,2729153,4.0
18966,2713048,4.0
5144,2715497,4.0
21,2707669,4.0
7830,2726681,4.0
8911,2704612,4.0
834,2711950,4.0
43555,2708036,4.0
12447,2709493,4.0
834,2726098,4.0
21,2707350,4.0
35400,2724073,4.0
1155,2720959,4.0
20640,2714496,4.0
31513,2714712,4.0
7897,2728657,4.0
834,2720834,4.0
5210,2710978,4.0
21729,2714062,4.0
19538,2715404,4.0
4097,2693952,4.0
22668,2713996,4.0
18966,2719950,4.0
23482,2721031,4.0
27274,2708539,4.0
11575,2721618,4.0
2197,2719135,4.0
38792,2714952,4.0
9205,2730480,4.0
7830,2707326,4.0
19910,2711615,4.0
19458,2708930,4.0
1652,2705006,4.0
17232,2712763,4.0
18677,2718432,4.0
7934,2703504,4.0
2569,2725124,4.0
7906,2715850,4.0
1562,2725462,4.0
11002,2698813,4.0
7316,2696610,4.0
17479,2725109,4.0
5650,2713301,4.0
26509,2704853,4.0
16418,2713993,4.0
30,2722037,4.0
14928,2730197,4.0
7241,2733054,4.0
25411,2704915,4.0
40050,2729781,4.0
35155,2719667,4.0
834,2725825,4.0
2197,2732961,4.0
7011,2702635,4.0
7660,2718065,4.0
11027,2708129,4.0
13394,2728245,4.0
1418,2716254,4.0
2828,2689816,4.0
48856,2734171,4.0
3917,2725027,4.0
17411,2710610,4.0
14303,2712173,4.0
18884,2710535,4.0
44072,2730908,4.0
40050,2724514,4.0
1295,2725907,4.0
834,2728473,4.0
32895,2718957,4.0
28702,2716678,4.0
48656,2722714,4.0
8356,2733633,4.0
11717,2693409,4.0
19632,2729383,4.0
14183,2712102,4.0
3997,2706978,4.0
43353,2718096,4.0
33049,2704853,4.0
6260,2715152,4.0
17832,2706221,4.0
38966,2726573,4.0
34378,2716874,4.0
7241,2705481,4.0
33193,2720570,4.0
37845,2720061,4.0
2778,2692889,4.0
27199,2729266,4.0
29584,2721645,4.0
10995,2713854,4.0
16243,2713403,4.0
13853,2714785,4.0
22269,2714932,4.0
3635,2731282,4.0
5119,2725087,4.0
46184,2723648,4.0
1168,2722754,4.0
4501,2708049,4.0
19494,2718351,4.0
12280,2720721,4.0
14609,2713280,4.0
46015,2730976,4.0
30786,2708746,4.0
9080,2711380,4.0
12280,2715434,4.0
1660,2706664,4.0
15954,2706304,4.0
12850,2719722,4.0
3107,2714453,4.0
1418,2708631,4.0
9876,2713804,4.0
5650,2715536,4.0
31111,2729094,4.0
30,2726598,4.0
25590,2705714,4.0
33705,2718664,4.0
7378,2706123,4.0
3263,2704459,4.0
945,2704968,4.0
7934,2718094,4.0
1861,2709439,4.0
11002,2707757,4.0
45867,2730618,4.0
2197,2736115,4.0
26427,2700756,4.0
32151,2706995,4.0
16450,2716591,4.0
31690,2726326,4.0
1255,2724700,4.0
1861,2705848,4.0
19699,2725794,4.0
3917,2706661,4.0
3950,2721144,4.0
62,2715863,4.0
1295,2692919,4.0
5119,2714534,4.0
10159,2702930,4.0
30209,2721456,4.0
3127,2710217,4.0
2197,2727164,4.0
20002,2716185,4.0
19164,2725007,4.0
44072,2722284,4.0
42938,2714748,4.0
21,2723822,4.0
1689,2692582,4.0
696,2718178,4.0
8144,2721929,4.0
31539,2710985,4.0
258,2704635,4.0
29032,2720422,4.0
7660,2730081,4.0
22635,2715871,4.0
13330,2711329,4.0
1295,2732727,4.0
11431,2709770,4.0
15329,2707084,4.0
2335,2706542,4.0
39855,2725960,4.0
16244,2720736,4.0
25480,2714286,4.0
696,2725015,4.0
21382,2717040,4.0
10664,2707091,4.0
3145,2685679,4.0
33112,2712717,4.0
23431,2717265,4.0
2819,2726276,4.0
11326,2734908,4.0
16450,2720353,4.0
33258,2714580,4.0
1158,2718183,4.0
62,2725390,4.0
16343,2721561,4.0
1295,2716257,4.0
29781,2716765,4.0
6012,2723064,4.0
11326,2726230,4.0
10473,2709477,4.0
7241,2704550,4.0
26885,2705818,4.0
41893,2721104,4.0
9228,2730575,4.0
23857,2714255,4.0
46801,2733136,4.0
31349,2707025,4.0
9205,2725105,4.0
10264,2704191,4.0
62,2726691,4.0
44853,2721950,4.0
16409,2716607,4.0
2368,2690581,4.0
31111,2709899,4.0
24339,2697993,4.0
11127,2715464,4.0
18966,2715928,4.0
901,2692552,4.0
15568,2710708,4.0
1811,2710662,4.0
7830,2711730,4.0
498,2700043,4.0
32202,2727748,4.0
6754,2705019,4.0
17178,2726639,4.0
4595,2681688,4.0
7554,2710272,4.0
1258,2692125,4.0
1728,2708624,4.0
3917,2718066,4.0
17739,2728064,4.0
21457,2711929,4.0
13090,2705497,4.0
1158,2714610,4.0
802,2701735,4.0
4918,2705788,4.0
4674,2698572,4.0
7830,2716646,4.0
11118,2704632,4.0
21255,2727885,4.0
33705,2726500,4.0
33597,2718818,4.0
1994,2729273,4.0
696,2712798,4.0
26509,2715544,4.0
33705,2711377,4.0
19017,2708239,4.0
11619,2707484,4.0
7830,2722702,4.0
26509,2725106,4.0
45867,2732270,4.0
10263,2701300,4.0
15891,2703470,4.0
10118,2693716,4.0
36466,2717981,4.0
15757,2727635,4.0
16191,2724929,4.0
21322,2713556,4.0
45409,2714844,4.0
8370,2693546,4.0
1168,2707740,4.0
22956,2707023,4.0
12191,2711748,4.0
1915,2688827,4.0
4576,2679481,4.0
7272,2707642,4.0
30,2728705,4.0
16417,2707020,4.0
19494,2718382,4.0
16104,2728652,4.0
7478,2699822,4.0
164,2697447,4.0
18407,2712021,4.0
742,2702064,4.0
2991,2701726,4.0
4137,2706809,4.0
45811,2729625,4.0
3120,2697887,4.0
12280,2704802,4.0
10784,2706904,4.0
2585,2718550,4.0
2390,2691682,4.0
15899,2725571,4.0
17905,2702930,4.0
39503,2717205,4.0
3173,2733729,4.0
25664,2707446,4.0
45339,2723484,4.0
46988,2729765,4.0
15031,2718933,4.0
34051,2723377,4.0
19177,2708885,4.0
44530,2730546,4.0
41791,2721937,4.0
4468,2690169,4.0
12850,2723896,4.0
1660,2729285,4.0
7513,2710624,4.0
9089,2711365,4.0
34699,2714855,4.0
24849,2722827,4.0
1418,2715315,4.0
19749,2705788,4.0
21,2690026,4.0
24613,2703774,4.0
22348,2714190,4.0
1295,2704404,4.0
696,2711909,4.0
21741,2735027,4.0
5572,2705338,4.0
46988,2733402,4.0
32895,2707041,4.0
7906,2724194,4.0
884,2711760,4.0
8469,2725074,4.0
1295,2705519,4.0
19279,2712407,4.0
9081,2723193,4.0
3295,2718893,4.0
40325,2708329,4.0
46530,2718579,4.0
5759,2704887,4.0
6260,2723100,4.0
3221,2710588,4.0
11387,2703288,4.0
18857,2706485,4.0
6373,2733417,4.0
48348,2729588,4.0
6394,2714785,4.0
7054,2701658,4.0
11302,2728033,4.0
3375,2727436,4.0
116,2703215,4.0
15495,2711760,4.0
3375,2722862,4.0
2197,2710965,4.0
6471,2717084,4.0
3874,2698500,4.0
29503,2735421,4.0
16450,2727996,4.0
6373,2702557,4.0
3904,2706489,4.0
32215,2706677,4.0
10784,2717971,4.0
31665,2716942,4.0
12850,2719155,4.0
31758,2697311,4.0
45336,2731425,4.0
186,2705145,4.0
39093,2720747,4.0
19679,2723727,4.0
21,2702018,4.0
4468,2691225,4.0
46627,2731965,4.0
1994,2705841,4.0
39533,2722283,4.0
1295,2729782,4.0
15069,2704457,4.0
30450,2706534,4.0
8074,2708553,4.0
2193,2710980,4.0
27785,2701077,4.0
15329,2702360,4.0
33718,2714558,4.0
3174,2700080,4.0
8074,2714592,4.0
43825,2729620,4.0
4400,2706495,4.0
43353,2718646,4.0
4540,2697766,4.0
24849,2724570,4.0
4540,2693968,4.0
2593,2701310,4.0
12044,2703838,4.0
16104,2687799,4.0
24339,2695374,4.0
834,2707014,4.0
28488,2707024,4.0
18836,2712835,4.0
31665,2705661,4.0
3659,2716042,4.0
6313,2685985,4.0
12053,2709460,4.0
12447,2713500,4.0
3375,2704742,4.0
21453,2708380,4.0
25562,2721346,4.0
1295,2705494,4.0
8383,2708302,4.0
15599,2710622,4.0
23455,2702906,4.0
23,2716802,4.0
2197,2734302,4.0
20013,2715113,4.0
7807,2704986,4.0
10784,2710582,4.0
15871,2711852,4.0
7910,2727304,4.0
25194,2718811,4.0
1967,2729321,4.0
36345,2719123,4.0
11387,2707168,4.0
7665,2715173,4.0
20410,2715884,4.0
29046,2707792,4.0
10880,2709270,4.0
35469,2723700,4.0
20053,2699492,4.0
1418,2712503,4.0
5144,2685878,4.0
11100,2707192,4.0
10682,2719634,4.0
2866,2700953,4.0
30,2710262,4.0
17186,2724247,4.0
298,2705637,4.0
10797,2698628,4.0
23066,2697181,4.0
12208,2709996,4.0
7773,2703571,4.0
28988,2715873,4.0
2368,2704752,4.0
1869,2701507,4.0
15890,2726266,4.0
11414,2688341,4.0
9205,2727188,4.0
10664,2717595,4.0
10995,2718558,4.0
31328,2712043,4.0
19656,2709520,4.0
17136,2715633,4.0
11127,2731777,4.0
7109,2723341,4.0
33488,2702108,4.0
28702,2702068,4.0
14428,2713244,4.0
48336,2721994,4.0
11002,2720875,4.0
17251,2716683,4.0
12738,2702712,4.0
24436,2707115,4.0
48195,2726536,4.0
12671,2703035,4.0
1960,2722678,4.0
37870,2716352,4.0
14430,2699879,4.0
31513,2716723,4.0
13643,2708692,4.0
1418,2709886,4.0
15599,2714882,4.0
17848,2714803,4.0
945,2702972,4.0
945,2695895,4.0
2992,2718974,4.0
696,2732495,4.0
2882,2716874,4.0
25069,2712738,4.0
742,2727913,4.0
31519,2698060,4.0
23327,2717210,4.0
21491,2710343,4.0
21936,2705830,4.0
9714,2698235,4.0
36770,2717875,4.0
10473,2705566,4.0
18042,2706274,4.0
298,2702204,4.0
24478,2735475,4.0
5541,2693416,4.0
18911,2707284,4.0
18966,2716877,4.0
298,2706631,4.0
9623,2723583,4.0
11002,2695304,4.0
7830,2716344,4.0
21604,2701221,4.0
7897,2698714,4.0
5759,2697283,4.0
10359,2705150,4.0
7814,2707212,4.0
18677,2730996,4.0
8288,2727694,4.0
25388,2730085,4.0
1397,2723081,4.0
62,2713407,4.0
3696,2704307,4.0
14375,2732217,4.0
2778,2729147,4.0
2778,2707059,4.0
2193,2724846,4.0
7478,2706126,4.0
3254,2718452,4.0
16290,2726679,4.0
17547,2718718,4.0
39503,2723404,4.0
62,2718377,4.0
1418,2706350,4.0
2806,2702252,4.0
8217,2725410,4.0
22554,2689358,4.0
193,2724559,4.0
15590,2714929,4.0
11584,2714887,4.0
10430,2699740,4.0
21080,2713473,4.0
10264,2716329,4.0
3923,2727387,4.0
29109,2726950,4.0
18966,2708333,4.0
17247,2732756,4.0
11002,2726686,4.0
34699,2719308,4.0
17808,2714177,4.0
24882,2730591,4.0
35227,2719498,4.0
38438,2712425,4.0
4430,2707626,4.0
508,2721510,4.0
3375,2717491,4.0
39533,2707709,4.0
22322,2714333,4.0
2202,2704559,4.0
17846,2710982,4.0
696,2714083,4.0
4097,2695887,4.0
10118,2705886,4.0
16226,2716781,4.0
42324,2727636,4.0
35133,2723375,4.0
9205,2729696,4.0
1295,2712255,4.0
21517,2708114,4.0
43925,2721672,4.0
21066,2704998,4.0
40050,2722653,4.0
7568,2693649,4.0
127,2698477,4.0
4400,2706999,4.0
44072,2728923,4.0
13922,2705900,4.0
22668,2713905,4.0
3635,2705371,4.0
5433,2705985,4.0
21518,2708555,4.0
5433,2694694,4.0
32992,2715668,4.0
22617,2716735,4.0
5119,2677162,4.0
28828,2713922,4.0
17143,2723637,4.0
15143,2707005,4.0
36466,2713526,4.0
6373,2709333,4.0
696,2716537,4.0
34051,2723109,4.0
7241,2695527,4.0
19702,2707070,4.0
7830,2737177,4.0
18966,2716031,4.0
14981,2707100,4.0
9495,2712721,4.0
33853,2709766,4.0
17272,2710534,4.0
7406,2722436,4.0
6730,2717460,4.0
4964,2716771,4.0
8002,2702297,4.0
35504,2720100,4.0
834,2715093,4.0
7974,2724172,4.0
24314,2703888,4.0
26416,2715541,4.0
20465,2706731,4.0
14292,2697138,4.0
46447,2718675,4.0
4698,2695902,4.0
7241,2720713,4.0
15861,2700079,4.0
29985,2720656,4.0
16722,2725078,4.0
46944,2720919,4.0
498,2718450,4.0
25388,2721001,4.0
47289,2717904,4.0
4400,2706030,4.0
19279,2718382,4.0
5650,2712195,4.0
18966,2725811,4.0
21629,2725556,4.0
29328,2719246,4.0
696,2703766,4.0
5209,2690610,4.0
3552,2713647,4.0
1879,2707125,4.0
48434,2734875,4.0
10682,2725323,4.0
29046,2706532,4.0
7378,2693966,4.0
17049,2702039,4.0
7830,2708895,4.0
5759,2702617,4.0
1646,2722626,4.0
2257,2726529,4.0
7910,2733851,4.0
29629,2719041,4.0
5650,2712446,4.0
4669,2704635,4.0
7830,2721765,4.0
42265,2695995,4.0
9495,2715683,4.0
22668,2717044,4.0
48856,2726174,4.0
834,2720841,4.0
16104,2730950,4.0
18997,2706920,4.0
31264,2721383,4.0
34217,2733797,4.0
24006,2708382,4.0
2134,2685722,4.0
33911,2710858,4.0
49552,2735123,4.0
2360,2695012,4.0
21128,2696833,4.0
3917,2706662,4.0
21,2710978,4.0
3696,2711925,4.0
41693,2716526,4.0
41319,2718279,4.0
23135,2726080,4.0
7310,2719631,4.0
4501,2705467,4.0
25664,2717675,4.0
31239,2713531,4.0
18641,2712564,4.0
5543,2708544,4.0
43439,2727163,4.0
45814,2727794,4.0
6728,2713573,4.0
17567,2734340,4.0
9205,2728169,4.0
38973,2712856,4.0
3997,2705809,4.0
7478,2702077,4.0
2585,2698632,4.0
6619,2716242,4.0
30,2714581,4.0
23918,2718299,4.0
16381,2720745,4.0
19593,2720347,4.0
6398,2707180,4.0
30,2731695,4.0
8716,2715981,4.0
24314,2697980,4.0
1418,2717126,4.0
29046,2706527,4.0
23135,2701701,4.0
42290,2718315,4.0
8074,2720606,4.0
9317,2723847,4.0
30,2713325,4.0
14154,2710978,4.0
1497,2694110,4.0
9714,2720087,4.0
31111,2709081,4.0
41633,2723962,4.0
9317,2723383,4.0
12208,2704999,4.0
26792,2717012,4.0
41693,2727347,4.0
10921,2697191,4.0
12572,2703099,4.0
31513,2716706,4.0
17574,2705429,4.0
19494,2716363,4.0
2992,2714719,4.0
44530,2724444,4.0
29985,2709458,4.0
26322,2728673,4.0
25502,2717987,4.0
28702,2721838,4.0
10995,2702062,4.0
29078,2716960,4.0
27049,2712086,4.0
18966,2719416,4.0
10473,2705672,4.0
11002,2735288,4.0
10658,2703283,4.0
42893,2706517,4.0
62,2729823,4.0
11027,2705516,4.0
10242,2721567,4.0
11002,2703021,4.0
889,2712580,4.0
3917,2719292,4.0
17391,2699706,4.0
25516,2709268,4.0
10473,2699740,4.0
27884,2719447,4.0
17247,2732676,4.0
45864,2730968,4.0
3917,2712299,4.0
11889,2735986,4.0
21025,2712346,4.0
12863,2714873,4.0
30,2709956,4.0
7645,2688801,4.0
31882,2709792,4.0
6803,2703466,4.0
27521,2715882,4.0
48656,2735204,4.0
6012,2705661,4.0
11326,2726228,4.0
28916,2708913,4.0
8550,2721613,4.0
3917,2712310,4.0
30,2723872,4.0
29127,2699859,4.0
14430,2703845,4.0
29654,2720113,4.0
23464,2730505,4.0
13848,2712904,4.0
16381,2719831,4.0
21237,2714213,4.0
12460,2698696,4.0
30,2720618,4.0
7241,2718704,4.0
46118,2719291,4.0
4985,2705316,4.0
17567,2718847,4.0
18880,2711661,4.0
48856,2727214,4.0
3203,2689795,4.0
13644,2694019,4.0
29510,2719995,4.0
1865,2696086,4.0
16260,2725017,4.0
62,2731206,4.0
11127,2718602,4.0
6447,2700738,4.0
34260,2698096,4.0
18880,2706702,4.0
2197,2730395,4.0
1206,2706308,4.0
23406,2715505,4.0
16417,2710622,4.0
25286,2730571,4.0
22232,2723996,4.0
12742,2718464,4.0
12044,2712302,4.0
47289,2734746,4.0
30,2730369,4.0
23,2715575,4.0
6313,2704363,4.0
1295,2729652,4.0
17536,2714861,4.0
2197,2725376,4.0
3236,2697956,4.0
16009,2700830,4.0
24508,2715369,4.0
16037,2692898,4.0
3003,2703540,4.0
6012,2715139,4.0
13919,2723176,4.0
2396,2687832,4.0
945,2720901,4.0
13425,2700957,4.0
2882,2736142,4.0
22783,2710649,4.0
186,2702985,4.0
46627,2732748,4.0
16104,2718607,4.0
20135,2717879,4.0
127,2713487,4.0
12006,2711394,4.0
46530,2729623,4.0
7044,2697222,4.0
9205,2713015,4.0
23042,2706740,4.0
19079,2723653,4.0
8447,2700152,4.0
21936,2708553,4.0
32393,2719746,4.0
12447,2702037,4.0
12208,2703797,4.0
18966,2719125,4.0
15051,2728869,4.0
8217,2710127,4.0
19593,2706800,4.0
25,2725569,4.0
30,2710201,4.0
12208,2720043,4.0
27111,2716366,4.0
7206,2718618,4.0
25516,2716301,4.0
11889,2677913,4.0
19300,2715302,4.0
10333,2714584,4.0
11431,2726335,4.0
7934,2702114,4.0
7026,2680801,4.0
17178,2715038,4.0
29268,2720620,4.0
15069,2713702,4.0
1968,2699208,4.0
12055,2702220,4.0
35227,2718391,4.0
17567,2736154,4.0
32215,2709174,4.0
77,2691542,4.0
4009,2699901,4.0
8074,2691712,4.0
32089,2715579,4.0
7934,2698067,4.0
20207,2702035,4.0
9151,2702402,4.0
7910,2726178,4.0
1561,2706359,4.0
17272,2706274,4.0
47220,2727794,4.0
31860,2718432,4.0
12484,2710957,4.0
24436,2716810,4.0
18966,2716029,4.0
6818,2706327,4.0
9479,2689169,4.0
14840,2707033,4.0
1968,2711446,4.0
11414,2696965,4.0
17763,2694634,4.0
23135,2733732,4.0
5759,2705401,4.0
6261,2698870,4.0
3917,2703340,4.0
19632,2727004,4.0
6373,2711540,4.0
23978,2715525,4.0
32490,2706370,4.0
16573,2721966,4.0
33705,2724198,4.0
23085,2716551,4.0
7241,2720694,4.0
17186,2725254,4.0
2495,2704573,4.0
18422,2710753,4.0
8211,2709654,4.0
21,2707660,4.0
1728,2723910,4.0
1418,2696803,4.0
19593,2705891,4.0
45409,2721473,4.0
5541,2703397,4.0
5650,2703283,4.0
21237,2725429,4.0
7378,2706098,4.0
742,2705431,4.0
1418,2718197,4.0
7830,2716353,4.0
33112,2680840,4.0
16722,2724505,4.0
8637,2718200,4.0
6394,2728596,4.0
39838,2713082,4.0
32308,2707796,4.0
22232,2710573,4.0
12324,2731779,4.0
27356,2714903,4.0
1879,2718249,4.0
38966,2716237,4.0
19079,2721593,4.0
6902,2699093,4.0
16226,2710622,4.0
1295,2707805,4.0
20033,2689051,4.0
9089,2733215,4.0
9385,2708730,4.0
18296,2715485,4.0
2193,2711778,4.0
11955,2711002,4.0
22269,2718662,4.0
8086,2688909,4.0
15861,2730813,4.0
15397,2724723,4.0
17567,2715173,4.0
125,2705922,4.0
9479,2703948,4.0
3917,2703082,4.0
166,2718086,4.0
28793,2713563,4.0
12470,2705451,4.0
2585,2713539,4.0
33159,2716647,4.0
11002,2708365,4.0
7897,2726808,4.0
21,2699806,4.0
4560,2703928,4.0
6373,2709531,4.0
6622,2687926,4.0
7568,2706699,4.0
18966,2717656,4.0
10183,2702035,4.0
2368,2692902,4.0
46988,2721299,4.0
5551,2713704,4.0
15590,2714274,4.0
11451,2694885,4.0
16463,2712119,4.0
17863,2721323,4.0
23918,2711233,4.0
2069,2719704,4.0
18214,2707044,4.0
3917,2732233,4.0
834,2726764,4.0
8086,2726760,4.0
62,2733725,4.0
7704,2711542,4.0
2197,2728374,4.0
16009,2713959,4.0
29046,2726865,4.0
6260,2704521,4.0
22212,2710522,4.0
834,2711905,4.0
62,2716607,4.0
16104,2700881,4.0
39953,2727123,4.0
1508,2706523,4.0
49074,2717878,4.0
935,2710434,4.0
8032,2705023,4.0
43555,2724961,4.0
19593,2705431,4.0
6307,2681688,4.0
41296,2720005,4.0
39533,2724010,4.0
1418,2710010,4.0
5043,2706469,4.0
33193,2714719,4.0
25069,2710697,4.0
1285,2723600,4.0
27800,2728737,4.0
834,2718507,4.0
16191,2713356,4.0
24933,2724970,4.0
19699,2703260,4.0
1823,2705065,4.0
13090,2708011,4.0
25194,2712980,4.0
5650,2699922,4.0
10370,2709323,4.0
16343,2724218,4.0
3003,2723020,4.0
15926,2723998,4.0
13209,2710698,4.0
2489,2729536,4.0
35173,2723823,4.0
7830,2713093,4.0
22897,2715530,4.0
7719,2734518,4.0
6373,2731953,4.0
43353,2714287,4.0
11479,2712393,4.0
10921,2720909,4.0
10784,2715636,4.0
25290,2714592,4.0
38652,2725153,4.0
2847,2715090,4.0
39503,2721654,4.0
1418,2719460,4.0
11777,2699216,4.0
1869,2692227,4.0
40050,2725051,4.0
7479,2711678,4.0
41037,2722391,4.0
2197,2725361,4.0
1561,2688079,4.0
2905,2706345,4.0
23176,2716336,4.0
6161,2677913,4.0
9541,2716507,4.0
41955,2729070,4.0
27274,2711375,4.0
20053,2712362,4.0
37128,2732664,4.0
12827,2712274,4.0
8974,2703408,4.0
7897,2702110,4.0
13105,2696934,4.0
9317,2733200,4.0
13043,2719400,4.0
8726,2695908,4.0
6420,2695869,4.0
10333,2714190,4.0
43548,2726305,4.0
62,2702962,4.0
834,2712275,4.0
4560,2698714,4.0
4540,2709906,4.0
27274,2722938,4.0
21,2692589,4.0
13093,2691136,4.0
14390,2731800,4.0
1430,2713072,4.0
3948,2730341,4.0
834,2714623,4.0
16573,2702930,4.0
696,2708556,4.0
37838,2714712,4.0
7830,2716333,4.0
9034,2735740,4.0
24903,2725497,4.0
30,2709107,4.0
3455,2717400,4.0
29046,2721680,4.0
30092,2721845,4.0
19494,2719491,4.0
696,2723622,4.0
33297,2713235,4.0
24478,2701094,4.0
3446,2693564,4.0
25473,2716567,4.0
38438,2709069,4.0
37870,2713953,4.0
1295,2715939,4.0
5650,2706347,4.0
20640,2712760,4.0
10264,2714905,4.0
19699,2702172,4.0
211,2703938,4.0
38780,2726372,4.0
32368,2705879,4.0
13067,2699888,4.0
13529,2715851,4.0
16904,2723343,4.0
40325,2709215,4.0
46801,2728247,4.0
11619,2696588,4.0
15493,2697913,4.0
6012,2722664,4.0
28619,2718770,4.0
696,2714867,4.0
37455,2725489,4.0
9081,2723228,4.0
16676,2696392,4.0
28310,2716863,4.0
10673,2705248,4.0
13518,2724198,4.0
21289,2716744,4.0
39503,2721547,4.0
17592,2701691,4.0
15137,2714102,4.0
19699,2716833,4.0
21491,2725059,4.0
10473,2698180,4.0
6730,2719941,4.0
29727,2704417,4.0
38966,2725628,4.0
6584,2690027,4.0
18966,2710069,4.0
12280,2714137,4.0
19494,2718350,4.0
1150,2705927,4.0
25480,2714224,4.0
211,2690712,4.0
10027,2716466,4.0
16260,2710209,4.0
19944,2714879,4.0
17846,2716333,4.0
27756,2721516,4.0
34260,2710015,4.0
22463,2709539,4.0
1418,2728498,4.0
47661,2731937,4.0
6447,2695830,4.0
28556,2718397,4.0
7719,2728561,4.0
19256,2708412,4.0
4430,2712964,4.0
25377,2715846,4.0
1418,2725713,4.0
21,2695947,4.0
11127,2719045,4.0
5345,2683977,4.0
3203,2704713,4.0
12116,2720090,4.0
2356,2697726,4.0
7830,2722800,4.0
1418,2728342,4.0
3455,2702143,4.0
41693,2714644,4.0
1527,2705434,4.0
46795,2731915,4.0
17006,2714534,4.0
14390,2712354,4.0
889,2707225,4.0
23862,2730811,4.0
17734,2713415,4.0
16587,2712632,4.0
2120,2687881,4.0
23552,2701068,4.0
25069,2717321,4.0
12280,2702710,4.0
48716,2730393,4.0
31371,2708197,4.0
24882,2722745,4.0
32001,2717319,4.0
19074,2724466,4.0
16226,2699778,4.0
26417,2710612,4.0
16450,2711797,4.0
15474,2703195,4.0
17111,2704079,4.0
43353,2718605,4.0
12862,2701056,4.0
39927,2696056,4.0
21608,2720436,4.0
22549,2726750,4.0
5075,2687775,4.0
15541,2707438,4.0
18966,2716232,4.0
16424,2706682,4.0
4793,2688443,4.0
4560,2711097,4.0
696,2717875,4.0
18900,2708287,4.0
18042,2708029,4.0
41791,2724695,4.0
396,2704432,4.0
11330,2693868,4.0
46481,2728585,4.0
4430,2699906,4.0
5759,2690932,4.0
41233,2721041,4.0
2902,2704691,4.0
2362,2686213,4.0
10264,2723023,4.0
834,2724203,4.0
18833,2695995,4.0
2687,2685620,4.0
17295,2710602,4.0
38671,2695391,4.0
17464,2714653,4.0
9089,2699872,4.0
33731,2723508,4.0
10658,2701253,4.0
5970,2693537,4.0
16244,2710454,4.0
6335,2701167,4.0
46075,2723995,4.0
4114,2713690,4.0
22109,2725976,4.0
13977,2712964,4.0
3917,2708855,4.0
22668,2715616,4.0
16279,2720709,4.0
9080,2708041,4.0
34266,2716749,4.0
31328,2720542,4.0
17006,2711874,4.0
48397,2712780,4.0
39143,2725311,4.0
27163,2712953,4.0
2885,2727899,4.0
10541,2707135,4.0
18257,2707697,4.0
22757,2735781,4.0
24837,2710125,4.0
5809,2716749,4.0
945,2712989,4.0
5650,2706462,4.0
6012,2723083,4.0
13137,2707653,4.0
28,2705085,4.0
25286,2730344,4.0
3917,2712317,4.0
29316,2720180,4.0
2806,2706134,4.0
38199,2711943,4.0
6260,2704516,4.0
10242,2708859,4.0
19458,2704853,4.0
47837,2730235,4.0
26803,2713698,4.0
8469,2725069,4.0
25,2710625,4.0
3876,2702978,4.0
19425,2706984,4.0
23042,2721595,4.0
9975,2702330,4.0
508,2700899,4.0
16244,2707342,4.0
17104,2713250,4.0
43825,2717553,4.0
26417,2716759,4.0
28738,2730194,4.0
16244,2727174,4.0
8337,2707426,4.0
18966,2718758,4.0
18833,2700359,4.0
32067,2722706,4.0
35795,2708965,4.0
18997,2710340,4.0
33646,2719181,4.0
38923,2722816,4.0
37021,2706529,4.0
3003,2726360,4.0
28556,2718432,4.0
498,2719649,4.0
1418,2710345,4.0
48826,2724097,4.0
12514,2695981,4.0
8074,2721340,4.0
40756,2725620,4.0
21924,2695288,4.0
62,2703021,4.0
7830,2711305,4.0
21080,2706608,4.0
9479,2702459,4.0
6619,2707015,4.0
6330,2712844,4.0
13043,2719123,4.0
1206,2703384,4.0
7316,2696280,4.0
12178,2723040,4.0
18966,2734799,4.0
16722,2716219,4.0
22394,2715105,4.0
7897,2728188,4.0
16450,2712950,4.0
18407,2710194,4.0
19279,2696341,4.0
10898,2732551,4.0
11027,2705564,4.0
2991,2703756,4.0
3680,2717238,4.0
1423,2704286,4.0
5759,2691833,4.0
2864,2721376,4.0
21332,2721214,4.0
5759,2700423,4.0
17863,2715636,4.0
2828,2692313,4.0
6420,2733098,4.0
7807,2702977,4.0
29032,2703321,4.0
22668,2701838,4.0
11002,2735153,4.0
29316,2716022,4.0
8648,2707303,4.0
41693,2728492,4.0
2556,2703514,4.0
31111,2722327,4.0
5879,2709345,4.0
5256,2719817,4.0
8383,2707642,4.0
39279,2722386,4.0
17547,2718731,4.0
2356,2695604,4.0
6215,2706694,4.0
8758,2706052,4.0
9080,2710644,4.0
25069,2713074,4.0
6260,2716946,4.0
32680,2694039,4.0
22668,2704675,4.0
31111,2728898,4.0
3003,2703629,4.0
16191,2722909,4.0
29046,2711477,4.0
10376,2681588,4.0
7814,2700950,4.0
19699,2730301,4.0
16104,2705386,4.0
23130,2715158,4.0
27521,2717190,4.0
22143,2699563,4.0
1522,2696014,4.0
29127,2715851,4.0
5759,2702723,4.0
36435,2723604,4.0
21,2699793,4.0
21720,2713308,4.0
17428,2706126,4.0
193,2703361,4.0
41319,2697990,4.0
12460,2705496,4.0
6958,2706838,4.0
6260,2720821,4.0
1967,2726605,4.0
4315,2708608,4.0
19751,2713159,4.0
37100,2715445,4.0
1660,2711268,4.0
28310,2711422,4.0
42324,2729139,4.0
17584,2705398,4.0
5650,2720025,4.0
27274,2714204,4.0
21332,2721797,4.0
34378,2723133,4.0
7934,2721117,4.0
15101,2719361,4.0
40050,2712359,4.0
31665,2703774,4.0
42265,2724174,4.0
1660,2707192,4.0
48397,2725186,4.0
26439,2706396,4.0
6471,2713286,4.0
24898,2713498,4.0
14609,2699746,4.0
30,2722308,4.0
21,2707665,4.0
24930,2718015,4.0
10107,2734888,4.0
2166,2728316,4.0
2792,2686538,4.0
9495,2709205,4.0
43084,2724608,4.0
19279,2702594,4.0
1706,2713314,4.0
5345,2681546,4.0
32956,2719065,4.0
21453,2711836,4.0
5497,2690560,4.0
18966,2719735,4.0
11127,2714903,4.0
37700,2718058,4.0
9100,2699103,4.0
31612,2717190,4.0
6215,2718810,4.0
20013,2715637,4.0
13533,2701056,4.0
1295,2724772,4.0
45864,2732005,4.0
44072,2730780,4.0
4540,2717904,4.0
26416,2730917,4.0
2197,2703803,4.0
36299,2716181,4.0
7406,2717219,4.0
3107,2704825,4.0
22670,2726475,4.0
27356,2729246,4.0
62,2717225,4.0
1295,2713033,4.0
6773,2695917,4.0
39503,2723929,4.0
3917,2725620,4.0
29347,2718003,4.0
28556,2723359,4.0
23376,2701967,4.0
24903,2725499,4.0
28764,2717992,4.0
17245,2725008,4.0
5292,2712704,4.0
5050,2704914,4.0
3003,2726426,4.0
17251,2721941,4.0
18966,2718896,4.0
28916,2710940,4.0
13643,2700550,4.0
24468,2716457,4.0
22200,2697571,4.0
31698,2716163,4.0
16856,2712762,4.0
19002,2699861,4.0
21,2685363,4.0
46447,2733297,4.0
36299,2706962,4.0
5210,2713418,4.0
831,2719596,4.0
16104,2698205,4.0
4560,2708024,4.0
10473,2701769,4.0
17536,2729997,4.0
834,2725557,4.0
27226,2722526,4.0
30,2722012,4.0
285,2696486,4.0
33032,2697855,4.0
6373,2721286,4.0
23206,2714270,4.0
13404,2712241,4.0
2197,2721551,4.0
48932,2732334,4.0
10264,2724333,4.0
28672,2727759,4.0
2878,2694096,4.0
36162,2729498,4.0
1256,2681727,4.0
1418,2703422,4.0
11294,2681548,4.0
17846,2725748,4.0
10680,2708405,4.0
5650,2722927,4.0
2760,2691853,4.0
24209,2703448,4.0
4315,2708931,4.0
6373,2727465,4.0
1835,2715460,4.0
19300,2731207,4.0
36162,2711392,4.0
1430,2712393,4.0
26439,2711377,4.0
11002,2711663,4.0
425,2697477,4.0
3375,2711434,4.0
7979,2720121,4.0
30,2700664,4.0
49181,2730596,4.0
6420,2710538,4.0
4793,2695359,4.0
21,2688098,4.0
28725,2711266,4.0
10680,2716592,4.0
10333,2729226,4.0
12941,2693942,4.0
24295,2706645,4.0
11302,2720811,4.0
831,2717873,4.0
14981,2707089,4.0
21332,2727980,4.0
29268,2715792,4.0
2486,2706417,4.0
4703,2704290,4.0
11430,2724850,4.0
19494,2721613,4.0
5119,2732095,4.0
3624,2681689,4.0
8973,2707235,4.0
47220,2720807,4.0
36345,2722691,4.0
1295,2715524,4.0
3003,2723475,4.0
26416,2717549,4.0
11062,2708409,4.0
22668,2709443,4.0
1285,2724695,4.0
28638,2713704,4.0
8871,2676412,4.0
22668,2715545,4.0
9205,2726681,4.0
10341,2710572,4.0
1660,2708879,4.0
5650,2715131,4.0
16564,2696016,4.0
21,2706557,4.0
28125,2705231,4.0
2910,2697557,4.0
18484,2706540,4.0
43825,2717549,4.0
25388,2730956,4.0
22212,2707228,4.0
2502,2699804,4.0
6054,2706437,4.0
7209,2726153,4.0
31331,2710658,4.0
11955,2698640,4.0
11479,2715793,4.0
2882,2713142,4.0
4233,2695936,4.0
7934,2700940,4.0
1295,2704472,4.0
16191,2722843,4.0
1418,2708136,4.0
3917,2701820,4.0
24837,2695993,4.0
19481,2713115,4.0
39855,2723245,4.0
33911,2719569,4.0
7830,2720765,4.0
2044,2728879,4.0
17428,2736291,4.0
27356,2701074,4.0
29109,2714139,4.0
10658,2700667,4.0
696,2710537,4.0
5759,2687846,4.0
45409,2722384,4.0
498,2699439,4.0
18262,2695095,4.0
3874,2726362,4.0
18305,2710718,4.0
14390,2722005,4.0
1660,2718388,4.0
1158,2707660,4.0
7830,2717304,4.0
2197,2713624,4.0
8141,2706698,4.0
30,2727699,4.0
24837,2715680,4.0
151,2719236,4.0
62,2732416,4.0
21855,2731829,4.0
38923,2717877,4.0
8637,2690981,4.0
47992,2721991,4.0
9081,2714506,4.0
23130,2716513,4.0
41037,2729173,4.0
30599,2719078,4.0
41024,2698215,4.0
834,2714459,4.0
696,2711916,4.0
29078,2719838,4.0
41693,2721459,4.0
37128,2725725,4.0
34051,2723095,4.0
14277,2714833,4.0
8454,2730095,4.0
18966,2728810,4.0
5426,2729785,4.0
5526,2689381,4.0
19632,2727016,4.0
27419,2715307,4.0
4233,2704834,4.0
4501,2692461,4.0
1295,2709957,4.0
11273,2697668,4.0
7830,2713100,4.0
1295,2726416,4.0
11055,2706211,4.0
15407,2694648,4.0
18966,2719389,4.0
11002,2710078,4.0
41955,2722007,4.0
18966,2716835,4.0
28033,2711087,4.0
2778,2714774,4.0
7704,2700041,4.0
9317,2709615,4.0
2489,2701053,4.0
1206,2705265,4.0
19562,2712564,4.0
7080,2715427,4.0
14948,2712999,4.0
46114,2720693,4.0
18760,2720570,4.0
17295,2704908,4.0
8032,2707078,4.0
7719,2679491,4.0
3173,2721680,4.0
2778,2696777,4.0
2126,2687309,4.0
7830,2719889,4.0
41693,2728906,4.0
24930,2732762,4.0
6012,2713613,4.0
26791,2719558,4.0
23206,2700855,4.0
23130,2716530,4.0
17584,2721949,4.0
38923,2727329,4.0
10921,2712569,4.0
30403,2717748,4.0
6330,2679443,4.0
17758,2709586,4.0
40474,2715637,4.0
19593,2705333,4.0
2368,2680201,4.0
10473,2702931,4.0
508,2704901,4.0
2489,2708286,4.0
11127,2698269,4.0
11387,2710364,4.0
6369,2711987,4.0
7503,2713219,4.0
21080,2720677,4.0
696,2699754,4.0
36466,2718541,4.0
24478,2726174,4.0
3173,2719840,4.0
12208,2707127,4.0
4540,2704407,4.0
13346,2720054,4.0
14954,2715720,4.0
8529,2716055,4.0
38870,2712754,4.0
23474,2712343,4.0
696,2720226,4.0
2257,2729292,4.0
29294,2718384,4.0
834,2713653,4.0
19458,2714287,4.0
2687,2688718,4.0
40050,2719372,4.0
35253,2711375,4.0
2489,2701313,4.0
28637,2714985,4.0
7109,2727001,4.0
8454,2718388,4.0
7530,2699411,4.0
24006,2717010,4.0
19038,2736959,4.0
42870,2730418,4.0
30,2730790,4.0
30,2713732,4.0
8106,2706671,4.0
7347,2696263,4.0
17595,2709478,4.0
4009,2700948,4.0
10027,2711882,4.0
21936,2717879,4.0
62,2704558,4.0
7568,2691332,4.0
29510,2698771,4.0
1418,2717586,4.0
834,2734350,4.0
5759,2691436,4.0
41693,2717430,4.0
7645,2688757,4.0
8531,2704633,4.0
49628,2735464,4.0
19017,2696675,4.0
7568,2723874,4.0
1893,2691735,4.0
2197,2718064,4.0
49374,2732496,4.0
40105,2718045,4.0
26888,2709466,4.0
5405,2703412,4.0
7241,2720958,4.0
22549,2700946,4.0
21255,2732448,4.0
20213,2701957,4.0
25136,2712761,4.0
16343,2716911,4.0
11584,2720965,4.0
7241,2719583,4.0
10333,2718967,4.0
7704,2712749,4.0
25516,2711636,4.0
11387,2703286,4.0
16104,2725460,4.0
696,2718149,4.0
4469,2707709,4.0
17588,2723058,4.0
32590,2706223,4.0
29488,2720602,4.0
3997,2705108,4.0
1811,2707319,4.0
25704,2709350,4.0
29268,2720602,4.0
19552,2715677,4.0
16357,2708474,4.0
28940,2714664,4.0
7830,2714708,4.0
9205,2717753,4.0
1295,2706497,4.0
17462,2717188,4.0
33787,2715457,4.0
22559,2710269,4.0
2386,2716171,4.0
3791,2731069,4.0
6619,2707089,4.0
42870,2720665,4.0
18042,2687765,4.0
2202,2686577,4.0
19910,2691949,4.0
21088,2715829,4.0
32215,2709068,4.0
9089,2733884,4.0
10880,2709205,4.0
27661,2715851,4.0
33911,2716873,4.0
2778,2703169,4.0
10995,2714270,4.0
7897,2707080,4.0
17758,2698161,4.0
15069,2725791,4.0
9265,2727381,4.0
17035,2712726,4.0
10995,2718146,4.0
12740,2699690,4.0
7811,2705184,4.0
7643,2693868,4.0
27356,2717994,4.0
28603,2706528,4.0
48348,2726426,4.0
23135,2716987,4.0
6789,2697911,4.0
7503,2695213,4.0
42239,2726774,4.0
32955,2718042,4.0
12044,2703104,4.0
6373,2720162,4.0
45814,2720729,4.0
34622,2725644,4.0
27462,2714580,4.0
11584,2729064,4.0
17247,2735126,4.0
16463,2721443,4.0
3876,2706391,4.0
18809,2711340,4.0
33705,2708250,4.0
12862,2707400,4.0
48133,2721927,4.0
91,2697897,4.0
16766,2713785,4.0
7378,2699779,4.0
44716,2724189,4.0
41530,2725046,4.0
21680,2712572,4.0
22222,2714912,4.0
834,2726815,4.0
15055,2702967,4.0
32895,2707033,4.0
6563,2704169,4.0
15890,2717077,4.0
48397,2720600,4.0
5572,2692341,4.0
12863,2711358,4.0
13533,2731213,4.0
7830,2714674,4.0
19267,2706209,4.0
13209,2706899,4.0
40094,2713974,4.0
19279,2701732,4.0
2988,2724850,4.0
2760,2711153,4.0
10541,2704820,4.0
6789,2708558,4.0
9770,2693966,4.0
29294,2718391,4.0
15590,2720032,4.0
19632,2729298,4.0
17739,2719600,4.0
19699,2706595,4.0
46426,2722564,4.0
26509,2715541,4.0
23042,2715640,4.0
39460,2725074,4.0
6394,2710534,4.0
12706,2719685,4.0
14928,2728223,4.0
3003,2691518,4.0
7177,2716874,4.0
19935,2713964,4.0
40050,2719941,4.0
11889,2706060,4.0
4983,2698732,4.0
16290,2707887,4.0
25052,2714166,4.0
1258,2696399,4.0
12742,2718374,4.0
17816,2692412,4.0
10880,2701122,4.0
6533,2704306,4.0
4501,2704842,4.0
7830,2720718,4.0
24478,2712138,4.0
7807,2719070,4.0
38671,2726278,4.0
9210,2714702,4.0
11667,2698791,4.0
48975,2733639,4.0
45409,2719810,4.0
8534,2698036,4.0
46944,2714914,4.0
41037,2721158,4.0
12178,2687203,4.0
34051,2712191,4.0
12862,2699873,4.0
6773,2692125,4.0
7830,2737188,4.0
5650,2712544,4.0
3424,2734173,4.0
298,2692009,4.0
3621,2694068,4.0
21332,2713906,4.0
37803,2718058,4.0
13854,2712398,4.0
12447,2709532,4.0
1418,2710709,4.0
38671,2723136,4.0
1418,2720151,4.0
5209,2686873,4.0
7209,2726808,4.0
25552,2713936,4.0
6373,2722115,4.0
18676,2729321,4.0
45409,2721465,4.0
935,2699805,4.0
8074,2706698,4.0
18829,2709909,4.0
30,2710222,4.0
13346,2726188,4.0
8074,2708556,4.0
31910,2722706,4.0
2585,2718190,4.0
23689,2710556,4.0
3917,2719291,4.0
15137,2714128,4.0
7568,2724924,4.0
29032,2719852,4.0
696,2699610,4.0
498,2698182,4.0
8106,2700824,4.0
14578,2707567,4.0
41693,2727867,4.0
779,2698828,4.0
32544,2719564,4.0
6563,2704804,4.0
8731,2728956,4.0
10333,2719181,4.0
21,2707681,4.0
3411,2711349,4.0
31152,2719322,4.0
46242,2714828,4.0
28558,2700988,4.0
7241,2707575,4.0
11241,2703514,4.0
18966,2716805,4.0
36335,2719133,4.0
39015,2717008,4.0
35504,2712951,4.0
16244,2727169,4.0
16463,2710982,4.0
28725,2711620,4.0
127,2708764,4.0
17584,2723600,4.0
6373,2697873,4.0
8716,2725116,4.0
9255,2693546,4.0
15656,2676762,4.0
22670,2703589,4.0
25102,2706532,4.0
1840,2693720,4.0
21,2704177,4.0
12226,2711903,4.0
1914,2722509,4.0
45409,2716242,4.0
21088,2713209,4.0
6912,2706272,4.0
8288,2727633,4.0
10159,2710971,4.0
9265,2710507,4.0
18704,2711947,4.0
5650,2707391,4.0
1295,2712154,4.0
37663,2725639,4.0
11002,2705116,4.0
7568,2690511,4.0
29078,2718401,4.0
31157,2719779,4.0
1960,2735563,4.0
19699,2718224,4.0
35253,2725732,4.0
22668,2701722,4.0
34699,2707432,4.0
12280,2702905,4.0
20033,2703878,4.0
25516,2717056,4.0
7814,2709466,4.0
32680,2710524,4.0
11326,2703262,4.0
3003,2711332,4.0
9265,2723359,4.0
4964,2706025,4.0
24056,2710524,4.0
8302,2723459,4.0
7974,2723696,4.0
8376,2691093,4.0
19458,2704434,4.0
7851,2715097,4.0
24849,2702793,4.0
30,2704022,4.0
2197,2703181,4.0
25069,2715181,4.0
2585,2709682,4.0
889,2725290,4.0
3003,2721517,4.0
18422,2708348,4.0
25193,2722562,4.0
1206,2719312,4.0
47837,2728819,4.0
25194,2728283,4.0
15954,2705587,4.0
9080,2697430,4.0
11479,2729622,4.0
22897,2686885,4.0
180,2707051,4.0
36028,2720070,4.0
6687,2732506,4.0
19267,2712819,4.0
1561,2701068,4.0
2045,2694710,4.0
2197,2717969,4.0
46530,2724570,4.0
15031,2706595,4.0
1689,2713488,4.0
12447,2696840,4.0
18571,2736282,4.0
43265,2728339,4.0
9089,2691858,4.0
10107,2717356,4.0
7378,2700217,4.0
38015,2725749,4.0
25516,2711601,4.0
8487,2718599,4.0
33032,2714599,4.0
41037,2722156,4.0
166,2717967,4.0
19506,2697258,4.0
22670,2708589,4.0
48851,2732482,4.0
31665,2722574,4.0
16450,2727997,4.0
3917,2732853,4.0
31698,2720162,4.0
5210,2712289,4.0
43353,2720955,4.0
3120,2699903,4.0
4769,2712858,4.0
6260,2700337,4.0
21943,2703386,4.0
3428,2700943,4.0
935,2715212,4.0
11145,2705292,4.0
18296,2733069,4.0
14770,2713029,4.0
4462,2726748,4.0
1614,2720472,4.0
3455,2717413,4.0
6019,2720511,4.0
23401,2707237,4.0
27226,2733500,4.0
17120,2701068,4.0
15331,2693480,4.0
16357,2704781,4.0
16722,2717796,4.0
2992,2730817,4.0
39503,2724086,4.0
11866,2705314,4.0
32117,2720091,4.0
30,2713704,4.0
16564,2702912,4.0
28828,2714951,4.0
2523,2701310,4.0
23135,2734220,4.0
43026,2722820,4.0
7830,2726703,4.0
10430,2696618,4.0
7210,2705663,4.0
25664,2717617,4.0
3003,2727123,4.0
27419,2712778,4.0
10342,2700337,4.0
9215,2725478,4.0
186,2687799,4.0
47658,2734249,4.0
1418,2727947,4.0
12706,2722854,4.0
14770,2700937,4.0
21421,2714906,4.0
35133,2709619,4.0
7776,2705361,4.0
5879,2715182,4.0
32590,2722123,4.0
10995,2697298,4.0
45033,2725488,4.0
1295,2701050,4.0
1418,2720401,4.0
11002,2726569,4.0
38576,2723428,4.0
17905,2725499,4.0
30,2704726,4.0
4985,2723902,4.0
46486,2729370,4.0
696,2717981,4.0
28828,2722876,4.0
244,2709778,4.0
19749,2724195,4.0
17848,2716641,4.0
14479,2694478,4.0
13464,2704988,4.0
14980,2698808,4.0
6388,2690129,4.0
46317,2732451,4.0
26950,2716604,4.0
6789,2714222,4.0
12197,2702979,4.0
10098,2694625,4.0
19279,2735780,4.0
16676,2706993,4.0
2878,2713053,4.0
29781,2724156,4.0
11584,2731174,4.0
26397,2721804,4.0
42324,2714754,4.0
834,2721686,4.0
7830,2714702,4.0
5650,2701980,4.0
10011,2695996,4.0
11369,2707306,4.0
35155,2711446,4.0
21608,2725311,4.0
20640,2714545,4.0
2066,2702930,4.0
8637,2728585,4.0
62,2714649,4.0
776,2705545,4.0
18484,2715916,4.0
8030,2705313,4.0
8288,2728111,4.0
32488,2707794,4.0
258,2704164,4.0
18572,2716413,4.0
696,2726778,4.0
42324,2722110,4.0
18171,2704651,4.0
20551,2704441,4.0
48374,2719022,4.0
5759,2694845,4.0
48716,2723058,4.0
17863,2715633,4.0
6619,2708001,4.0
6773,2720975,4.0
16572,2706199,4.0
498,2720186,4.0
22830,2703025,4.0
834,2727167,4.0
4824,2723673,4.0
17669,2734989,4.0
24295,2700078,4.0
16357,2709098,4.0
6394,2733120,4.0
62,2707505,4.0
2624,2707646,4.0
43026,2726255,4.0
6373,2717033,4.0
29127,2704975,4.0
27199,2734871,4.0
9303,2694851,4.0
31698,2719740,4.0
23494,2719762,4.0
38671,2725126,4.0
889,2707210,4.0
45409,2715880,4.0
3499,2709393,4.0
3635,2703005,4.0
21066,2702149,4.0
11667,2704666,4.0
24209,2698211,4.0
30,2713132,4.0
11803,2703007,4.0
40050,2727150,4.0
31244,2711335,4.0
24837,2711252,4.0
37870,2708540,4.0
7934,2720102,4.0
2156,2725043,4.0
17006,2723923,4.0
16450,2720813,4.0
30453,2707261,4.0
4233,2698714,4.0
298,2685453,4.0
62,2713069,4.0
25773,2704357,4.0
25,2716879,4.0
10197,2699804,4.0
33705,2724860,4.0
2360,2699604,4.0
6958,2706129,4.0
21,2707656,4.0
14954,2715724,4.0
25194,2719932,4.0
1915,2702114,4.0
22601,2695902,4.0
744,2719982,4.0
29727,2707711,4.0
19494,2720225,4.0
27274,2698556,4.0
31152,2721365,4.0
2126,2684068,4.0
6330,2713092,4.0
25516,2712679,4.0
20002,2732334,4.0
42893,2705393,4.0
4698,2679443,4.0
16718,2727319,4.0
38400,2722699,4.0
33488,2726273,4.0
5543,2729823,4.0
1683,2704533,4.0
2197,2714449,4.0
14578,2704100,4.0
25182,2719506,4.0
21741,2730976,4.0
8030,2705023,4.0
45814,2728191,4.0
2197,2736242,4.0
30158,2711098,4.0
193,2714644,4.0
18884,2709024,4.0
18407,2709888,4.0
19751,2714635,4.0
47063,2728173,4.0
3976,2706699,4.0
44911,2727645,4.0
9205,2729205,4.0
3917,2707356,4.0
7405,2707255,4.0
3950,2728756,4.0
2197,2709848,4.0
45737,2728493,4.0
22673,2707745,4.0
121,2706481,4.0
7830,2712836,4.0
696,2706888,4.0
21,2707674,4.0
32607,2716651,4.0
24295,2717079,4.0
17846,2721517,4.0
29032,2719545,4.0
18697,2711213,4.0
19632,2728297,4.0
12149,2702978,4.0
35764,2724074,4.0
39358,2716721,4.0
3003,2732371,4.0
15590,2715497,4.0
4233,2704329,4.0
23833,2699800,4.0
46801,2715380,4.0
6447,2698608,4.0
48906,2730258,4.0
25286,2729382,4.0
32488,2722952,4.0
18966,2717614,4.0
14277,2707044,4.0
40050,2725954,4.0
17536,2711375,4.0
16450,2720372,4.0
43353,2721944,4.0
28916,2715537,4.0
25760,2705897,4.0
7704,2708544,4.0
40050,2718494,4.0
1295,2704377,4.0
30,2692057,4.0
41707,2723386,4.0
9205,2723157,4.0
20202,2707298,4.0
21322,2697443,4.0
15052,2711537,4.0
43257,2718298,4.0
14609,2707618,4.0
186,2690027,4.0
33093,2707889,4.0
10242,2716307,4.0
31513,2708181,4.0
14931,2713093,4.0
18884,2700934,4.0
16243,2722924,4.0
6447,2690981,4.0
7830,2717485,4.0
17905,2711731,4.0
27490,2712063,4.0
2778,2695007,4.0
38392,2717998,4.0
46486,2729389,4.0
19494,2717875,4.0
4540,2704401,4.0
4624,2699879,4.0
164,2687870,4.0
48133,2733508,4.0
30,2706420,4.0
40050,2717982,4.0
8063,2707640,4.0
166,2694066,4.0
26340,2708380,4.0
7241,2717672,4.0
5241,2721473,4.0
36335,2719255,4.0
3120,2690957,4.0
186,2702143,4.0
19002,2701068,4.0
19279,2699195,4.0
9205,2729096,4.0
33622,2722938,4.0
12006,2691997,4.0
29127,2718379,4.0
39503,2720754,4.0
12324,2710334,4.0
15397,2712213,4.0
10165,2711356,4.0
16104,2726789,4.0
6619,2707996,4.0
5759,2707361,4.0
10314,2716097,4.0
22289,2720304,4.0
17232,2707453,4.0
46015,2725837,4.0
15909,2726357,4.0
3440,2704060,4.0
24339,2714779,4.0
2134,2690647,4.0
33705,2720005,4.0
46317,2717458,4.0
12324,2707518,4.0
32992,2698656,4.0
3455,2705170,4.0
8063,2707065,4.0
7704,2700824,4.0
11002,2704414,4.0
16100,2708097,4.0
7830,2707890,4.0
5650,2719185,4.0
23085,2709739,4.0
40050,2726218,4.0
35454,2707330,4.0
5119,2706359,4.0
2066,2710809,4.0
6373,2717900,4.0
14609,2707972,4.0
28033,2714098,4.0
37700,2720858,4.0
23130,2716528,4.0
46326,2733112,4.0
10680,2710319,4.0
4769,2717203,4.0
8648,2707583,4.0
18308,2706132,4.0
6447,2696803,4.0
39273,2718191,4.0
24882,2731671,4.0
41791,2714785,4.0
8534,2722998,4.0
26140,2707447,4.0
29503,2733740,4.0
1399,2704000,4.0
2778,2703234,4.0
18859,2710448,4.0
18003,2709723,4.0
696,2735314,4.0
13043,2718579,4.0
12182,2710127,4.0
8469,2704154,4.0
3375,2714512,4.0
1552,2710519,4.0
20002,2720974,4.0
34246,2718694,4.0
2368,2704363,4.0
1418,2725860,4.0
3447,2719333,4.0
10680,2707629,4.0
10333,2724654,4.0
696,2732167,4.0
11002,2702687,4.0
8637,2718191,4.0
17848,2716669,4.0
1418,2715246,4.0
696,2713695,4.0
4505,2704966,4.0
7719,2720442,4.0
1206,2703009,4.0
45867,2732266,4.0
3768,2715734,4.0
45869,2718812,4.0
14375,2681559,4.0
10664,2707788,4.0
7729,2710310,4.0
9089,2707369,4.0
43866,2722165,4.0
47302,2719994,4.0
7568,2722855,4.0
16357,2708479,4.0
11127,2709201,4.0
16381,2722646,4.0
28637,2728112,4.0
10333,2719067,4.0
21518,2711894,4.0
2197,2709515,4.0
10333,2715469,4.0
43900,2722602,4.0
186,2691654,4.0
2197,2734780,4.0
889,2719236,4.0
2197,2722187,4.0
9495,2699804,4.0
19458,2714304,4.0
696,2698830,4.0
6373,2717613,4.0
20465,2712228,4.0
6533,2715118,4.0
41791,2720954,4.0
2882,2691154,4.0
62,2723072,4.0
7897,2718096,4.0
19749,2715181,4.0
6260,2704134,4.0
22765,2709592,4.0
23074,2713953,4.0
15590,2723008,4.0
27356,2714384,4.0
30,2715132,4.0
26509,2714930,4.0
16243,2718028,4.0
19699,2713048,4.0
16104,2717485,4.0
30,2709949,4.0
46242,2714914,4.0
6597,2711487,4.0
7897,2726033,4.0
16104,2720974,4.0
18376,2725051,4.0
39503,2723255,4.0
