user_id,item_id,rating
186,2704261,4.0
7290,2707426,4.0
2763,2694570,4.0
11002,2711522,4.0
817,2688524,4.0
25552,2709592,4.0
4769,2717403,4.0
21,2704172,4.0
23130,2716522,4.0
17251,2721941,4.0
21040,2706953,4.0
7830,2707313,4.0
1418,2729235,4.0
10848,2707023,4.0
7310,2710613,4.0
8074,2706738,4.0
62,2712127,4.0
49628,2728280,4.0
7568,2723874,4.0
834,2724910,4.0
16191,2706942,4.0
12746,2696744,4.0
5497,2694084,4.0
19749,2712730,4.0
6789,2697911,4.0
11387,2708645,4.0
23197,2712829,4.0
4695,2724286,4.0
34260,2712083,4.0
30165,2729006,4.0
31264,2720676,4.0
977,2711945,4.0
40050,2718118,4.0
32151,2706995,4.0
27462,2707452,4.0
23327,2717335,4.0
45705,2719844,4.0
29347,2721476,4.0
91,2696777,4.0
17391,2709044,4.0
12460,2704893,4.0
1255,2724699,4.0
35469,2720124,4.0
22549,2724135,4.0
834,2707922,4.0
27419,2705207,4.0
30,2717747,4.0
21,2699401,4.0
12498,2695963,4.0
43825,2728588,4.0
2489,2708379,4.0
37455,2711362,4.0
8074,2709903,4.0
8106,2727432,4.0
18086,2693416,4.0
12863,2711358,4.0
19224,2711809,4.0
30,2726647,4.0
16009,2711602,4.0
11387,2706850,4.0
8370,2704163,4.0
10342,2691858,4.0
211,2709466,4.0
19699,2719263,4.0
7209,2724652,4.0
834,2722474,4.0
27884,2712215,4.0
15051,2729760,4.0
742,2712592,4.0
1295,2724163,4.0
16343,2716911,4.0
48348,2723408,4.0
7478,2704297,4.0
7554,2710518,4.0
32488,2721297,4.0
7177,2720479,4.0
10508,2716346,4.0
31698,2720164,4.0
9070,2704600,4.0
44329,2728100,4.0
38199,2719962,4.0
696,2721809,4.0
3917,2718057,4.0
38671,2725444,4.0
4748,2719914,4.0
24849,2735912,4.0
34152,2703130,4.0
45409,2718475,4.0
13853,2725131,4.0
12447,2701074,4.0
10784,2717971,4.0
10995,2714135,4.0
166,2712504,4.0
2991,2703831,4.0
16104,2708364,4.0
4624,2693928,4.0
23452,2700790,4.0
19632,2729530,4.0
1661,2696117,4.0
21457,2708411,4.0
22668,2711752,4.0
15031,2705735,4.0
10508,2707592,4.0
20465,2721299,4.0
2489,2706993,4.0
16104,2700963,4.0
39093,2720747,4.0
62,2695928,4.0
15590,2714896,4.0
15397,2721470,4.0
3917,2706667,4.0
915,2699790,4.0
33355,2732421,4.0
9241,2703994,4.0
7830,2710663,4.0
20994,2709940,4.0
8125,2705074,4.0
18880,2709101,4.0
696,2717875,4.0
29463,2709229,4.0
5119,2714534,4.0
11619,2707008,4.0
3387,2706886,4.0
30,2710674,4.0
13137,2697504,4.0
5809,2712917,4.0
3917,2716648,4.0
32899,2717873,4.0
14948,2697409,4.0
15437,2721265,4.0
10680,2698222,4.0
5326,2703179,4.0
696,2712786,4.0
16110,2710846,4.0
2366,2719052,4.0
4430,2711357,4.0
10664,2729448,4.0
6373,2729182,4.0
29046,2706532,4.0
8074,2722854,4.0
22668,2713932,4.0
23474,2731839,4.0
42579,2710064,4.0
46795,2730535,4.0
35173,2723421,4.0
12460,2702035,4.0
26140,2705013,4.0
28156,2731130,4.0
13643,2700550,4.0
17178,2710028,4.0
17287,2701708,4.0
37750,2713690,4.0
10118,2705188,4.0
15839,2706603,4.0
47114,2733583,4.0
27661,2715851,4.0
26039,2713376,4.0
48856,2727304,4.0
11127,2712898,4.0
17905,2696305,4.0
670,2691809,4.0
31741,2715210,4.0
28725,2726932,4.0
22059,2712383,4.0
5326,2700963,4.0
46184,2725467,4.0
834,2723420,4.0
35253,2725732,4.0
2991,2702352,4.0
21453,2713963,4.0
11027,2704995,4.0
41188,2726695,4.0
33193,2715870,4.0
36335,2723178,4.0
32368,2720093,4.0
7830,2726703,4.0
21956,2713854,4.0
18887,2710599,4.0
17247,2708823,4.0
1418,2714461,4.0
5070,2695602,4.0
2593,2685866,4.0
7830,2727302,4.0
31690,2719912,4.0
30165,2726712,4.0
14277,2710661,4.0
19699,2716104,4.0
21113,2707595,4.0
1968,2709903,4.0
12498,2710305,4.0
21255,2707526,4.0
4560,2704521,4.0
24339,2699752,4.0
696,2732161,4.0
10921,2703341,4.0
1689,2713488,4.0
11118,2709488,4.0
7830,2725450,4.0
7586,2707700,4.0
22394,2713886,4.0
14609,2710025,4.0
4769,2726960,4.0
36471,2724688,4.0
186,2701244,4.0
3107,2686870,4.0
25,2723648,4.0
4985,2700833,4.0
16191,2713124,4.0
15954,2705587,4.0
7974,2720106,4.0
6373,2733417,4.0
24314,2716905,4.0
834,2711353,4.0
22668,2715616,4.0
6250,2695352,4.0
29444,2720069,4.0
18086,2711352,4.0
6335,2717260,4.0
8106,2702596,4.0
1646,2719824,4.0
8637,2695860,4.0
36780,2715536,4.0
7011,2704410,4.0
834,2716721,4.0
15926,2719182,4.0
35400,2731053,4.0
15397,2712213,4.0
41530,2725037,4.0
2585,2693966,4.0
8302,2723454,4.0
2197,2727906,4.0
43353,2716733,4.0
16256,2719601,4.0
15590,2722636,4.0
11475,2720517,4.0
11002,2722894,4.0
5633,2705550,4.0
19017,2686058,4.0
834,2732504,4.0
3917,2718847,4.0
2991,2702389,4.0
45867,2733175,4.0
25473,2716528,4.0
10865,2711797,4.0
21,2717947,4.0
34574,2721614,4.0
34841,2726044,4.0
7934,2695219,4.0
6531,2701094,4.0
18677,2714649,4.0
10430,2709466,4.0
7830,2721642,4.0
47369,2726704,4.0
15793,2720504,4.0
16037,2702114,4.0
20251,2713491,4.0
14375,2732225,4.0
10769,2706547,4.0
9089,2718180,4.0
2193,2694881,4.0
11667,2706560,4.0
5241,2728488,4.0
6420,2689985,4.0
9495,2699804,4.0
12191,2702923,4.0
9396,2705923,4.0
7830,2713094,4.0
2964,2699795,4.0
25194,2712968,4.0
7897,2700618,4.0
48133,2734854,4.0
2368,2694939,4.0
18900,2710570,4.0
14770,2699845,4.0
12941,2681689,4.0
1967,2700790,4.0
33838,2717062,4.0
1418,2709237,4.0
43353,2728623,4.0
5125,2686708,4.0
6115,2725290,4.0
28129,2715647,4.0
47685,2734885,4.0
33159,2716654,4.0
4233,2704329,4.0
32488,2692569,4.0
7851,2706544,4.0
7934,2690111,4.0
36685,2713670,4.0
45869,2716278,4.0
39838,2729553,4.0
696,2707725,4.0
13518,2734829,4.0
27226,2731108,4.0
13105,2695882,4.0
166,2706637,4.0
47613,2726104,4.0
7478,2702077,4.0
1660,2720967,4.0
8678,2720797,4.0
27677,2716849,4.0
43265,2725757,4.0
29449,2729852,4.0
43519,2723503,4.0
15590,2714920,4.0
8519,2707074,4.0
3446,2704646,4.0
15568,2706661,4.0
12447,2709493,4.0
10021,2723638,4.0
11302,2708407,4.0
12250,2711794,4.0
7568,2721515,4.0
7830,2720801,4.0
28988,2715873,4.0
26509,2704921,4.0
12671,2711515,4.0
21568,2713497,4.0
16450,2720843,4.0
5050,2695950,4.0
3236,2687375,4.0
3769,2707115,4.0
18900,2708691,4.0
7210,2730805,4.0
8637,2731291,4.0
21,2704833,4.0
21465,2707422,4.0
17186,2726488,4.0
33705,2718486,4.0
1158,2722494,4.0
32089,2715792,4.0
32655,2720994,4.0
6579,2704166,4.0
10430,2687926,4.0
2446,2701072,4.0
19074,2709845,4.0
2563,2709920,4.0
5541,2695134,4.0
31910,2703224,4.0
30,2712773,4.0
2197,2722875,4.0
127,2714846,4.0
12850,2706757,4.0
10680,2727864,4.0
45864,2732005,4.0
10425,2714653,4.0
16191,2711676,4.0
22212,2707237,4.0
6803,2694356,4.0
11002,2704414,4.0
28129,2692246,4.0
42463,2725367,4.0
18966,2719950,4.0
46307,2731607,4.0
10784,2699198,4.0
1295,2711921,4.0
40878,2724457,4.0
834,2707987,4.0
31349,2721030,4.0
12280,2704802,4.0
53,2717400,4.0
19074,2722128,4.0
21453,2701225,4.0
5315,2702375,4.0
16279,2715677,4.0
1418,2713136,4.0
11359,2705454,4.0
48455,2718584,4.0
1703,2679443,4.0
23085,2709739,4.0
4501,2708939,4.0
24314,2712345,4.0
23604,2712723,4.0
37546,2711453,4.0
5645,2717910,4.0
26803,2711451,4.0
2612,2713696,4.0
12044,2703247,4.0
21680,2706927,4.0
7830,2725702,4.0
3111,2727999,4.0
16244,2710394,4.0
1660,2727237,4.0
32202,2722720,4.0
7241,2726598,4.0
17464,2717677,4.0
23130,2707406,4.0
193,2704806,4.0
21604,2722472,4.0
166,2718432,4.0
42210,2715512,4.0
46820,2732429,4.0
20924,2697330,4.0
14609,2700285,4.0
1255,2703834,4.0
2902,2716439,4.0
19552,2718514,4.0
18407,2711038,4.0
15569,2718449,4.0
6958,2687555,4.0
10333,2721437,4.0
7814,2713022,4.0
43509,2717557,4.0
4097,2706893,4.0
5759,2690684,4.0
11027,2697495,4.0
23813,2714279,4.0
151,2702930,4.0
40050,2725165,4.0
20551,2703885,4.0
41693,2727455,4.0
12280,2714154,4.0
3455,2698797,4.0
6789,2709694,4.0
29985,2713094,4.0
30,2710922,4.0
13854,2706890,4.0
13425,2700957,4.0
19494,2721339,4.0
17120,2723640,4.0
19494,2721348,4.0
2197,2720860,4.0
5759,2701949,4.0
1206,2706308,4.0
10098,2707407,4.0
21,2726687,4.0
16417,2687896,4.0
25069,2718452,4.0
14770,2704982,4.0
30,2731406,4.0
19699,2716837,4.0
62,2722392,4.0
6619,2706481,4.0
19948,2698725,4.0
8731,2728956,4.0
12197,2704968,4.0
12149,2706669,4.0
17232,2712763,4.0
42210,2727233,4.0
7719,2707853,4.0
180,2708688,4.0
8469,2725071,4.0
15069,2705775,4.0
26675,2714303,4.0
8648,2707347,4.0
696,2702989,4.0
11808,2692551,4.0
27049,2712086,4.0
508,2704615,4.0
19593,2714482,4.0
2885,2713335,4.0
29629,2719972,4.0
17247,2720742,4.0
10314,2728237,4.0
7241,2707268,4.0
26322,2728673,4.0
7773,2707584,4.0
696,2716538,4.0
23,2714294,4.0
11002,2703374,4.0
19749,2708489,4.0
834,2732487,4.0
62,2709458,4.0
2991,2729430,4.0
15397,2705052,4.0
9495,2716651,4.0
15495,2708856,4.0
696,2726773,4.0
7241,2717239,4.0
24437,2714506,4.0
20207,2719443,4.0
13919,2719047,4.0
22668,2713593,4.0
39503,2728460,4.0
7811,2691418,4.0
28156,2727213,4.0
12739,2708851,4.0
889,2716256,4.0
17755,2712280,4.0
7349,2719162,4.0
3107,2696392,4.0
27521,2718379,4.0
19749,2720444,4.0
19668,2703025,4.0
33718,2711585,4.0
30,2729123,4.0
18857,2713107,4.0
24339,2697993,4.0
25052,2714166,4.0
21,2710597,4.0
5759,2695810,4.0
8447,2700152,4.0
1418,2718127,4.0
16904,2719988,4.0
14902,2708001,4.0
23130,2715133,4.0
24930,2732458,4.0
12055,2717975,4.0
13919,2733808,4.0
39838,2720729,4.0
498,2699528,4.0
6619,2712980,4.0
10865,2704184,4.0
696,2720608,4.0
7811,2693156,4.0
7568,2714981,4.0
8370,2705387,4.0
7109,2724984,4.0
10784,2698833,4.0
3003,2726504,4.0
9081,2712988,4.0
38780,2726722,4.0
1915,2690795,4.0
27484,2703184,4.0
2368,2705119,4.0
46627,2732776,4.0
32890,2715875,4.0
18966,2717613,4.0
1418,2703020,4.0
42290,2721433,4.0
33853,2715923,4.0
41693,2722205,4.0
7934,2701068,4.0
7897,2726052,4.0
34940,2712342,4.0
19699,2712155,4.0
2988,2723386,4.0
1418,2710241,4.0
39533,2707740,4.0
5650,2700817,4.0
45409,2715880,4.0
12208,2715246,4.0
3917,2711689,4.0
10673,2709691,4.0
15143,2712789,4.0
9205,2729871,4.0
2197,2702095,4.0
889,2719236,4.0
25622,2702605,4.0
6640,2710417,4.0
29510,2715464,4.0
4964,2697247,4.0
10787,2723095,4.0
7378,2689581,4.0
41190,2730210,4.0
7586,2706731,4.0
13854,2710863,4.0
7280,2696934,4.0
11127,2723990,4.0
3463,2712321,4.0
13313,2706033,4.0
10541,2707135,4.0
26803,2717674,4.0
12740,2707642,4.0
1252,2725221,4.0
20013,2724930,4.0
26801,2727323,4.0
696,2711899,4.0
62,2712887,4.0
39503,2726936,4.0
35469,2714109,4.0
35376,2710524,4.0
17247,2716267,4.0
25812,2728589,4.0
3917,2715685,4.0
32655,2715826,4.0
48856,2726174,4.0
22668,2714233,4.0
3003,2707477,4.0
3455,2717400,4.0
29849,2704816,4.0
10024,2718689,4.0
4695,2729174,4.0
39533,2702103,4.0
21,2701748,4.0
3221,2710588,4.0
25411,2710615,4.0
18966,2716110,4.0
13853,2725136,4.0
16244,2720836,4.0
7011,2722828,4.0
11253,2696289,4.0
1418,2705240,4.0
16279,2701754,4.0
26397,2719478,4.0
3493,2728758,4.0
8106,2710181,4.0
834,2716755,4.0
7910,2718096,4.0
26509,2734790,4.0
27661,2718379,4.0
46820,2726344,4.0
6533,2705493,4.0
19074,2703967,4.0
6260,2716946,4.0
11458,2707624,4.0
3295,2722957,4.0
1418,2716096,4.0
2197,2736135,4.0
10784,2706532,4.0
696,2711822,4.0
10137,2710619,4.0
2449,2721898,4.0
10264,2724515,4.0
18572,2715976,4.0
9495,2724959,4.0
27111,2712494,4.0
8447,2734549,4.0
7241,2722892,4.0
5633,2687696,4.0
2362,2686179,4.0
40050,2726204,4.0
7830,2707982,4.0
23786,2703125,4.0
10118,2694793,4.0
25773,2711733,4.0
16346,2709004,4.0
7406,2705500,4.0
10098,2714299,4.0
6619,2688838,4.0
19279,2695968,4.0
45864,2730083,4.0
25,2707044,4.0
19074,2709886,4.0
16450,2728022,4.0
47837,2727262,4.0
9506,2726319,4.0
4469,2698817,4.0
19562,2712550,4.0
15069,2725791,4.0
29985,2709510,4.0
16191,2722909,4.0
21382,2706488,4.0
24933,2706660,4.0
987,2714497,4.0
8032,2707078,4.0
1418,2703033,4.0
884,2702556,4.0
45814,2718366,4.0
7807,2730564,4.0
15590,2714885,4.0
7719,2734518,4.0
2066,2710809,4.0
7897,2712103,4.0
16279,2707324,4.0
7310,2712183,4.0
11127,2721940,4.0
29449,2703230,4.0
16104,2724672,4.0
7788,2706719,4.0
25,2722728,4.0
21,2699150,4.0
425,2706104,4.0
4480,2713003,4.0
834,2717291,4.0
12579,2706474,4.0
12746,2706893,4.0
11051,2714900,4.0
40050,2718673,4.0
5551,2707020,4.0
47289,2725418,4.0
1252,2724944,4.0
20692,2731987,4.0
13853,2714341,4.0
6531,2727245,4.0
11961,2735566,4.0
696,2712773,4.0
406,2713953,4.0
19702,2698792,4.0
23604,2717550,4.0
2197,2695303,4.0
5256,2718965,4.0
25080,2713334,4.0
8658,2688444,4.0
935,2704174,4.0
935,2702949,4.0
16450,2707996,4.0
15541,2704920,4.0
43353,2722739,4.0
16104,2718606,4.0
2197,2708443,4.0
10682,2711268,4.0
8539,2714243,4.0
7241,2707578,4.0
10342,2706052,4.0
23437,2719975,4.0
11808,2702930,4.0
9019,2701992,4.0
23,2716787,4.0
8871,2689771,4.0
35991,2728623,4.0
834,2713347,4.0
25473,2716560,4.0
35189,2718621,4.0
6373,2729142,4.0
11955,2707473,4.0
6012,2718875,4.0
23042,2706650,4.0
7568,2724372,4.0
23206,2695216,4.0
8074,2710217,4.0
31757,2721701,4.0
19699,2698131,4.0
7241,2734735,4.0
1893,2705483,4.0
35795,2719026,4.0
8534,2714644,4.0
3917,2732338,4.0
26803,2702616,4.0
21948,2709217,4.0
27490,2719725,4.0
11874,2732406,4.0
33258,2719502,4.0
834,2730334,4.0
11241,2709477,4.0
696,2717433,4.0
20465,2709219,4.0
22670,2726475,4.0
11002,2695304,4.0
9856,2733079,4.0
24339,2714821,4.0
39358,2716721,4.0
4114,2718855,4.0
42332,2728657,4.0
3917,2719291,4.0
38966,2725638,4.0
11145,2705292,4.0
2502,2718680,4.0
24930,2704191,4.0
10314,2695652,4.0
11294,2707578,4.0
6115,2693868,4.0
7290,2703908,4.0
48428,2719129,4.0
21729,2728535,4.0
32956,2707700,4.0
10536,2701313,4.0
9034,2735738,4.0
17411,2710051,4.0
2778,2720040,4.0
21237,2716557,4.0
16104,2706879,4.0
16374,2714601,4.0
6687,2706470,4.0
14981,2704368,4.0
1418,2707396,4.0
12740,2704764,4.0
18214,2710524,4.0
7241,2727748,4.0
10444,2710358,4.0
21681,2735540,4.0
17863,2715633,4.0
33911,2718214,4.0
17411,2700134,4.0
46015,2731842,4.0
35253,2715736,4.0
30450,2710571,4.0
45409,2722344,4.0
47799,2731193,4.0
8534,2721813,4.0
23862,2731855,4.0
43353,2726204,4.0
12702,2707092,4.0
29488,2714204,4.0
18419,2714574,4.0
2882,2716874,4.0
12222,2695918,4.0
39358,2724079,4.0
35991,2717522,4.0
9943,2695667,4.0
17846,2725563,4.0
12587,2707930,4.0
28725,2714801,4.0
21382,2727754,4.0
43353,2722744,4.0
2197,2706228,4.0
38966,2723463,4.0
4297,2721921,4.0
28828,2708607,4.0
3254,2715851,4.0
16104,2728846,4.0
9714,2698211,4.0
18651,2713653,4.0
7830,2722681,4.0
28556,2719975,4.0
7814,2707573,4.0
30,2706077,4.0
20797,2715168,4.0
696,2709913,4.0
9205,2729741,4.0
1418,2699875,4.0
7934,2703840,4.0
4966,2704609,4.0
5106,2706996,4.0
23130,2716450,4.0
29865,2705578,4.0
11889,2735986,4.0
24849,2712844,4.0
5481,2734945,4.0
40050,2728641,4.0
21,2718565,4.0
696,2689786,4.0
7897,2730018,4.0
16104,2712272,4.0
6373,2709222,4.0
8074,2705077,4.0
21457,2711929,4.0
11584,2714887,4.0
696,2701752,4.0
7830,2714674,4.0
7830,2710394,4.0
1150,2705927,4.0
7479,2730253,4.0
12191,2702016,4.0
45409,2721469,4.0
29739,2712144,4.0
43866,2722278,4.0
22668,2711003,4.0
5650,2710833,4.0
16104,2712289,4.0
33977,2718804,4.0
26416,2718574,4.0
47999,2724541,4.0
29046,2721105,4.0
15576,2726835,4.0
29519,2718708,4.0
7814,2715557,4.0
34574,2711430,4.0
22668,2714450,4.0
10473,2709403,4.0
1295,2712656,4.0
21956,2707532,4.0
4769,2698095,4.0
15055,2687828,4.0
6619,2729532,4.0
28702,2726166,4.0
46530,2730992,4.0
19074,2729011,4.0
16374,2722283,4.0
3904,2700690,4.0
1255,2725164,4.0
2563,2711450,4.0
38671,2723185,4.0
1660,2707063,4.0
21813,2706359,4.0
3874,2699943,4.0
7161,2726120,4.0
19494,2716356,4.0
834,2736181,4.0
24339,2698235,4.0
37081,2723433,4.0
28725,2729227,4.0
22668,2711291,4.0
37838,2712636,4.0
14948,2702990,4.0
13189,2719990,4.0
2446,2700931,4.0
19494,2720224,4.0
10784,2696949,4.0
5650,2717448,4.0
41693,2722067,4.0
41791,2714234,4.0
13105,2699925,4.0
22429,2704611,4.0
6754,2705019,4.0
23412,2734510,4.0
39093,2720764,4.0
12289,2699852,4.0
7830,2714668,4.0
5360,2701253,4.0
25516,2716421,4.0
47289,2735556,4.0
12447,2697370,4.0
1418,2715018,4.0
43996,2725555,4.0
9205,2729988,4.0
18966,2718787,4.0
35795,2708045,4.0
30,2726339,4.0
21943,2712468,4.0
2197,2717705,4.0
5256,2714046,4.0
21,2711232,4.0
29629,2707117,4.0
48195,2725430,4.0
7830,2708884,4.0
24314,2703983,4.0
19279,2697389,4.0
5400,2717089,4.0
16104,2700963,4.0
12746,2697681,4.0
4769,2719328,4.0
11127,2714877,4.0
22990,2711497,4.0
28916,2710940,4.0
3696,2713467,4.0
7897,2718106,4.0
13977,2708107,4.0
7054,2695838,4.0
7807,2705483,4.0
4983,2702995,4.0
834,2711349,4.0
16374,2721822,4.0
13577,2708097,4.0
3173,2721680,4.0
40325,2708329,4.0
3696,2720027,4.0
3844,2713547,4.0
45814,2720766,4.0
32895,2722971,4.0
24849,2735464,4.0
20135,2721613,4.0
33705,2725716,4.0
35454,2719216,4.0
6250,2705562,4.0
17411,2704223,4.0
18571,2732371,4.0
8063,2707639,4.0
21,2707656,4.0
8539,2711725,4.0
1869,2703384,4.0
696,2705512,4.0
36435,2711376,4.0
2202,2704657,4.0
22668,2713990,4.0
5551,2688464,4.0
20053,2708138,4.0
27751,2716849,4.0
21,2724202,4.0
8074,2717876,4.0
696,2711815,4.0
25518,2717445,4.0
62,2717093,4.0
5541,2705369,4.0
36335,2707390,4.0
7934,2702924,4.0
20595,2715479,4.0
9317,2721116,4.0
11435,2704975,4.0
23483,2719450,4.0
21604,2730378,4.0
2197,2728186,4.0
29046,2715861,4.0
23420,2706705,4.0
11002,2700946,4.0
11302,2707020,4.0
2197,2708324,4.0
45409,2725882,4.0
16450,2716591,4.0
9157,2691858,4.0
180,2715957,4.0
5409,2700962,4.0
9081,2723199,4.0
6313,2700603,4.0
7586,2707110,4.0
8539,2713993,4.0
1295,2731198,4.0
33911,2717794,4.0
9081,2701660,4.0
44716,2723033,4.0
2556,2714184,4.0
11414,2707371,4.0
12740,2706309,4.0
7830,2720197,4.0
935,2712011,4.0
8074,2720610,4.0
5124,2703548,4.0
2594,2694839,4.0
18572,2704601,4.0
6554,2689322,4.0
22668,2714009,4.0
7910,2720975,4.0
15541,2701310,4.0
779,2696954,4.0
3997,2700409,4.0
3003,2704889,4.0
11961,2706124,4.0
834,2714322,4.0
696,2701074,4.0
7830,2723950,4.0
49711,2722142,4.0
45409,2724378,4.0
7568,2706659,4.0
33597,2718844,4.0
7503,2713219,4.0
1418,2713831,4.0
2254,2729367,4.0
36913,2714972,4.0
19552,2732504,4.0
10359,2708420,4.0
9317,2721048,4.0
7310,2712268,4.0
10921,2733611,4.0
14948,2705381,4.0
7719,2707015,4.0
16256,2720224,4.0
186,2685872,4.0
16882,2685886,4.0
26792,2711445,4.0
4985,2683877,4.0
46944,2734517,4.0
21382,2720423,4.0
2902,2716439,4.0
6373,2708273,4.0
15069,2704457,4.0
1646,2727030,4.0
29032,2709829,4.0
5350,2712295,4.0
193,2719006,4.0
32488,2709089,4.0
22942,2733038,4.0
2197,2725340,4.0
8012,2702047,4.0
23482,2720059,4.0
11253,2730235,4.0
696,2709668,4.0
48397,2723103,4.0
834,2722665,4.0
7830,2710441,4.0
20002,2706474,4.0
15871,2707089,4.0
17922,2716633,4.0
10995,2718612,4.0
8288,2727737,4.0
834,2736182,4.0
24125,2709502,4.0
1418,2709740,4.0
6402,2707517,4.0
38780,2723345,4.0
8534,2703100,4.0
21457,2706054,4.0
1295,2732401,4.0
3006,2712310,4.0
17846,2706634,4.0
12226,2707840,4.0
25704,2721454,4.0
13425,2694603,4.0
11458,2706549,4.0
2778,2703224,4.0
889,2707230,4.0
19279,2695090,4.0
7478,2690928,4.0
28828,2715537,4.0
46855,2730934,4.0
8648,2705873,4.0
1295,2705577,4.0
15890,2726494,4.0
10995,2709662,4.0
18966,2716163,4.0
35479,2708566,4.0
11475,2717311,4.0
8063,2711974,4.0
24339,2695374,4.0
29371,2716344,4.0
2991,2704499,4.0
2120,2698148,4.0
37455,2714912,4.0
7807,2705472,4.0
18688,2700061,4.0
22232,2727753,4.0
4312,2696773,4.0
4576,2679452,4.0
3917,2704805,4.0
15954,2725774,4.0
24613,2714559,4.0
298,2705116,4.0
40105,2724344,4.0
17816,2693419,4.0
6447,2691718,4.0
20446,2716249,4.0
6789,2718605,4.0
18262,2697409,4.0
35886,2719919,4.0
5650,2691757,4.0
25388,2722450,4.0
25518,2719286,4.0
40234,2724018,4.0
35155,2711446,4.0
41693,2715302,4.0
7209,2726794,4.0
17739,2707798,4.0
43996,2724818,4.0
36335,2728585,4.0
19699,2703260,4.0
29032,2703326,4.0
22886,2726033,4.0
7478,2702077,4.0
834,2735469,4.0
6728,2711408,4.0
17763,2705131,4.0
7912,2690128,4.0
19297,2709260,4.0
30,2707814,4.0
11002,2700867,4.0
12280,2720747,4.0
5409,2718630,4.0
3917,2709893,4.0
3730,2705037,4.0
26397,2704395,4.0
298,2701657,4.0
23401,2706666,4.0
5119,2719085,4.0
5075,2698612,4.0
6622,2683938,4.0
2864,2716426,4.0
17846,2707622,4.0
10333,2714206,4.0
15909,2704433,4.0
39503,2723255,4.0
45409,2716242,4.0
3948,2690957,4.0
31349,2721034,4.0
3145,2695235,4.0
10880,2693018,4.0
24339,2716720,4.0
27163,2713270,4.0
6728,2702075,4.0
9034,2735740,4.0
10520,2703714,4.0
8107,2698807,4.0
9317,2726259,4.0
696,2692858,4.0
8529,2705920,4.0
9210,2709489,4.0
22757,2701315,4.0
46426,2732333,4.0
34378,2723635,4.0
15961,2732371,4.0
7109,2720032,4.0
290,2699850,4.0
29968,2686859,4.0
6619,2712954,4.0
21491,2715485,4.0
1418,2705511,4.0
5543,2730963,4.0
35925,2719517,4.0
13919,2734784,4.0
16191,2718406,4.0
4748,2719731,4.0
24647,2715846,4.0
1561,2704329,4.0
3003,2713861,4.0
2446,2698831,4.0
32233,2718432,4.0
7897,2727005,4.0
7347,2688943,4.0
49281,2736206,4.0
27186,2706476,4.0
10995,2704321,4.0
45339,2723484,4.0
4596,2685886,4.0
3455,2717395,4.0
11241,2703514,4.0
5660,2715477,4.0
5345,2683977,4.0
3107,2726527,4.0
5256,2705329,4.0
29109,2719351,4.0
3263,2685699,4.0
20213,2700931,4.0
10784,2706527,4.0
7241,2723503,4.0
2902,2705906,4.0
25237,2731120,4.0
23455,2715272,4.0
40878,2724350,4.0
9081,2708971,4.0
29046,2712881,4.0
945,2712893,4.0
14965,2678967,4.0
38923,2725537,4.0
5759,2700423,4.0
6257,2691884,4.0
18499,2713737,4.0
16238,2730073,4.0
834,2725762,4.0
12191,2694968,4.0
1418,2729020,4.0
18572,2713674,4.0
15891,2709171,4.0
24006,2703230,4.0
24933,2723877,4.0
2166,2729223,4.0
4971,2701908,4.0
24837,2717438,4.0
13394,2726578,4.0
18839,2708003,4.0
2506,2700948,4.0
7530,2712901,4.0
6215,2700641,4.0
24613,2711349,4.0
8406,2724537,4.0
30165,2720623,4.0
1418,2712076,4.0
26262,2718256,4.0
5736,2712816,4.0
16244,2721660,4.0
34260,2715131,4.0
36382,2727982,4.0
23401,2714634,4.0
1430,2715738,4.0
3493,2730149,4.0
41955,2717111,4.0
5125,2712935,4.0
27111,2703384,4.0
41633,2724093,4.0
28125,2700937,4.0
35991,2713526,4.0
4576,2692989,4.0
25,2710624,4.0
23130,2716525,4.0
7934,2706092,4.0
2166,2717209,4.0
11889,2736080,4.0
7177,2719567,4.0
49181,2730596,4.0
36435,2723604,4.0
16243,2726978,4.0
16766,2707586,4.0
2116,2705064,4.0
26039,2717372,4.0
10242,2721567,4.0
37743,2725513,4.0
26696,2710611,4.0
9714,2720121,4.0
28672,2703207,4.0
26509,2700855,4.0
1295,2711993,4.0
7272,2707692,4.0
498,2720151,4.0
16037,2710663,4.0
8107,2695617,4.0
2193,2711870,4.0
11387,2704509,4.0
696,2712916,4.0
2778,2703234,4.0
11174,2714639,4.0
32202,2727748,4.0
1383,2727370,4.0
8731,2727423,4.0
24478,2716736,4.0
285,2692286,4.0
696,2699610,4.0
3447,2694098,4.0
1614,2720795,4.0
17787,2714247,4.0
15590,2713609,4.0
7645,2688757,4.0
11253,2700522,4.0
1418,2718171,4.0
7807,2728054,4.0
7195,2707325,4.0
12850,2711193,4.0
29032,2712350,4.0
27884,2707093,4.0
17006,2728021,4.0
12447,2701078,4.0
14931,2702521,4.0
21402,2696464,4.0
3003,2711015,4.0
24478,2719129,4.0
11002,2711267,4.0
6012,2717461,4.0
18676,2729191,4.0
5125,2695044,4.0
4560,2706200,4.0
6597,2711487,4.0
23401,2717399,4.0
27785,2704417,4.0
19656,2709520,4.0
22757,2735780,4.0
45409,2724805,4.0
38488,2720387,4.0
28638,2697982,4.0
20028,2706970,4.0
18214,2701119,4.0
889,2687941,4.0
24613,2711359,4.0
22617,2711906,4.0
1301,2690872,4.0
3635,2734557,4.0
2695,2706999,4.0
43026,2722814,4.0
18966,2710069,4.0
26961,2717281,4.0
32490,2717243,4.0
19699,2730318,4.0
6447,2714889,4.0
21855,2715064,4.0
34266,2714825,4.0
21,2712649,4.0
15493,2694654,4.0
7310,2719631,4.0
9767,2703659,4.0
19279,2701732,4.0
11803,2713115,4.0
7910,2694580,4.0
696,2712880,4.0
14980,2711147,4.0
17567,2736154,4.0
39273,2718191,4.0
19335,2706498,4.0
5119,2724198,4.0
5650,2699807,4.0
24508,2715601,4.0
10264,2716331,4.0
5241,2701553,4.0
8383,2698227,4.0
11584,2708398,4.0
2007,2717451,4.0
2778,2724313,4.0
11002,2735153,4.0
29294,2718384,4.0
22757,2735786,4.0
5292,2693277,4.0
18902,2714299,4.0
47473,2735157,4.0
1418,2705077,4.0
43548,2720979,4.0
6398,2706844,4.0
7568,2706703,4.0
16450,2723753,4.0
1295,2717676,4.0
7054,2706886,4.0
8376,2691093,4.0
1418,2710035,4.0
15590,2723008,4.0
3917,2705118,4.0
1960,2725537,4.0
27111,2719104,4.0
12447,2708445,4.0
16104,2719810,4.0
46795,2731690,4.0
696,2720613,4.0
1418,2708067,4.0
987,2711401,4.0
19822,2709531,4.0
151,2711363,4.0
7830,2720974,4.0
25,2696309,4.0
2489,2720942,4.0
7897,2730318,4.0
14594,2712736,4.0
7807,2730984,4.0
40234,2721382,4.0
23490,2695995,4.0
18651,2711727,4.0
38671,2719383,4.0
498,2719215,4.0
44911,2728920,4.0
22668,2708638,4.0
8534,2710536,4.0
14902,2714820,4.0
3635,2693938,4.0
3696,2711379,4.0
47773,2731200,4.0
46447,2718675,4.0
2763,2701090,4.0
35430,2706230,4.0
45409,2721473,4.0
23412,2708368,4.0
6335,2701167,4.0
23,2717622,4.0
2197,2714605,4.0
834,2707386,4.0
889,2701008,4.0
30,2689370,4.0
23,2713786,4.0
3917,2718069,4.0
17714,2710019,4.0
12645,2721758,4.0
15086,2712892,4.0
11002,2726569,4.0
27274,2717362,4.0
6373,2694962,4.0
11479,2729622,4.0
33705,2723283,4.0
3003,2708024,4.0
19749,2702468,4.0
36913,2725705,4.0
7807,2690038,4.0
46047,2718675,4.0
20465,2708484,4.0
19279,2701312,4.0
15576,2711489,4.0
41693,2727330,4.0
10682,2728247,4.0
1295,2724044,4.0
9081,2692336,4.0
6471,2722941,4.0
2356,2702698,4.0
1430,2716829,4.0
40050,2719256,4.0
17922,2730083,4.0
35189,2719972,4.0
49414,2722438,4.0
19699,2703861,4.0
25,2725490,4.0
48856,2725278,4.0
1418,2718227,4.0
11435,2737115,4.0
16243,2717261,4.0
40050,2713067,4.0
15861,2712833,4.0
23533,2717413,4.0
27226,2733500,4.0
4233,2695936,4.0
33193,2730090,4.0
24930,2732824,4.0
43509,2728842,4.0
3187,2686884,4.0
3680,2715451,4.0
27111,2716366,4.0
1295,2716020,4.0
6622,2717553,4.0
16110,2709763,4.0
10264,2728713,4.0
9205,2728989,4.0
7807,2677947,4.0
9317,2721044,4.0
35799,2717433,4.0
13577,2707629,4.0
44072,2721539,4.0
3917,2712313,4.0
696,2714072,4.0
9215,2722544,4.0
1879,2699757,4.0
5209,2726904,4.0
8288,2728111,4.0
3455,2698161,4.0
7177,2717657,4.0
17842,2685886,4.0
10664,2726226,4.0
16567,2709287,4.0
7910,2710645,4.0
7406,2706084,4.0
19373,2703356,4.0
47992,2723037,4.0
22765,2711239,4.0
26262,2718745,4.0
39358,2722697,4.0
915,2726197,4.0
3917,2732229,4.0
6130,2707007,4.0
7830,2707897,4.0
11479,2730301,4.0
1399,2700532,4.0
62,2724829,4.0
18499,2699826,4.0
2778,2704266,4.0
16766,2714569,4.0
26884,2714224,4.0
2563,2706842,4.0
15069,2713702,4.0
23327,2712749,4.0
21378,2711376,4.0
36685,2716833,4.0
46015,2729144,4.0
19699,2704442,4.0
15023,2710971,4.0
21236,2703261,4.0
18760,2730031,4.0
44985,2722714,4.0
834,2717364,4.0
1418,2717126,4.0
19079,2721593,4.0
696,2721890,4.0
15427,2712572,4.0
24478,2734746,4.0
15143,2724966,4.0
127,2732321,4.0
29396,2717190,4.0
43353,2732195,4.0
19279,2719501,4.0
12850,2705108,4.0
13209,2706899,4.0
26509,2707082,4.0
6373,2720529,4.0
12706,2708553,4.0
1915,2690942,4.0
25388,2732898,4.0
7910,2718602,4.0
12706,2728075,4.0
12706,2721184,4.0
3424,2692829,4.0
10425,2703424,4.0
2449,2722691,4.0
29629,2704804,4.0
6789,2698735,4.0
26039,2716562,4.0
10664,2695948,4.0
19494,2719685,4.0
8658,2727154,4.0
21421,2704755,4.0
21378,2721014,4.0
1660,2711375,4.0
1835,2719268,4.0
12289,2692440,4.0
6447,2693883,4.0
11717,2692523,4.0
32772,2712980,4.0
18829,2707244,4.0
10341,2699854,4.0
696,2712748,4.0
35799,2704776,4.0
9541,2728182,4.0
7807,2713651,4.0
39122,2722474,4.0
11127,2730705,4.0
11475,2712521,4.0
3874,2704723,4.0
47114,2725996,4.0
21,2704183,4.0
25552,2710615,4.0
3594,2711953,4.0
4769,2735673,4.0
32607,2719376,4.0
4865,2699650,4.0
18841,2704459,4.0
28763,2717400,4.0
17567,2723982,4.0
62,2718475,4.0
30,2728846,4.0
2624,2692313,4.0
13043,2719400,4.0
5759,2700783,4.0
34051,2725148,4.0
16346,2706124,4.0
29396,2715851,4.0
7830,2727169,4.0
4985,2723941,4.0
19494,2719506,4.0
7906,2713233,4.0
22668,2701722,4.0
5119,2718660,4.0
32215,2719949,4.0
26509,2724118,4.0
26801,2707988,4.0
696,2711393,4.0
3594,2686705,4.0
8520,2711557,4.0
16104,2713244,4.0
11127,2713678,4.0
4430,2727256,4.0
3375,2713736,4.0
29849,2719972,4.0
9714,2720086,4.0
14183,2698481,4.0
10673,2701088,4.0
7934,2718094,4.0
21680,2708541,4.0
3455,2702143,4.0
6373,2713235,4.0
17584,2721949,4.0
12642,2698502,4.0
2197,2731576,4.0
10270,2702954,4.0
22990,2720870,4.0
4669,2707224,4.0
26515,2701970,4.0
7830,2719408,4.0
14954,2715720,4.0
6373,2720261,4.0
10664,2703321,4.0
1865,2709906,4.0
41305,2728591,4.0
6019,2720511,4.0
18499,2712656,4.0
49552,2736938,4.0
1418,2717562,4.0
5119,2701729,4.0
1295,2712144,4.0
23978,2718488,4.0
6803,2707180,4.0
31519,2697296,4.0
13363,2689849,4.0
1418,2709371,4.0
1295,2729627,4.0
8469,2725067,4.0
8678,2723274,4.0
17247,2735126,4.0
8609,2717544,4.0
945,2705381,4.0
834,2710599,4.0
3173,2711324,4.0
2197,2721750,4.0
17567,2715194,4.0
29849,2714945,4.0
7830,2724663,4.0
26884,2715754,4.0
30511,2719963,4.0
3455,2698164,4.0
21855,2704917,4.0
6307,2701061,4.0
9034,2736518,4.0
6545,2709581,4.0
32799,2714673,4.0
39279,2721515,4.0
22886,2711946,4.0
27286,2708363,4.0
1893,2703102,4.0
10107,2714185,4.0
38392,2717998,4.0
2502,2723256,4.0
39093,2720775,4.0
40050,2723395,4.0
7457,2698172,4.0
29046,2716687,4.0
9317,2723847,4.0
46307,2723601,4.0
31513,2716706,4.0
11359,2716060,4.0
3730,2701447,4.0
4971,2719893,4.0
8246,2731891,4.0
7814,2707584,4.0
12191,2708412,4.0
15599,2723189,4.0
8383,2712349,4.0
23130,2716463,4.0
45814,2727768,4.0
25194,2711375,4.0
12498,2700690,4.0
2446,2699416,4.0
8141,2714946,4.0
1914,2723303,4.0
23918,2718299,4.0
32215,2716859,4.0
10341,2723636,4.0
22269,2723091,4.0
186,2691139,4.0
1728,2703039,4.0
38966,2726940,4.0
25102,2703003,4.0
8383,2695397,4.0
16037,2692898,4.0
22668,2707135,4.0
8246,2731378,4.0
17763,2690589,4.0
8534,2715280,4.0
6640,2705508,4.0
31882,2705467,4.0
20465,2725806,4.0
29907,2722455,4.0
3562,2703341,4.0
7106,2711090,4.0
44530,2717676,4.0
6619,2711371,4.0
21,2707677,4.0
12764,2702660,4.0
11667,2706238,4.0
28784,2702943,4.0
11127,2720038,4.0
23862,2731889,4.0
9685,2705606,4.0
12850,2709660,4.0
40094,2718636,4.0
508,2706421,4.0
20737,2707439,4.0
18966,2720566,4.0
22830,2703025,4.0
3287,2724152,4.0
30,2722164,4.0
21629,2723045,4.0
19279,2703607,4.0
8489,2699668,4.0
19702,2709690,4.0
17006,2724339,4.0
31111,2729079,4.0
15877,2713550,4.0
2007,2718156,4.0
884,2699826,4.0
6563,2704180,4.0
6373,2721103,4.0
28156,2724982,4.0
1660,2709603,4.0
37870,2712761,4.0
19279,2720220,4.0
17143,2714653,4.0
6563,2704165,4.0
9265,2714699,4.0
2760,2691853,4.0
11241,2706540,4.0
6789,2705559,4.0
14183,2707718,4.0
8288,2719498,4.0
11002,2711298,4.0
24837,2715180,4.0
25136,2704674,4.0
8106,2708583,4.0
28558,2704359,4.0
696,2728075,4.0
11430,2732400,4.0
28539,2718632,4.0
30,2709777,4.0
5292,2689879,4.0
5650,2715319,4.0
3003,2722939,4.0
1399,2709123,4.0
18572,2709979,4.0
36780,2717553,4.0
40010,2719374,4.0
48195,2728223,4.0
19822,2710102,4.0
17247,2709592,4.0
21629,2717602,4.0
5809,2718925,4.0
11145,2705047,4.0
36466,2720793,4.0
28763,2717398,4.0
6988,2706664,4.0
30,2703958,4.0
3917,2712306,4.0
30,2724271,4.0
28702,2721950,4.0
41633,2713697,4.0
19267,2706544,4.0
1418,2712058,4.0
10481,2708770,4.0
2197,2734284,4.0
16104,2705507,4.0
38780,2723096,4.0
10473,2706300,4.0
4985,2715358,4.0
6394,2722683,4.0
18966,2719416,4.0
20053,2714358,4.0
11430,2725436,4.0
17428,2703024,4.0
17846,2711905,4.0
13922,2697173,4.0
19769,2715064,4.0
10264,2705205,4.0
3424,2716538,4.0
24209,2717282,4.0
6215,2718810,4.0
23042,2715640,4.0
26834,2698745,4.0
24882,2711013,4.0
20640,2712654,4.0
15143,2711086,4.0
33705,2725703,4.0
834,2726766,4.0
8731,2726128,4.0
44715,2726831,4.0
1968,2711447,4.0
2396,2687070,4.0
10087,2710833,4.0
25704,2703629,4.0
10264,2696831,4.0
11715,2701848,4.0
16009,2713370,4.0
7809,2681561,4.0
33159,2716647,4.0
6782,2705073,4.0
167,2705203,4.0
9081,2705147,4.0
6687,2708000,4.0
19023,2711233,4.0
35198,2711101,4.0
19003,2715599,4.0
16104,2706190,4.0
3148,2690820,4.0
41791,2720967,4.0
17592,2699761,4.0
10784,2706560,4.0
12805,2706257,4.0
13346,2726188,4.0
3917,2703350,4.0
314,2715344,4.0
14479,2694478,4.0
1497,2693711,4.0
8447,2700521,4.0
21765,2704768,4.0
1660,2708300,4.0
16290,2729383,4.0
29268,2718054,4.0
1255,2717501,4.0
31690,2720715,4.0
818,2687930,4.0
18050,2713061,4.0
41693,2728223,4.0
19552,2712314,4.0
30,2721515,4.0
19494,2718351,4.0
18966,2714313,4.0
9479,2689169,4.0
18911,2720665,4.0
7645,2697803,4.0
24468,2717248,4.0
2202,2695574,4.0
11002,2712115,4.0
28763,2717413,4.0
37406,2719216,4.0
13854,2712436,4.0
1295,2731823,4.0
17905,2706064,4.0
7830,2716642,4.0
6789,2712943,4.0
21943,2708541,4.0
1295,2702253,4.0
3917,2708927,4.0
6369,2703059,4.0
25092,2707104,4.0
46988,2729687,4.0
10921,2732956,4.0
12706,2711450,4.0
5541,2721021,4.0
45409,2724877,4.0
48499,2723519,4.0
6330,2716839,4.0
48499,2718760,4.0
10242,2708859,4.0
2335,2721456,4.0
4430,2707080,4.0
31331,2710569,4.0
46481,2732813,4.0
7290,2703920,4.0
38780,2714653,4.0
7075,2699795,4.0
26713,2717190,4.0
42870,2732931,4.0
17550,2695383,4.0
17186,2724334,4.0
15023,2712280,4.0
6260,2729076,4.0
7830,2720966,4.0
15924,2712517,4.0
6840,2721881,4.0
36011,2724878,4.0
3254,2718452,4.0
9089,2703920,4.0
18966,2716415,4.0
2360,2695012,4.0
62,2711231,4.0
7897,2726174,4.0
16104,2723661,4.0
38015,2735606,4.0
41190,2733906,4.0
19481,2716033,4.0
23607,2709257,4.0
6345,2689849,4.0
11874,2728598,4.0
15839,2703216,4.0
24478,2703260,4.0
43648,2719176,4.0
18966,2716067,4.0
18966,2718123,4.0
889,2712214,4.0
9714,2721117,4.0
23074,2698264,4.0
12850,2689251,4.0
12739,2695431,4.0
17411,2710673,4.0
16882,2712057,4.0
14378,2713826,4.0
38652,2719118,4.0
7161,2704548,4.0
25052,2707254,4.0
22391,2697571,4.0
2964,2695368,4.0
36685,2724667,4.0
11002,2708145,4.0
41893,2726501,4.0
14840,2704702,4.0
18900,2703400,4.0
34860,2707484,4.0
26691,2708329,4.0
8534,2717476,4.0
38652,2710606,4.0
36335,2717622,4.0
19699,2702172,4.0
25,2722740,4.0
37467,2714128,4.0
6789,2725774,4.0
19038,2736959,4.0
19699,2714313,4.0
5759,2697971,4.0
8074,2717554,4.0
23604,2713811,4.0
13043,2729625,4.0
17758,2708298,4.0
2197,2723039,4.0
35886,2714828,4.0
29032,2703321,4.0
28637,2711375,4.0
34378,2721663,4.0
45409,2722553,4.0
5119,2733866,4.0
37081,2721317,4.0
39420,2716383,4.0
17584,2726749,4.0
38671,2726278,4.0
834,2708203,4.0
11414,2710971,4.0
39503,2723173,4.0
43084,2719029,4.0
2197,2720884,4.0
9080,2696831,4.0
23176,2695415,4.0
696,2716380,4.0
34260,2715063,4.0
32344,2695374,4.0
32215,2706679,4.0
11253,2731769,4.0
11352,2726941,4.0
32532,2717923,4.0
21,2707686,4.0
8106,2722354,4.0
4698,2705928,4.0
15086,2710366,4.0
8370,2706849,4.0
5526,2722463,4.0
24483,2710833,4.0
46852,2722659,4.0
49414,2733918,4.0
45864,2717400,4.0
1967,2680840,4.0
16450,2727996,4.0
16766,2713814,4.0
28033,2711335,4.0
7241,2726331,4.0
39503,2722836,4.0
38923,2727184,4.0
10872,2711224,4.0
9241,2706372,4.0
6789,2714920,4.0
3102,2707091,4.0
193,2717353,4.0
17245,2714465,4.0
7990,2707922,4.0
10264,2714170,4.0
38359,2698767,4.0
10784,2710578,4.0
41693,2727347,4.0
29985,2709458,4.0
7719,2719123,4.0
20062,2711894,4.0
5050,2704914,4.0
19279,2722459,4.0
21332,2721233,4.0
6373,2708672,4.0
1519,2703005,4.0
19910,2708680,4.0
10995,2697298,4.0
6687,2724165,4.0
8383,2696908,4.0
9675,2696744,4.0
38359,2698783,4.0
20207,2713629,4.0
28129,2706732,4.0
46015,2728238,4.0
11253,2697403,4.0
28451,2724169,4.0
31349,2706163,4.0
19279,2719688,4.0
23767,2718630,4.0
28764,2718452,4.0
9265,2707659,4.0
47837,2734935,4.0
5650,2697911,4.0
6447,2712914,4.0
38671,2719236,4.0
24381,2709980,4.0
25473,2716983,4.0
33355,2707267,4.0
6619,2714135,4.0
45814,2727794,4.0
16450,2720838,4.0
11002,2712247,4.0
21255,2730646,4.0
17592,2703876,4.0
33718,2722824,4.0
1683,2707733,4.0
16191,2727803,4.0
2687,2690777,4.0
45814,2728215,4.0
1168,2711446,4.0
11326,2726228,4.0
3387,2706899,4.0
15569,2707659,4.0
25,2725040,4.0
13529,2722588,4.0
45409,2724815,4.0
24209,2712348,4.0
11127,2719045,4.0
37128,2726491,4.0
16104,2700405,4.0
15909,2705866,4.0
10472,2702930,4.0
6788,2699521,4.0
16244,2708921,4.0
34378,2723772,4.0
6012,2703403,4.0
15883,2718096,4.0
834,2723771,4.0
2193,2724888,4.0
7430,2734340,4.0
2354,2707024,4.0
193,2703305,4.0
19074,2728758,4.0
17245,2713391,4.0
22105,2734674,4.0
22554,2716920,4.0
8648,2707272,4.0
2236,2731498,4.0
2964,2687099,4.0
25069,2718379,4.0
6728,2710708,4.0
2778,2704281,4.0
7241,2707564,4.0
9215,2728038,4.0
12740,2709496,4.0
696,2703766,4.0
8534,2702756,4.0
2502,2698738,4.0
9089,2699872,4.0
17111,2729953,4.0
20889,2714997,4.0
27462,2714580,4.0
14463,2706893,4.0
9506,2716373,4.0
29078,2720483,4.0
15675,2710952,4.0
10995,2724672,4.0
31758,2728217,4.0
25473,2715151,4.0
11002,2705870,4.0
23738,2705911,4.0
27274,2698556,4.0
3917,2732231,4.0
25502,2706999,4.0
34051,2712010,4.0
2236,2731757,4.0
18966,2717733,4.0
17905,2725499,4.0
1197,2687589,4.0
34051,2719240,4.0
27419,2712778,4.0
193,2711910,4.0
25,2698205,4.0
7568,2715640,4.0
2951,2706417,4.0
3917,2717972,4.0
17846,2733215,4.0
11667,2695345,4.0
13853,2687765,4.0
37595,2712844,4.0
17411,2714045,4.0
2585,2688969,4.0
25954,2713573,4.0
17816,2724169,4.0
884,2695853,4.0
3287,2729833,4.0
1879,2681676,4.0
2489,2708286,4.0
23494,2732201,4.0
32842,2717382,4.0
3874,2706380,4.0
6563,2704182,4.0
15568,2717227,4.0
6260,2720710,4.0
25136,2709913,4.0
7513,2710661,4.0
4624,2686943,4.0
2066,2719085,4.0
39503,2723150,4.0
11113,2709559,4.0
10264,2719030,4.0
14463,2707983,4.0
6187,2706252,4.0
23,2712032,4.0
11777,2704766,4.0
46627,2730947,4.0
48374,2724773,4.0
26416,2713996,4.0
29046,2720011,4.0
17574,2707399,4.0
8911,2701540,4.0
43509,2727624,4.0
21457,2725043,4.0
12208,2723171,4.0
45409,2730699,4.0
17922,2714728,4.0
298,2701456,4.0
26340,2714588,4.0
696,2726780,4.0
17905,2732371,4.0
21275,2712880,4.0
834,2711903,4.0
1835,2717967,4.0
43519,2722587,4.0
11002,2698481,4.0
16244,2711305,4.0
14348,2701892,4.0
5541,2708005,4.0
37870,2708540,4.0
1158,2718436,4.0
37956,2722341,4.0
20737,2707796,4.0
40094,2712735,4.0
8144,2714991,4.0
26509,2723645,4.0
6330,2699545,4.0
23401,2715418,4.0
21,2673932,4.0
1968,2712753,4.0
33597,2718818,4.0
1295,2723377,4.0
7830,2711305,4.0
17104,2710060,4.0
9265,2693480,4.0
44911,2727644,4.0
3948,2701068,4.0
5083,2720078,4.0
18966,2712356,4.0
1840,2704518,4.0
41955,2727375,4.0
43868,2728317,4.0
889,2721923,4.0
47063,2730427,4.0
10341,2701078,4.0
10087,2722909,4.0
18966,2709832,4.0
32992,2734532,4.0
6782,2702770,4.0
12053,2713993,4.0
39460,2725075,4.0
12827,2712276,4.0
36335,2708092,4.0
5802,2718238,4.0
16244,2720736,4.0
13577,2711797,4.0
22757,2714596,4.0
8609,2719912,4.0
2955,2706817,4.0
7897,2690038,4.0
39953,2727123,4.0
3102,2707087,4.0
48348,2724750,4.0
45409,2728002,4.0
25590,2720953,4.0
19002,2701068,4.0
9495,2706084,4.0
13577,2708002,4.0
40477,2718092,4.0
7814,2706549,4.0
7206,2720118,4.0
17816,2708939,4.0
15926,2705500,4.0
6373,2713229,4.0
29371,2710292,4.0
834,2735339,4.0
15590,2712930,4.0
27012,2713643,4.0
39503,2724056,4.0
32799,2719930,4.0
21855,2722390,4.0
30,2720221,4.0
2368,2698080,4.0
1295,2725560,4.0
32151,2707796,4.0
12191,2711895,4.0
2828,2679166,4.0
8288,2722182,4.0
25136,2712761,4.0
6659,2707594,4.0
18422,2702243,4.0
13644,2708898,4.0
18880,2722416,4.0
21720,2712554,4.0
10165,2690846,4.0
11889,2718300,4.0
19494,2718350,4.0
2991,2703696,4.0
16009,2713959,4.0
10024,2700940,4.0
5326,2702023,4.0
19552,2712312,4.0
9812,2720790,4.0
2624,2726810,4.0
40474,2723874,4.0
7568,2711588,4.0
22289,2714343,4.0
3003,2726642,4.0
2778,2712853,4.0
24209,2695406,4.0
2366,2714856,4.0
3287,2724677,4.0
1861,2713252,4.0
19279,2696458,4.0
7479,2714887,4.0
23607,2710125,4.0
5650,2697228,4.0
42893,2706517,4.0
5572,2705895,4.0
26439,2719479,4.0
30,2706736,4.0
38322,2719145,4.0
2197,2714199,4.0
12208,2711513,4.0
6215,2718810,4.0
26554,2711118,4.0
9215,2730564,4.0
8339,2712806,4.0
360,2700899,4.0
23401,2714846,4.0
32758,2714480,4.0
33258,2708533,4.0
3499,2707454,4.0
28611,2720593,4.0
32532,2711003,4.0
12197,2699807,4.0
7459,2709466,4.0
1295,2715892,4.0
9317,2724010,4.0
2197,2722187,4.0
33705,2715736,4.0
28828,2719690,4.0
6012,2712997,4.0
27163,2719770,4.0
5119,2725086,4.0
6330,2717318,4.0
7513,2710510,4.0
36787,2724015,4.0
12862,2701083,4.0
20731,2709048,4.0
41693,2727729,4.0
7206,2727289,4.0
3917,2707685,4.0
48374,2727299,4.0
2882,2709788,4.0
5326,2705937,4.0
21332,2727571,4.0
1683,2712893,4.0
19699,2703013,4.0
13394,2708930,4.0
2193,2696829,4.0
2257,2717244,4.0
12514,2703136,4.0
38576,2723828,4.0
11475,2718860,4.0
41296,2713629,4.0
29985,2716373,4.0
21943,2707455,4.0
4964,2714277,4.0
5759,2703306,4.0
10087,2709278,4.0
12324,2721972,4.0
2197,2717223,4.0
6373,2711822,4.0
7241,2727123,4.0
34260,2715536,4.0
4769,2720063,4.0
1418,2715041,4.0
25664,2707446,4.0
1418,2705210,4.0
5959,2690323,4.0
7586,2707406,4.0
22680,2712371,4.0
2489,2713518,4.0
38923,2707600,4.0
31720,2719515,4.0
10027,2700521,4.0
22512,2709911,4.0
7830,2725644,4.0
13137,2710376,4.0
28090,2713591,4.0
29556,2719361,4.0
27349,2717602,4.0
15737,2711485,4.0
39953,2724351,4.0
20692,2722699,4.0
41693,2722293,4.0
3844,2709921,4.0
26088,2710884,4.0
2202,2692844,4.0
3976,2676421,4.0
19458,2704853,4.0
1430,2716022,4.0
9070,2706572,4.0
3791,2723583,4.0
6373,2721286,4.0
8487,2698559,4.0
26509,2715533,4.0
2197,2707296,4.0
14303,2712136,4.0
41693,2728658,4.0
1295,2701050,4.0
13404,2715315,4.0
5497,2690647,4.0
35231,2720163,4.0
31612,2718397,4.0
11575,2718134,4.0
22668,2704608,4.0
22830,2712662,4.0
1418,2706209,4.0
20013,2724823,4.0
21332,2727825,4.0
7966,2702946,4.0
40517,2719645,4.0
696,2728177,4.0
28619,2727606,4.0
3375,2717491,4.0
498,2701725,4.0
1295,2702972,4.0
17178,2725821,4.0
17499,2706452,4.0
28451,2724088,4.0
6584,2687985,4.0
12197,2699768,4.0
21980,2714925,4.0
15069,2726229,4.0
25718,2726885,4.0
45814,2720757,4.0
14928,2732242,4.0
30,2719308,4.0
3696,2696831,4.0
18946,2713849,4.0
2955,2720343,4.0
3917,2712317,4.0
1418,2709215,4.0
33853,2715732,4.0
38923,2710647,4.0
11002,2710426,4.0
18677,2714728,4.0
5802,2703922,4.0
14375,2708934,4.0
4381,2688415,4.0
44188,2717521,4.0
26792,2731335,4.0
40105,2726070,4.0
40207,2724378,4.0
2368,2694570,4.0
5119,2725075,4.0
39980,2725512,4.0
9089,2713001,4.0
22757,2713698,4.0
29127,2718452,4.0
28988,2708389,4.0
11330,2704244,4.0
17669,2712762,4.0
5326,2692469,4.0
5650,2714473,4.0
25290,2714592,4.0
17595,2728842,4.0
8454,2730095,4.0
36685,2718732,4.0
12447,2711908,4.0
185,2706521,4.0
8871,2697143,4.0
17848,2716659,4.0
11479,2703928,4.0
10508,2716329,4.0
21088,2697499,4.0
16722,2720842,4.0
22871,2732230,4.0
48585,2728887,4.0
23420,2705541,4.0
8447,2696021,4.0
15023,2713239,4.0
30,2704022,4.0
9205,2712366,4.0
47473,2733677,4.0
8758,2677035,4.0
9205,2722336,4.0
23483,2713519,4.0
1706,2712859,4.0
7830,2720906,4.0
18946,2715656,4.0
1514,2718501,4.0
3003,2732506,4.0
14430,2720096,4.0
34051,2722133,4.0
8758,2678949,4.0
5426,2727650,4.0
7934,2712842,4.0
2885,2716778,4.0
30,2720224,4.0
21453,2698144,4.0
6012,2727003,4.0
25622,2711332,4.0
5119,2725077,4.0
11387,2705246,4.0
12484,2710091,4.0
3917,2698172,4.0
27484,2725893,4.0
22391,2714709,4.0
21453,2699574,4.0
33787,2715457,4.0
3917,2732235,4.0
62,2691720,4.0
7503,2728166,4.0
6619,2726711,4.0
7310,2702278,4.0
10658,2699472,4.0
12178,2693416,4.0
2964,2695879,4.0
11127,2727230,4.0
24314,2698769,4.0
959,2715309,4.0
2197,2707391,4.0
4540,2706915,4.0
7645,2690547,4.0
8531,2698639,4.0
2197,2731690,4.0
34051,2723095,4.0
32356,2705463,4.0
16244,2707915,4.0
11479,2706597,4.0
425,2720974,4.0
16173,2697918,4.0
10784,2707246,4.0
16191,2722843,4.0
193,2718521,4.0
7807,2705486,4.0
21322,2712672,4.0
19494,2731069,4.0
3003,2718752,4.0
20013,2722396,4.0
26884,2714227,4.0
20692,2731821,4.0
18392,2735308,4.0
7241,2696847,4.0
2202,2704515,4.0
23327,2717210,4.0
24837,2716757,4.0
834,2711268,4.0
3917,2732248,4.0
935,2729206,4.0
4865,2702690,4.0
22512,2711447,4.0
12289,2698758,4.0
13189,2713539,4.0
5497,2711198,4.0
1206,2688300,4.0
13643,2708664,4.0
696,2707375,4.0
9205,2727188,4.0
18966,2720188,4.0
16564,2699808,4.0
15061,2709580,4.0
28764,2720620,4.0
29109,2717093,4.0
22212,2707228,4.0
23224,2709505,4.0
23552,2710007,4.0
1728,2715535,4.0
6533,2700994,4.0
25196,2718707,4.0
5650,2705887,4.0
39830,2725548,4.0
1418,2707319,4.0
8217,2710127,4.0
38870,2712748,4.0
696,2711897,4.0
11127,2704992,4.0
1295,2704472,4.0
13404,2712062,4.0
24837,2710343,4.0
10673,2706837,4.0
18966,2731631,4.0
16269,2710971,4.0
21465,2701958,4.0
14928,2730197,4.0
18880,2708594,4.0
17584,2701982,4.0
8002,2703641,4.0
16104,2715851,4.0
30,2705239,4.0
1418,2707406,4.0
7830,2707919,4.0
18966,2717757,4.0
37081,2725520,4.0
3446,2705902,4.0
8012,2699800,4.0
5650,2688464,4.0
25194,2707015,4.0
15656,2688416,4.0
17428,2706220,4.0
5360,2700122,4.0
21332,2728048,4.0
10264,2708621,4.0
4501,2714916,4.0
48851,2729799,4.0
26950,2709701,4.0
6260,2716513,4.0
6012,2715139,4.0
26439,2706493,4.0
16424,2721992,4.0
28556,2718418,4.0
22898,2715615,4.0
32488,2719963,4.0
29032,2720514,4.0
23437,2715898,4.0
15101,2719361,4.0
26134,2710884,4.0
7830,2720764,4.0
7280,2706467,4.0
46075,2724591,4.0
10473,2705672,4.0
46852,2731178,4.0
977,2688906,4.0
4400,2706999,4.0
46059,2714828,4.0
11456,2701068,4.0
30,2710459,4.0
1295,2695370,4.0
2368,2701093,4.0
696,2722459,4.0
3003,2721006,4.0
1285,2721950,4.0
33705,2723420,4.0
5303,2703706,4.0
7586,2706686,4.0
19699,2704427,4.0
7814,2700790,4.0
43265,2725047,4.0
5759,2699051,4.0
29280,2707794,4.0
9151,2700700,4.0
10137,2699876,4.0
7568,2706731,4.0
779,2694784,4.0
39927,2718311,4.0
9151,2706707,4.0
36345,2711440,4.0
26427,2711359,4.0
10159,2709502,4.0
44329,2729724,4.0
1301,2685738,4.0
41480,2726783,4.0
8356,2718167,4.0
19017,2713643,4.0
11002,2706184,4.0
30178,2686892,4.0
8313,2711836,4.0
802,2696392,4.0
22854,2707315,4.0
8074,2706693,4.0
10425,2729379,4.0
24613,2717868,4.0
20002,2707995,4.0
7910,2702046,4.0
3917,2703353,4.0
9396,2704654,4.0
39830,2718596,4.0
21518,2711102,4.0
38015,2734838,4.0
1418,2699860,4.0
12746,2711746,4.0
696,2718450,4.0
29449,2719995,4.0
15590,2715497,4.0
47499,2730436,4.0
12280,2714137,4.0
25069,2717190,4.0
36299,2716181,4.0
2819,2726276,4.0
32356,2720912,4.0
30,2721353,4.0
29046,2716376,4.0
12324,2730415,4.0
27168,2718384,4.0
11002,2711196,4.0
29046,2719495,4.0
23135,2732205,4.0
11002,2711057,4.0
62,2729823,4.0
8519,2708114,4.0
5759,2702841,4.0
21,2723264,4.0
1418,2718093,4.0
8141,2706640,4.0
12740,2708266,4.0
20994,2709826,4.0
12208,2703797,4.0
32151,2719502,4.0
24898,2713524,4.0
46184,2723666,4.0
25473,2716966,4.0
26803,2709909,4.0
7910,2723103,4.0
46307,2727831,4.0
7934,2722994,4.0
127,2727189,4.0
19679,2727762,4.0
25830,2716630,4.0
37546,2707747,4.0
8302,2723459,4.0
6373,2727590,4.0
13518,2708856,4.0
9034,2710086,4.0
5759,2691450,4.0
29268,2713096,4.0
834,2711999,4.0
6257,2704810,4.0
5650,2711489,4.0
7830,2728603,4.0
1706,2713753,4.0
1397,2715940,4.0
16450,2706488,4.0
8302,2724316,4.0
3003,2726960,4.0
9714,2703968,4.0
17848,2714799,4.0
16279,2726679,4.0
13529,2715851,4.0
23813,2704414,4.0
43509,2708304,4.0
6619,2711340,4.0
2257,2695636,4.0
19510,2716998,4.0
45814,2720832,4.0
16009,2714069,4.0
11127,2727227,4.0
28129,2711567,4.0
25516,2710181,4.0
30,2722854,4.0
834,2715894,4.0
12191,2709494,4.0
45737,2730499,4.0
6471,2735254,4.0
41693,2726772,4.0
696,2725015,4.0
27226,2712791,4.0
27756,2721603,4.0
7241,2716353,4.0
6373,2709531,4.0
19494,2721613,4.0
7479,2705181,4.0
28793,2719120,4.0
4985,2725012,4.0
3212,2704968,4.0
25516,2716355,4.0
13919,2718591,4.0
19079,2712917,4.0
11777,2696866,4.0
46530,2730077,4.0
12447,2701747,4.0
32215,2709068,4.0
41791,2724564,4.0
23224,2718665,4.0
10087,2735621,4.0
8074,2718844,4.0
2197,2722675,4.0
2197,2735483,4.0
9089,2699854,4.0
22830,2700212,4.0
22886,2726527,4.0
41693,2718458,4.0
10865,2716947,4.0
7934,2719328,4.0
18966,2716062,4.0
62,2723428,4.0
4985,2702846,4.0
696,2713510,4.0
11002,2711283,4.0
44991,2724131,4.0
19279,2713057,4.0
19256,2705372,4.0
10664,2726729,4.0
7773,2708618,4.0
38322,2717209,4.0
37727,2724966,4.0
26176,2698684,4.0
7830,2730093,4.0
23,2708117,4.0
4469,2691895,4.0
6373,2709109,4.0
32001,2722995,4.0
16260,2710209,4.0
18966,2717664,4.0
3003,2703540,4.0
31089,2717007,4.0
22463,2700069,4.0
11002,2711663,4.0
24849,2717010,4.0
19699,2699779,4.0
834,2708260,4.0
18067,2685990,4.0
46059,2719052,4.0
1430,2718232,4.0
12742,2714820,4.0
7830,2707577,4.0
2202,2692791,4.0
1418,2713655,4.0
834,2713276,4.0
17923,2700884,4.0
5811,2698718,4.0
27226,2713301,4.0
25590,2709752,4.0
11866,2700634,4.0
12280,2718988,4.0
6260,2716574,4.0
7807,2707411,4.0
16104,2720570,4.0
17714,2698789,4.0
39892,2726242,4.0
22200,2707070,4.0
4674,2704024,4.0
1418,2710709,4.0
20213,2711935,4.0
20797,2727760,4.0
21943,2705148,4.0
1967,2727761,4.0
25194,2716446,4.0
834,2722087,4.0
25388,2726493,4.0
49007,2711170,4.0
12740,2699833,4.0
15052,2713979,4.0
1399,2720261,4.0
8032,2707286,4.0
6789,2692911,4.0
16450,2720678,4.0
4698,2721813,4.0
7210,2721533,4.0
5541,2693409,4.0
5350,2700096,4.0
2390,2692236,4.0
41693,2722162,4.0
696,2711901,4.0
26801,2722194,4.0
24613,2715257,4.0
35198,2707651,4.0
3254,2730817,4.0
12919,2706244,4.0
19699,2726220,4.0
164,2687870,4.0
1418,2696803,4.0
17739,2713963,4.0
11479,2705005,4.0
22365,2695992,4.0
2778,2727660,4.0
23169,2717490,4.0
186,2704688,4.0
15061,2717128,4.0
24125,2715730,4.0
5119,2696811,4.0
834,2718827,4.0
8086,2707101,4.0
20889,2711687,4.0
19409,2708722,4.0
9205,2722330,4.0
25552,2705504,4.0
7316,2698872,4.0
889,2697477,4.0
959,2726755,4.0
3917,2732250,4.0
19023,2722387,4.0
17186,2713251,4.0
10489,2708382,4.0
696,2718141,4.0
10880,2687930,4.0
27484,2715579,4.0
1508,2706523,4.0
1660,2716097,4.0
2197,2732758,4.0
31690,2718156,4.0
8609,2724365,4.0
935,2723415,4.0
889,2716219,4.0
24903,2725499,4.0
17466,2714006,4.0
802,2717674,4.0
1865,2693108,4.0
1418,2693918,4.0
9767,2709691,4.0
41693,2727498,4.0
22105,2716503,4.0
1418,2707130,4.0
6597,2710691,4.0
8086,2690891,4.0
21332,2728478,4.0
5650,2715311,4.0
21705,2723164,4.0
12817,2710127,4.0
9812,2721724,4.0
8302,2713421,4.0
7830,2719849,4.0
17499,2730860,4.0
5650,2710245,4.0
21680,2711190,4.0
3003,2723027,4.0
19023,2729158,4.0
10784,2709913,4.0
30,2708153,4.0
11456,2696819,4.0
8637,2718501,4.0
18677,2715879,4.0
13533,2699924,4.0
30,2712598,4.0
33032,2723237,4.0
24478,2716672,4.0
13518,2707682,4.0
298,2691147,4.0
23862,2722031,4.0
29347,2710707,4.0
696,2717980,4.0
35213,2724411,4.0
29503,2733737,4.0
18171,2715878,4.0
9975,2688453,4.0
5083,2725099,4.0
62,2715863,4.0
16316,2726488,4.0
33646,2719181,4.0
2587,2716418,4.0
25,2732484,4.0
8074,2721340,4.0
30,2708526,4.0
28310,2712496,4.0
2988,2695012,4.0
41693,2713438,4.0
8086,2689978,4.0
24933,2722419,4.0
5426,2730727,4.0
7814,2713932,4.0
17411,2709780,4.0
27049,2706646,4.0
25516,2710344,4.0
39503,2728501,4.0
39503,2726522,4.0
30,2702443,4.0
3844,2711079,4.0
2197,2704997,4.0
8063,2722707,4.0
12055,2726583,4.0
3167,2711611,4.0
37838,2725528,4.0
12289,2694858,4.0
22664,2711665,4.0
17734,2701117,4.0
43509,2713613,4.0
40050,2718624,4.0
19066,2734311,4.0
31690,2722664,4.0
8125,2707220,4.0
1418,2725785,4.0
23,2706566,4.0
9210,2708921,4.0
2197,2710398,4.0
4315,2708931,4.0
21729,2710456,4.0
4315,2709242,4.0
12862,2705506,4.0
3635,2706907,4.0
9205,2693454,4.0
23130,2716523,4.0
22467,2720211,4.0
12324,2704440,4.0
22854,2726173,4.0
1652,2705006,4.0
27521,2715866,4.0
22668,2714467,4.0
25378,2718829,4.0
19593,2705492,4.0
27168,2717190,4.0
1809,2706699,4.0
696,2702909,4.0
39533,2713548,4.0
24322,2713961,4.0
41296,2713478,4.0
34260,2716747,4.0
16722,2723359,4.0
20924,2714269,4.0
33193,2721807,4.0
6257,2696873,4.0
12447,2699821,4.0
7719,2712973,4.0
23552,2716830,4.0
20692,2731896,4.0
17136,2700708,4.0
22467,2721312,4.0
12191,2710555,4.0
8383,2724634,4.0
2405,2706677,4.0
31720,2722961,4.0
3769,2714254,4.0
12191,2709538,4.0
18134,2704887,4.0
43825,2717547,4.0
62,2723825,4.0
1660,2718579,4.0
46307,2728446,4.0
7830,2720718,4.0
696,2699545,4.0
309,2704113,4.0
11489,2710388,4.0
22559,2708118,4.0
8106,2709139,4.0
62,2733129,4.0
16450,2720399,4.0
34260,2714871,4.0
47289,2717904,4.0
6687,2719236,4.0
4697,2705466,4.0
11002,2719316,4.0
17816,2707745,4.0
39503,2723796,4.0
14390,2731800,4.0
13644,2702015,4.0
25,2733866,4.0
3552,2713647,4.0
10342,2704666,4.0
696,2707398,4.0
7974,2723701,4.0
38671,2719233,4.0
15890,2723709,4.0
3003,2726360,4.0
16822,2712757,4.0
26888,2703353,4.0
21382,2727766,4.0
62,2710667,4.0
11127,2709239,4.0
22668,2706117,4.0
24640,2715063,4.0
1408,2723508,4.0
21457,2715257,4.0
21113,2715232,4.0
39093,2706667,4.0
42870,2730372,4.0
15942,2710606,4.0
3440,2687832,4.0
36466,2716651,4.0
32799,2718892,4.0
1158,2711760,4.0
18880,2709019,4.0
17848,2716641,4.0
25194,2711340,4.0
2044,2703706,4.0
39093,2697209,4.0
27356,2714384,4.0
10473,2705052,4.0
17816,2707730,4.0
7830,2728600,4.0
12740,2704862,4.0
14126,2732403,4.0
834,2726098,4.0
696,2697834,4.0
14770,2713024,4.0
19458,2712393,4.0
62,2714649,4.0
11889,2706060,4.0
46988,2719329,4.0
3424,2733784,4.0
29046,2715614,4.0
7897,2728028,4.0
17758,2715080,4.0
166,2685968,4.0
31860,2715851,4.0
20465,2679460,4.0
8370,2700212,4.0
26509,2719131,4.0
1418,2708667,4.0
1418,2726271,4.0
17787,2713648,4.0
2197,2727823,4.0
25516,2708928,4.0
19074,2725264,4.0
3635,2705883,4.0
2587,2704596,4.0
877,2721647,4.0
16374,2706997,4.0
22886,2708649,4.0
2658,2710150,4.0
2864,2725461,4.0
18305,2709855,4.0
21979,2730498,4.0
3653,2723581,4.0
3917,2715370,4.0
45409,2720481,4.0
39503,2726969,4.0
11431,2719450,4.0
38923,2710595,4.0
17428,2705409,4.0
18966,2729786,4.0
3791,2725537,4.0
6373,2727465,4.0
19017,2713244,4.0
9197,2725717,4.0
19699,2704434,4.0
15757,2701505,4.0
14928,2735925,4.0
3917,2719296,4.0
40517,2724247,4.0
33705,2714873,4.0
5729,2701832,4.0
8974,2707822,4.0
9702,2722738,4.0
13533,2718580,4.0
16822,2728357,4.0
6215,2706878,4.0
7830,2718579,4.0
38671,2713062,4.0
38671,2720204,4.0
26792,2711538,4.0
314,2685523,4.0
42210,2714135,4.0
4769,2719524,4.0
23135,2716987,4.0
17178,2710717,4.0
2523,2701310,4.0
10680,2725005,4.0
16104,2718607,4.0
24837,2716655,4.0
7788,2691417,4.0
2489,2706993,4.0
4624,2693886,4.0
7934,2711917,4.0
834,2723661,4.0
7830,2720782,4.0
2066,2707680,4.0
41693,2728160,4.0
28764,2716635,4.0
5170,2705136,4.0
696,2718116,4.0
24483,2699883,4.0
16374,2712353,4.0
28670,2714963,4.0
25388,2723583,4.0
10137,2704917,4.0
4964,2714278,4.0
28916,2720672,4.0
3003,2714467,4.0
2792,2708378,4.0
27356,2719149,4.0
11803,2708040,4.0
3948,2728786,4.0
6093,2707244,4.0
25552,2698752,4.0
18966,2717064,4.0
8705,2710385,4.0
3375,2718289,4.0
5650,2712538,4.0
18966,2730252,4.0
10430,2704126,4.0
6728,2697962,4.0
26195,2704405,4.0
29727,2719972,4.0
3917,2715661,4.0
36335,2718185,4.0
19699,2703005,4.0
6536,2704635,4.0
21457,2725279,4.0
37455,2720971,4.0
10333,2719067,4.0
10541,2698665,4.0
1418,2707763,4.0
12324,2706343,4.0
6420,2735430,4.0
8529,2720325,4.0
22757,2708542,4.0
19552,2715688,4.0
33705,2710661,4.0
7080,2713560,4.0
6313,2683873,4.0
25290,2714971,4.0
45705,2732207,4.0
7830,2707939,4.0
39445,2724713,4.0
1991,2715539,4.0
22757,2735785,4.0
25052,2712931,4.0
8211,2709654,4.0
16104,2730996,4.0
25388,2724541,4.0
26769,2717473,4.0
22512,2734805,4.0
3455,2698514,4.0
5350,2712297,4.0
2986,2704642,4.0
3424,2701886,4.0
4985,2699476,4.0
28672,2714855,4.0
2983,2697279,4.0
6533,2715118,4.0
2556,2687826,4.0
8534,2698182,4.0
23738,2715090,4.0
19699,2702168,4.0
40050,2712827,4.0
834,2722738,4.0
29430,2716736,4.0
14277,2701119,4.0
17848,2716652,4.0
18499,2713314,4.0
33731,2719481,4.0
18875,2700756,4.0
2882,2691961,4.0
5241,2723826,4.0
25937,2717642,4.0
5759,2695805,4.0
9184,2702114,4.0
5759,2697676,4.0
3917,2706661,4.0
25590,2723156,4.0
12197,2702911,4.0
21568,2714991,4.0
16256,2730892,4.0
9205,2730018,4.0
1829,2704439,4.0
437,2720442,4.0
20924,2711985,4.0
46426,2732915,4.0
11803,2702271,4.0
43353,2727302,4.0
19279,2701731,4.0
40878,2726245,4.0
4576,2679459,4.0
9317,2721930,4.0
18396,2716650,4.0
5241,2706616,4.0
7568,2706686,4.0
23,2712134,4.0
6728,2714852,4.0
2197,2717701,4.0
21901,2712752,4.0
29849,2714305,4.0
4505,2687452,4.0
19552,2712317,4.0
889,2716249,4.0
18084,2697469,4.0
17714,2708384,4.0
26791,2725919,4.0
2778,2721985,4.0
22673,2698719,4.0
7807,2713539,4.0
8125,2694067,4.0
11027,2705516,4.0
16722,2717796,4.0
25366,2711955,4.0
11127,2727238,4.0
45814,2728055,4.0
19079,2721448,4.0
3455,2717387,4.0
1967,2723797,4.0
7209,2727233,4.0
4560,2718015,4.0
14825,2725908,4.0
2197,2724278,4.0
2368,2698704,4.0
2882,2691154,4.0
4961,2701313,4.0
23823,2714136,4.0
33736,2723266,4.0
12055,2692366,4.0
11458,2709722,4.0
6554,2692695,4.0
37001,2707753,4.0
25518,2716348,4.0
15899,2725583,4.0
5256,2720830,4.0
1861,2704787,4.0
48856,2719092,4.0
23042,2711699,4.0
7704,2712749,4.0
31674,2716057,4.0
18447,2729265,4.0
46530,2728604,4.0
35430,2722853,4.0
16374,2713927,4.0
7830,2719982,4.0
696,2709923,4.0
41693,2722102,4.0
40050,2715762,4.0
7990,2692125,4.0
3493,2705334,4.0
25773,2702078,4.0
4964,2720032,4.0
5241,2729897,4.0
40050,2726220,4.0
43026,2724185,4.0
19699,2708449,4.0
26932,2702635,4.0
12116,2720090,4.0
15160,2707181,4.0
5124,2691958,4.0
11302,2708002,4.0
22830,2708527,4.0
4695,2734129,4.0
24849,2715537,4.0
2197,2696721,4.0
16279,2705115,4.0
23474,2695992,4.0
16009,2711603,4.0
9089,2719395,4.0
22232,2724683,4.0
10784,2705900,4.0
26427,2699752,4.0
21332,2721839,4.0
62,2707261,4.0
22350,2718350,4.0
696,2711885,4.0
39533,2722283,4.0
2474,2690148,4.0
19425,2698800,4.0
18262,2695095,4.0
8383,2700966,4.0
22269,2713860,4.0
11127,2701970,4.0
39093,2727164,4.0
30,2720578,4.0
28637,2728112,4.0
2368,2690941,4.0
29268,2720602,4.0
28988,2715868,4.0
43866,2725259,4.0
21729,2726323,4.0
19038,2712403,4.0
7405,2707255,4.0
30,2720249,4.0
41693,2713506,4.0
12208,2704999,4.0
7897,2707316,4.0
13071,2727312,4.0
43353,2717476,4.0
1418,2713501,4.0
3948,2730341,4.0
9081,2697216,4.0
16463,2711717,4.0
31331,2710616,4.0
15590,2714930,4.0
1418,2702949,4.0
13137,2711365,4.0
12178,2687204,4.0
62,2720309,4.0
11002,2703920,4.0
970,2718202,4.0
4462,2726748,4.0
4424,2726398,4.0
1967,2700748,4.0
2368,2704752,4.0
2193,2719308,4.0
33736,2723274,4.0
7807,2732948,4.0
17245,2713728,4.0
20731,2709091,4.0
6563,2719481,4.0
3003,2714110,4.0
4558,2706376,4.0
3428,2704227,4.0
3917,2734340,4.0
7897,2710599,4.0
18167,2715072,4.0
14430,2703892,4.0
23,2725774,4.0
22830,2713057,4.0
27274,2710694,4.0
1255,2724689,4.0
30,2723788,4.0
7910,2726153,4.0
4469,2707709,4.0
8217,2700409,4.0
22143,2720065,4.0
1614,2705902,4.0
24613,2717445,4.0
11027,2710426,4.0
9070,2693110,4.0
36780,2723513,4.0
3917,2703105,4.0
62,2715876,4.0
43307,2717549,4.0
2778,2700962,4.0
31690,2716753,4.0
22365,2708902,4.0
22143,2715430,4.0
7568,2718811,4.0
25069,2712450,4.0
7479,2705184,4.0
7773,2713797,4.0
7934,2699871,4.0
23833,2715566,4.0
7719,2706488,4.0
10087,2711076,4.0
7052,2690848,4.0
4646,2704303,4.0
31665,2721014,4.0
5650,2719932,4.0
12764,2691193,4.0
48585,2731695,4.0
5650,2715131,4.0
29488,2716398,4.0
11051,2726200,4.0
2523,2686401,4.0
16270,2709533,4.0
22549,2714812,4.0
3917,2725323,4.0
25194,2718811,4.0
13090,2705249,4.0
28619,2708966,4.0
15899,2712567,4.0
12850,2716983,4.0
31513,2711380,4.0
21948,2716710,4.0
46118,2712312,4.0
1418,2703854,4.0
17588,2729630,4.0
18677,2731843,4.0
6093,2704212,4.0
15590,2714925,4.0
29371,2707570,4.0
33004,2707626,4.0
13105,2698219,4.0
30,2727387,4.0
10011,2683924,4.0
18966,2712350,4.0
18997,2713924,4.0
6330,2714149,4.0
8383,2704924,4.0
41693,2728714,4.0
22668,2713258,4.0
11174,2705424,4.0
2126,2687944,4.0
7934,2707086,4.0
30,2709333,4.0
11051,2705387,4.0
26884,2712345,4.0
11113,2714654,4.0
1295,2719245,4.0
35395,2713584,4.0
2658,2695012,4.0
696,2714873,4.0
2585,2690716,4.0
1418,2713981,4.0
32067,2729249,4.0
7568,2691332,4.0
834,2725385,4.0
7241,2733091,4.0
19107,2706537,4.0
22668,2709502,4.0
3455,2697299,4.0
5759,2691762,4.0
19224,2708000,4.0
5409,2732420,4.0
12178,2718576,4.0
12006,2677913,4.0
23857,2708541,4.0
3917,2725330,4.0
744,2705434,4.0
25760,2707350,4.0
834,2715404,4.0
5645,2703986,4.0
696,2714052,4.0
26095,2702824,4.0
9232,2707388,4.0
1418,2715329,4.0
2878,2694096,4.0
7974,2718743,4.0
5736,2726579,4.0
29739,2703134,4.0
18042,2708029,4.0
20509,2703215,4.0
8534,2711912,4.0
4400,2706488,4.0
32151,2717801,4.0
19017,2696282,4.0
24478,2719087,4.0
2806,2713148,4.0
6597,2698164,4.0
1660,2717976,4.0
19079,2732507,4.0
4501,2704842,4.0
4137,2703642,4.0
1893,2691735,4.0
30453,2707261,4.0
3375,2719361,4.0
11002,2710130,4.0
3724,2729916,4.0
41075,2723321,4.0
19506,2697277,4.0
889,2681575,4.0
696,2713425,4.0
5119,2724540,4.0
31111,2728699,4.0
45905,2722728,4.0
19373,2702884,4.0
20692,2731820,4.0
30,2708329,4.0
18966,2719940,4.0
1660,2721480,4.0
696,2721674,4.0
2983,2725269,4.0
8637,2693901,4.0
11387,2704443,4.0
6115,2718501,4.0
2197,2702362,4.0
12182,2699407,4.0
4978,2700683,4.0
18966,2720168,4.0
1418,2732508,4.0
12498,2705463,4.0
46075,2724598,4.0
3175,2681548,4.0
11127,2727289,4.0
2612,2698178,4.0
27226,2726061,4.0
9385,2708413,4.0
17848,2716692,4.0
20213,2718767,4.0
22668,2713927,4.0
27049,2705855,4.0
2197,2714449,4.0
6257,2696341,4.0
35211,2711066,4.0
3107,2704825,4.0
13464,2708365,4.0
25773,2711332,4.0
4469,2707172,4.0
4381,2726479,4.0
62,2733935,4.0
6260,2704521,4.0
5759,2702723,4.0
6373,2728917,4.0
18966,2735724,4.0
16381,2705458,4.0
25552,2710692,4.0
24295,2712723,4.0
17669,2720608,4.0
7503,2706130,4.0
20033,2703979,4.0
6619,2706489,4.0
16256,2728592,4.0
19699,2718982,4.0
38652,2725153,4.0
49190,2721927,4.0
42938,2724224,4.0
20731,2708495,4.0
8651,2695422,4.0
17186,2709726,4.0
696,2738044,4.0
5433,2705985,4.0
6257,2693831,4.0
1418,2708658,4.0
6328,2704165,4.0
10658,2706055,4.0
33736,2723303,4.0
5736,2726313,4.0
21741,2735027,4.0
24647,2706532,4.0
4769,2700958,4.0
10425,2696970,4.0
1295,2731215,4.0
11369,2704825,4.0
46530,2722441,4.0
396,2704486,4.0
1652,2687307,4.0
26702,2719155,4.0
10027,2716409,4.0
9228,2730546,4.0
889,2716277,4.0
33705,2719080,4.0
2197,2689411,4.0
15452,2711947,4.0
35504,2707626,4.0
18966,2717930,4.0
1497,2691303,4.0
31244,2711335,4.0
31539,2708549,4.0
4985,2720122,4.0
7479,2721986,4.0
2290,2687175,4.0
19822,2713072,4.0
6083,2698514,4.0
9205,2728811,4.0
10680,2719982,4.0
33705,2725548,4.0
8106,2709242,4.0
10021,2691861,4.0
9714,2719329,4.0
18966,2719644,4.0
19749,2710361,4.0
17846,2729194,4.0
19256,2712144,4.0
7503,2729371,4.0
29046,2708556,4.0
5759,2702545,4.0
10784,2709710,4.0
3624,2699858,4.0
15329,2711604,4.0
21421,2703345,4.0
23,2706168,4.0
1295,2718649,4.0
11231,2721686,4.0
29046,2712458,4.0
19279,2699195,4.0
3283,2713504,4.0
17006,2706975,4.0
45814,2720678,4.0
32356,2725277,4.0
2197,2732880,4.0
20345,2706375,4.0
40477,2720028,4.0
8074,2707432,4.0
2362,2686213,4.0
8337,2717411,4.0
48195,2733542,4.0
6225,2695949,4.0
1660,2725043,4.0
8383,2708302,4.0
696,2707794,4.0
17035,2709963,4.0
30,2710246,4.0
48932,2734385,4.0
834,2713517,4.0
25377,2717321,4.0
1879,2706489,4.0
22783,2723156,4.0
18997,2712539,4.0
43868,2730168,4.0
834,2718897,4.0
4560,2706190,4.0
31665,2716858,4.0
25080,2706710,4.0
28988,2715856,4.0
8648,2707285,4.0
46801,2734340,4.0
25194,2720104,4.0
22350,2734806,4.0
26702,2718405,4.0
4624,2717947,4.0
14428,2712284,4.0
1158,2711751,4.0
9495,2722922,4.0
15568,2727277,4.0
44530,2731355,4.0
18884,2709024,4.0
5832,2728867,4.0
33705,2708307,4.0
13643,2728330,4.0
10159,2702930,4.0
23130,2716505,4.0
8074,2701298,4.0
38068,2718397,4.0
24849,2722827,4.0
34051,2723106,4.0
889,2711755,4.0
25080,2712494,4.0
16718,2727509,4.0
45864,2717398,4.0
45545,2730317,4.0
1295,2731920,4.0
16121,2705487,4.0
1239,2714602,4.0
7830,2711727,4.0
25,2701119,4.0
34834,2716861,4.0
21629,2705577,4.0
5650,2699592,4.0
1660,2706664,4.0
23169,2708498,4.0
14840,2720004,4.0
16463,2707713,4.0
6545,2721001,4.0
7719,2728561,4.0
8469,2704183,4.0
21421,2714881,4.0
10183,2704352,4.0
21705,2722234,4.0
35504,2721164,4.0
2866,2700922,4.0
62,2714977,4.0
38068,2707600,4.0
20002,2706308,4.0
37128,2716921,4.0
9081,2695750,4.0
20175,2734851,4.0
16009,2712075,4.0
28828,2722703,4.0
19481,2710763,4.0
935,2729367,4.0
38966,2725628,4.0
11430,2724557,4.0
696,2711902,4.0
1206,2712468,4.0
28672,2713635,4.0
24437,2701000,4.0
48079,2734385,4.0
22212,2716414,4.0
15590,2720833,4.0
15576,2726028,4.0
10473,2709477,4.0
25516,2711636,4.0
8074,2705937,4.0
5736,2716324,4.0
62,2706533,4.0
14980,2713646,4.0
14594,2707312,4.0
1968,2709918,4.0
46530,2725109,4.0
396,2704485,4.0
18422,2709134,4.0
43519,2718891,4.0
19935,2713964,4.0
36435,2723607,4.0
20345,2700673,4.0
4017,2696317,4.0
35400,2724073,4.0
21066,2712373,4.0
12572,2706815,4.0
10664,2724394,4.0
12850,2704702,4.0
16104,2710137,4.0
11051,2724652,4.0
25069,2718418,4.0
21491,2714860,4.0
21862,2714866,4.0
2486,2714894,4.0
15655,2713587,4.0
30165,2718963,4.0
41693,2727174,4.0
5405,2703412,4.0
7378,2704086,4.0
2193,2711778,4.0
12740,2716542,4.0
7851,2692940,4.0
9089,2700971,4.0
11414,2692195,4.0
17232,2722421,4.0
41190,2731839,4.0
2495,2704980,4.0
21,2714796,4.0
12740,2717978,4.0
12149,2693941,4.0
26262,2717782,4.0
9714,2712348,4.0
7830,2716357,4.0
2193,2714213,4.0
7807,2726000,4.0
7241,2720714,4.0
12740,2729908,4.0
31758,2717763,4.0
12827,2712273,4.0
28725,2714731,4.0
30,2731499,4.0
36028,2720994,4.0
20924,2714972,4.0
30403,2716225,4.0
21,2698235,4.0
47691,2724780,4.0
30,2700819,4.0
8211,2710554,4.0
933,2724487,4.0
43996,2724275,4.0
49254,2732371,4.0
34940,2697980,4.0
26885,2707030,4.0
21,2726806,4.0
7719,2710607,4.0
29032,2720316,4.0
7479,2713105,4.0
19256,2708093,4.0
18966,2720144,4.0
6260,2701307,4.0
5144,2717115,4.0
12850,2700199,4.0
45314,2714946,4.0
6260,2715133,4.0
38780,2724982,4.0
18772,2723006,4.0
9241,2694742,4.0
26416,2717687,4.0
23,2706286,4.0
7530,2709495,4.0
15568,2713446,4.0
23483,2722078,4.0
12044,2712313,4.0
17923,2723074,4.0
25411,2707078,4.0
3448,2718066,4.0
1660,2715787,4.0
39638,2720841,4.0
23,2713064,4.0
28793,2716741,4.0
29430,2718111,4.0
5241,2705827,4.0
26657,2698783,4.0
28725,2725398,4.0
17848,2716640,4.0
43825,2717553,4.0
9210,2707296,4.0
3375,2712899,4.0
34260,2721546,4.0
20509,2722432,4.0
10027,2704592,4.0
8489,2726392,4.0
745,2698689,4.0
15926,2713643,4.0
41233,2709878,4.0
16572,2720364,4.0
30,2731433,4.0
17869,2711643,4.0
5650,2696885,4.0
20202,2696788,4.0
9151,2702402,4.0
1418,2720295,4.0
21680,2708384,4.0
834,2711964,4.0
19279,2714338,4.0
22200,2707586,4.0
1418,2716202,4.0
3003,2734329,4.0
11955,2703994,4.0
23074,2710226,4.0
3283,2711681,4.0
9241,2693901,4.0
11127,2717476,4.0
10787,2730478,4.0
21275,2710618,4.0
18376,2711697,4.0
127,2707558,4.0
7897,2726857,4.0
37663,2714154,4.0
22783,2707989,4.0
4769,2723027,4.0
11002,2720904,4.0
38392,2714818,4.0
23412,2706402,4.0
62,2726183,4.0
25664,2716363,4.0
4480,2704365,4.0
2197,2735392,4.0
11741,2708283,4.0
889,2718200,4.0
6789,2691896,4.0
16343,2724229,4.0
30,2706390,4.0
9089,2727327,4.0
11808,2704424,4.0
6369,2696101,4.0
14954,2715699,4.0
1295,2723067,4.0
29430,2716746,4.0
15143,2722956,4.0
23482,2727273,4.0
23,2733215,4.0
1893,2703195,4.0
23552,2716813,4.0
7897,2721046,4.0
5526,2724844,4.0
8370,2705642,4.0
15576,2707788,4.0
10264,2723027,4.0
24314,2717317,4.0
18966,2719914,4.0
48906,2730574,4.0
28339,2715974,4.0
43519,2725998,4.0
7830,2737177,4.0
40963,2729513,4.0
18407,2700076,4.0
5132,2732453,4.0
29109,2729223,4.0
48348,2726426,4.0
13848,2712904,4.0
3375,2707179,4.0
13957,2713274,4.0
10784,2706545,4.0
17905,2718558,4.0
18966,2718237,4.0
11002,2711783,4.0
13105,2711976,4.0
19409,2709427,4.0
37081,2719519,4.0
7934,2725716,4.0
23431,2717265,4.0
11741,2707262,4.0
6307,2696376,4.0
46530,2732810,4.0
10087,2715751,4.0
1295,2716023,4.0
38792,2725281,4.0
5209,2726637,4.0
4560,2705118,4.0
7479,2711445,4.0
21980,2727376,4.0
1869,2705292,4.0
17428,2713684,4.0
1500,2686251,4.0
6012,2705661,4.0
16450,2715149,4.0
7814,2722795,4.0
7479,2721926,4.0
17905,2713499,4.0
6554,2704595,4.0
26013,2717621,4.0
3003,2722970,4.0
696,2728599,4.0
5134,2699873,4.0
3917,2725027,4.0
3791,2687806,4.0
802,2713963,4.0
16243,2710971,4.0
19494,2719498,4.0
3003,2714760,4.0
3844,2712848,4.0
41693,2713069,4.0
34152,2702065,4.0
1561,2687792,4.0
6093,2704666,4.0
7241,2700403,4.0
437,2706545,4.0
1418,2716254,4.0
18880,2704230,4.0
18966,2716834,4.0
6117,2699871,4.0
48195,2732808,4.0
244,2720467,4.0
28,2705002,4.0
24125,2710358,4.0
945,2724018,4.0
2368,2688798,4.0
6619,2707996,4.0
37460,2721804,4.0
2396,2687079,4.0
12863,2709463,4.0
32899,2715837,4.0
12742,2711375,4.0
38199,2703184,4.0
4501,2688752,4.0
23689,2711748,4.0
16343,2731941,4.0
24314,2698513,4.0
3295,2718893,4.0
25473,2716506,4.0
46530,2725937,4.0
19074,2727268,4.0
1689,2713488,4.0
30092,2719013,4.0
3003,2719340,4.0
23813,2707379,4.0
2585,2710534,4.0
34860,2723825,4.0
40872,2723493,4.0
36913,2730222,4.0
9242,2704660,4.0
3205,2703851,4.0
12746,2707490,4.0
10673,2707139,4.0
258,2704635,4.0
29400,2708938,4.0
1295,2713057,4.0
17178,2713732,4.0
21681,2735577,4.0
46530,2722752,4.0
33705,2722447,4.0
28451,2726813,4.0
17411,2703965,4.0
31690,2731191,4.0
2905,2703427,4.0
23130,2707419,4.0
11027,2706162,4.0
6818,2706901,4.0
17232,2707794,4.0
62,2731297,4.0
19506,2705359,4.0
25954,2699889,4.0
40050,2729622,4.0
27274,2714135,4.0
7830,2717483,4.0
889,2712055,4.0
13533,2701056,4.0
33193,2718042,4.0
2197,2721635,4.0
21979,2709144,4.0
1158,2708692,4.0
8871,2704013,4.0
4985,2714925,4.0
5125,2714886,4.0
22670,2713745,4.0
33093,2707889,4.0
10430,2704931,4.0
13137,2711721,4.0
4312,2731203,4.0
7211,2709278,4.0
4769,2711094,4.0
2193,2724887,4.0
5650,2704739,4.0
2828,2676888,4.0
9215,2721465,4.0
38400,2718087,4.0
37128,2728104,4.0
3003,2703629,4.0
23327,2710831,4.0
31690,2715809,4.0
1645,2685923,4.0
18966,2720247,4.0
22554,2689334,4.0
46988,2719114,4.0
10787,2721130,4.0
26675,2712200,4.0
17905,2719162,4.0
21088,2714888,4.0
19668,2710601,4.0
1295,2718799,4.0
26509,2715488,4.0
45814,2720710,4.0
45814,2732186,4.0
43900,2724889,4.0
19699,2703916,4.0
22757,2705928,4.0
9205,2732662,4.0
48397,2728072,4.0
22391,2725254,4.0
6373,2721638,4.0
12447,2711915,4.0
41530,2725029,4.0
46546,2731333,4.0
30,2720610,4.0
48348,2729588,4.0
33705,2717418,4.0
7503,2717380,4.0
9205,2726677,4.0
3785,2696288,4.0
1295,2698154,4.0
26741,2707226,4.0
21680,2711220,4.0
5650,2695304,4.0
16343,2717151,4.0
41693,2726217,4.0
16417,2720045,4.0
2197,2728210,4.0
742,2727913,4.0
10430,2706398,4.0
1418,2724194,4.0
23533,2716612,4.0
28988,2705486,4.0
31814,2710730,4.0
10165,2705521,4.0
12447,2699481,4.0
3107,2696944,4.0
45336,2731144,4.0
834,2715452,4.0
27012,2702047,4.0
16463,2713559,4.0
28,2705011,4.0
21289,2728593,4.0
40050,2716831,4.0
15590,2720029,4.0
21,2706627,4.0
9495,2702493,4.0
1418,2708733,4.0
4540,2711658,4.0
696,2732493,4.0
9205,2730559,4.0
2197,2719894,4.0
1823,2695858,4.0
406,2731336,4.0
7209,2720048,4.0
24837,2718039,4.0
9856,2710647,4.0
26888,2715539,4.0
17245,2716464,4.0
19297,2713430,4.0
35189,2719076,4.0
2778,2706047,4.0
42463,2722852,4.0
9089,2708632,4.0
22668,2715542,4.0
6728,2701237,4.0
20509,2698217,4.0
33159,2719954,4.0
6373,2702047,4.0
2799,2706726,4.0
5759,2690011,4.0
7776,2704837,4.0
6420,2718148,4.0
21113,2714649,4.0
696,2709624,4.0
24339,2697982,4.0
11002,2704315,4.0
3917,2703335,4.0
3040,2715164,4.0
298,2698834,4.0
5256,2719911,4.0
16450,2716983,4.0
1514,2731017,4.0
29503,2733740,4.0
7990,2687778,4.0
29109,2714139,4.0
14965,2678590,4.0
9495,2708818,4.0
12197,2695891,4.0
16238,2729018,4.0
10087,2728433,4.0
27490,2703856,4.0
21066,2704998,4.0
41663,2728093,4.0
23401,2715418,4.0
45339,2722975,4.0
12740,2728544,4.0
16424,2703986,4.0
7830,2722702,4.0
23483,2727478,4.0
29654,2719733,4.0
39093,2706666,4.0
31665,2717432,4.0
15052,2711113,4.0
33193,2721465,4.0
21332,2728896,4.0
5256,2720357,4.0
20994,2708427,4.0
1861,2716471,4.0
12645,2725846,4.0
10921,2710534,4.0
1418,2724886,4.0
18376,2721651,4.0
1829,2698766,4.0
16104,2717150,4.0
1239,2684145,4.0
4748,2731934,4.0
5759,2695949,4.0
5433,2700353,4.0
1418,2724799,4.0
21680,2702665,4.0
3446,2704652,4.0
21332,2721403,4.0
9317,2726295,4.0
40474,2724930,4.0
7161,2732766,4.0
1285,2724695,4.0
696,2719688,4.0
21382,2717040,4.0
11174,2702080,4.0
2825,2710828,4.0
12289,2692083,4.0
1660,2727910,4.0
43509,2722118,4.0
817,2696398,4.0
19699,2698758,4.0
4576,2707017,4.0
24339,2698210,4.0
16055,2720606,4.0
22350,2701317,4.0
508,2733829,4.0
33032,2697855,4.0
6260,2720703,4.0
9714,2720330,4.0
17832,2703224,4.0
41893,2721104,4.0
47661,2729151,4.0
40517,2724844,4.0
32421,2720043,4.0
33725,2718752,4.0
2360,2702930,4.0
23420,2716652,4.0
9205,2718580,4.0
34260,2723070,4.0
2778,2712816,4.0
45409,2730996,4.0
21813,2711350,4.0
16290,2729305,4.0
12514,2695136,4.0
48348,2726955,4.0
7310,2706014,4.0
22394,2709994,4.0
970,2696390,4.0
696,2712826,4.0
19017,2715441,4.0
53,2717413,4.0
13071,2727071,4.0
3917,2703100,4.0
36299,2713017,4.0
8447,2736931,4.0
6773,2709394,4.0
40050,2720912,4.0
35479,2708379,4.0
11302,2728009,4.0
23494,2728492,4.0
17567,2705936,4.0
31758,2722417,4.0
20797,2720423,4.0
1295,2730936,4.0
3844,2729726,4.0
5650,2701980,4.0
29510,2702093,4.0
2197,2728217,4.0
29032,2717130,4.0
21741,2712578,4.0
8356,2733633,4.0
6728,2704832,4.0
11127,2720979,4.0
24339,2695397,4.0
7830,2708895,4.0
15495,2711760,4.0
26176,2714983,4.0
16104,2722714,4.0
1835,2709693,4.0
23420,2715605,4.0
4769,2715666,4.0
15792,2707979,4.0
7814,2706545,4.0
1137,2706268,4.0
46944,2723586,4.0
31239,2713138,4.0
11127,2731777,4.0
7665,2707883,4.0
11387,2703044,4.0
1652,2698120,4.0
22394,2709260,4.0
1255,2701087,4.0
18875,2715288,4.0
5759,2702838,4.0
16450,2717043,4.0
4430,2703763,4.0
38015,2735448,4.0
40050,2725512,4.0
1295,2712059,4.0
21421,2704803,4.0
3696,2698711,4.0
25954,2698527,4.0
1418,2720469,4.0
2806,2706039,4.0
5571,2705375,4.0
21080,2713473,4.0
1418,2716314,4.0
35796,2719334,4.0
21066,2707372,4.0
10664,2726757,4.0
41530,2725033,4.0
3917,2712312,4.0
14277,2697477,4.0
7934,2724451,4.0
889,2711775,4.0
15590,2711730,4.0
834,2716711,4.0
30403,2717621,4.0
47661,2731937,4.0
2951,2725061,4.0
35253,2719279,4.0
24209,2712723,4.0
18003,2700690,4.0
30,2708424,4.0
8637,2698608,4.0
7934,2707270,4.0
834,2737170,4.0
7807,2707098,4.0
26932,2709116,4.0
17567,2729285,4.0
35314,2729905,4.0
40050,2711268,4.0
7106,2711949,4.0
26834,2696032,4.0
6373,2717657,4.0
7897,2705225,4.0
12182,2710150,4.0
1295,2723994,4.0
2066,2704672,4.0
40756,2724022,4.0
11127,2724700,4.0
696,2701732,4.0
11387,2701607,4.0
15655,2713241,4.0
19699,2722659,4.0
43555,2724210,4.0
7210,2699132,4.0
20551,2713174,4.0
43084,2729905,4.0
2778,2696777,4.0
21629,2714195,4.0
1968,2699208,4.0
3917,2714858,4.0
34364,2723151,4.0
43555,2708036,4.0
15437,2730399,4.0
22668,2714488,4.0
46530,2724983,4.0
7310,2732274,4.0
8519,2704976,4.0
7378,2700687,4.0
2964,2698075,4.0
10784,2696079,4.0
24006,2717260,4.0
14375,2732222,4.0
2197,2731702,4.0
36913,2719263,4.0
46075,2733751,4.0
2362,2686075,4.0
14430,2728745,4.0
3463,2712177,4.0
49628,2726052,4.0
7830,2722689,4.0
37803,2725113,4.0
15331,2706092,4.0
29316,2718143,4.0
6471,2720323,4.0
3917,2696139,4.0
30,2723507,4.0
21813,2715303,4.0
1645,2704378,4.0
696,2711916,4.0
23,2706184,4.0
28,2687123,4.0
46530,2726704,4.0
6373,2709896,4.0
30165,2729555,4.0
1689,2710663,4.0
696,2711820,4.0
18966,2720152,4.0
9089,2733215,4.0
13873,2732945,4.0
42332,2728046,4.0
5256,2716578,4.0
7830,2717352,4.0
5759,2690932,4.0
27419,2706648,4.0
15568,2732407,4.0
26039,2714109,4.0
41791,2721755,4.0
7830,2736260,4.0
7568,2725280,4.0
186,2685679,4.0
3191,2686893,4.0
43648,2722093,4.0
5974,2731631,4.0
696,2713334,4.0
25,2720980,4.0
744,2704833,4.0
21948,2715494,4.0
1823,2705065,4.0
13209,2710595,4.0
31967,2722347,4.0
7316,2705371,4.0
2991,2730576,4.0
4769,2707284,4.0
7851,2706149,4.0
23785,2715466,4.0
22010,2714489,4.0
15861,2712517,4.0
4469,2688889,4.0
6536,2698628,4.0
40050,2723516,4.0
23130,2707390,4.0
24062,2702305,4.0
1418,2716130,4.0
23401,2707212,4.0
10425,2728580,4.0
4540,2707834,4.0
7830,2736232,4.0
19481,2713115,4.0
10359,2700867,4.0
39855,2717205,4.0
935,2716041,4.0
834,2714464,4.0
25080,2717194,4.0
13644,2705058,4.0
6373,2720181,4.0
8534,2703099,4.0
696,2711272,4.0
23,2718659,4.0
29968,2686892,4.0
17739,2713690,4.0
39503,2720389,4.0
16104,2687036,4.0
16104,2727328,4.0
11352,2716966,4.0
7405,2708536,4.0
3594,2706134,4.0
15590,2714912,4.0
834,2718507,4.0
37128,2732664,4.0
22010,2709490,4.0
47691,2722739,4.0
42132,2727268,4.0
22830,2713633,4.0
6659,2707558,4.0
285,2686708,4.0
10098,2706770,4.0
40050,2711263,4.0
4793,2695359,4.0
23224,2683255,4.0
14093,2703985,4.0
4918,2706591,4.0
3127,2717793,4.0
12055,2692224,4.0
1295,2726384,4.0
11353,2719525,4.0
40050,2718188,4.0
5759,2707360,4.0
10995,2704837,4.0
10784,2709707,4.0
13464,2704988,4.0
1217,2685985,4.0
2257,2716443,4.0
25562,2712070,4.0
7479,2721625,4.0
11002,2711201,4.0
45864,2730943,4.0
9714,2719105,4.0
25194,2726897,4.0
11127,2726178,4.0
35173,2723866,4.0
19494,2720439,4.0
25286,2729382,4.0
10680,2732195,4.0
35376,2723291,4.0
26140,2711069,4.0
16104,2712287,4.0
2910,2704608,4.0
7897,2707887,4.0
13577,2706187,4.0
8726,2691724,4.0
4540,2707492,4.0
21289,2727299,4.0
32067,2720450,4.0
32421,2721951,4.0
16374,2698135,4.0
13518,2725716,4.0
834,2734329,4.0
45814,2728345,4.0
7897,2700971,4.0
1418,2707189,4.0
7934,2693480,4.0
9205,2725572,4.0
28988,2713834,4.0
1646,2717476,4.0
166,2694066,4.0
25193,2706326,4.0
2489,2729863,4.0
20692,2722677,4.0
12862,2710545,4.0
5551,2701129,4.0
41782,2724526,4.0
889,2711332,4.0
16346,2712876,4.0
10587,2693956,4.0
15813,2708529,4.0
9385,2727163,4.0
4971,2717672,4.0
2193,2724982,4.0
13577,2707015,4.0
1552,2704841,4.0
11803,2732171,4.0
7830,2725688,4.0
1258,2693121,4.0
889,2711787,4.0
47384,2731341,4.0
498,2716238,4.0
6730,2728825,4.0
498,2713537,4.0
20640,2710433,4.0
298,2702616,4.0
21,2702110,4.0
17118,2730148,4.0
17848,2724349,4.0
35479,2720672,4.0
3621,2694629,4.0
2341,2704410,4.0
16104,2687799,4.0
36162,2729498,4.0
15051,2727986,4.0
6728,2712490,4.0
16450,2712951,4.0
5083,2720039,4.0
1960,2723767,4.0
11002,2711222,4.0
17411,2709228,4.0
15143,2702665,4.0
3635,2731282,4.0
6373,2717132,4.0
12738,2699855,4.0
10880,2706052,4.0
7071,2707785,4.0
16450,2707853,4.0
49628,2734528,4.0
25516,2710587,4.0
26509,2699877,4.0
15493,2702037,4.0
285,2696538,4.0
9205,2707065,4.0
36466,2719817,4.0
11302,2708407,4.0
16766,2701548,4.0
36298,2710800,4.0
2197,2731579,4.0
1915,2686049,4.0
7241,2694659,4.0
9241,2691718,4.0
7910,2699867,4.0
1295,2711736,4.0
23,2734602,4.0
1295,2696345,4.0
8534,2715683,4.0
17536,2731124,4.0
23712,2707356,4.0
164,2695218,4.0
696,2711269,4.0
26397,2719167,4.0
11002,2703508,4.0
25622,2711730,4.0
2446,2698739,4.0
10848,2706372,4.0
31239,2713531,4.0
833,2699007,4.0
1158,2714610,4.0
23770,2707399,4.0
30,2722381,4.0
1399,2704252,4.0
21862,2706642,4.0
1879,2716459,4.0
29032,2718978,4.0
35504,2712951,4.0
1295,2729782,4.0
21680,2716199,4.0
6260,2720716,4.0
166,2703028,4.0
6373,2722060,4.0
7830,2716392,4.0
10921,2694328,4.0
19632,2727031,4.0
34260,2703123,4.0
8572,2717751,4.0
23,2733215,4.0
29032,2716470,4.0
7241,2716205,4.0
834,2729266,4.0
8658,2719312,4.0
12470,2698649,4.0
31308,2729748,4.0
1397,2729744,4.0
19267,2711244,4.0
6619,2707015,4.0
23197,2701985,4.0
2197,2727552,4.0
16381,2712812,4.0
8469,2704154,4.0
43353,2712930,4.0
16463,2727867,4.0
696,2723616,4.0
35060,2715855,4.0
744,2706481,4.0
10784,2706529,4.0
37128,2721317,4.0
14578,2711894,4.0
18499,2699844,4.0
25411,2710622,4.0
14303,2713050,4.0
39279,2722386,4.0
10270,2688322,4.0
11575,2735570,4.0
3874,2713792,4.0
10165,2708904,4.0
15655,2717688,4.0
13813,2703633,4.0
7830,2720857,4.0
16766,2713887,4.0
40234,2720044,4.0
6782,2705073,4.0
24062,2721829,4.0
22322,2705762,4.0
31331,2710658,4.0
185,2723475,4.0
31665,2718076,4.0
2991,2728282,4.0
10880,2701175,4.0
166,2688719,4.0
7071,2703566,4.0
48195,2726536,4.0
3785,2713854,4.0
8086,2693966,4.0
10473,2705371,4.0
9242,2704691,4.0
37081,2718294,4.0
889,2713175,4.0
36299,2708262,4.0
7241,2707471,4.0
6394,2724671,4.0
11889,2723125,4.0
19074,2710931,4.0
22668,2707311,4.0
2069,2719704,4.0
30,2724257,4.0
23770,2731288,4.0
12044,2707112,4.0
29985,2708484,4.0
6012,2717451,4.0
20465,2718258,4.0
696,2713694,4.0
8074,2706645,4.0
9089,2716414,4.0
25388,2721926,4.0
2585,2718087,4.0
23224,2701755,4.0
7704,2708544,4.0
7209,2725059,4.0
22990,2721747,4.0
31157,2719779,4.0
21275,2734949,4.0
43407,2721925,4.0
31758,2719911,4.0
2489,2708286,4.0
12208,2711572,4.0
48975,2728451,4.0
45339,2728515,4.0
19699,2730241,4.0
6335,2709539,4.0
23978,2703341,4.0
30,2696951,4.0
23197,2704975,4.0
7851,2707376,4.0
48729,2717347,4.0
14481,2708473,4.0
1295,2695891,4.0
23689,2699729,4.0
31513,2714171,4.0
13813,2678543,4.0
19656,2705478,4.0
6117,2693442,4.0
27756,2726984,4.0
17848,2724346,4.0
16343,2717553,4.0
2197,2723499,4.0
29488,2718432,4.0
8550,2716839,4.0
10784,2706528,4.0
831,2720062,4.0
29781,2716670,4.0
39273,2718197,4.0
945,2699768,4.0
2878,2705007,4.0
7830,2716353,4.0
5628,2690848,4.0
25664,2710154,4.0
8406,2703571,4.0
6369,2729746,4.0
17143,2719336,4.0
16587,2703781,4.0
12417,2715532,4.0
28637,2723475,4.0
38671,2715736,4.0
10787,2712033,4.0
5633,2707234,4.0
7241,2707585,4.0
44715,2719373,4.0
3411,2711359,4.0
6373,2715580,4.0
22232,2721017,4.0
30,2713165,4.0
18966,2720162,4.0
22590,2714879,4.0
23435,2714903,4.0
7316,2692750,4.0
4769,2704124,4.0
29727,2705506,4.0
35991,2714197,4.0
24295,2691978,4.0
49628,2734686,4.0
25552,2713936,4.0
18966,2716060,4.0
8678,2722543,4.0
23833,2704307,4.0
17018,2711998,4.0
508,2700899,4.0
38966,2725610,4.0
23586,2722461,4.0
21040,2715064,4.0
32215,2719918,4.0
5303,2693440,4.0
31152,2721041,4.0
16290,2715425,4.0
3236,2691725,4.0
32758,2719769,4.0
779,2686401,4.0
11475,2708460,4.0
2569,2724835,4.0
48336,2730185,4.0
4558,2702930,4.0
22668,2714760,4.0
25473,2715155,4.0
36685,2720980,4.0
5119,2696947,4.0
39693,2723763,4.0
6988,2707328,4.0
7080,2715427,4.0
13817,2708932,4.0
48856,2726995,4.0
742,2691051,4.0
10118,2706731,4.0
62,2725390,4.0
2825,2716839,4.0
18955,2712632,4.0
5497,2712818,4.0
16766,2714579,4.0
1418,2710082,4.0
24478,2732504,4.0
6687,2706187,4.0
7479,2732339,4.0
5292,2703767,4.0
4769,2720659,4.0
20251,2704954,4.0
9265,2729327,4.0
1295,2711121,4.0
28638,2718134,4.0
17680,2713120,4.0
8871,2677035,4.0
14390,2709242,4.0
7643,2707098,4.0
24613,2713849,4.0
22307,2712697,4.0
17787,2681689,4.0
6773,2695917,4.0
38438,2723702,4.0
18676,2680840,4.0
2257,2712749,4.0
46047,2716063,4.0
7934,2725026,4.0
9317,2719500,4.0
696,2717976,4.0
29046,2713646,4.0
21113,2714949,4.0
7316,2704573,4.0
36471,2723583,4.0
10921,2712569,4.0
6730,2731195,4.0
4560,2717201,4.0
48975,2733639,4.0
30209,2717404,4.0
15954,2719338,4.0
35991,2727245,4.0
13090,2711932,4.0
18296,2701980,4.0
17113,2712726,4.0
48397,2721613,4.0
7241,2725281,4.0
7934,2694629,4.0
3621,2708273,4.0
1397,2725137,4.0
8339,2715070,4.0
28764,2717992,4.0
10921,2724674,4.0
31111,2716046,4.0
6019,2702345,4.0
4985,2694408,4.0
32772,2720831,4.0
7897,2718096,4.0
25760,2705897,4.0
19679,2720717,4.0
28637,2720087,4.0
11127,2720009,4.0
15052,2701750,4.0
6373,2704244,4.0
802,2701310,4.0
29109,2716810,4.0
24647,2710610,4.0
35227,2714997,4.0
45409,2724833,4.0
25194,2703985,4.0
11127,2702997,4.0
1418,2716109,4.0
834,2729360,4.0
21862,2724564,4.0
1660,2716827,4.0
30786,2712774,4.0
30786,2719616,4.0
17411,2705657,4.0
16417,2707890,4.0
2449,2721935,4.0
11068,2708955,4.0
22232,2723647,4.0
21465,2713488,4.0
48455,2723036,4.0
17049,2702039,4.0
15061,2726851,4.0
32001,2712993,4.0
16244,2727164,4.0
5426,2713638,4.0
17479,2696866,4.0
23490,2707308,4.0
39122,2717808,4.0
3635,2714644,4.0
7075,2705527,4.0
15116,2701233,4.0
6187,2713766,4.0
8572,2716979,4.0
40474,2724853,4.0
1295,2716807,4.0
41894,2722419,4.0
28339,2713668,4.0
2197,2706664,4.0
29488,2720650,4.0
37001,2710220,4.0
2986,2706656,4.0
9265,2722968,4.0
45336,2731567,4.0
31085,2715499,4.0
34260,2719453,4.0
38671,2695377,4.0
7974,2723698,4.0
2866,2698686,4.0
1652,2727224,4.0
28702,2716739,4.0
7457,2701748,4.0
5400,2701159,4.0
16904,2713314,4.0
7210,2731154,4.0
11127,2723647,4.0
38438,2723701,4.0
1158,2729312,4.0
8217,2722922,4.0
28828,2711447,4.0
22109,2725976,4.0
30083,2710673,4.0
3448,2715677,4.0
41693,2728188,4.0
27756,2735980,4.0
10376,2721117,4.0
696,2707400,4.0
2197,2710977,4.0
38671,2732506,4.0
35504,2708097,4.0
26554,2715210,4.0
40050,2726219,4.0
37750,2720433,4.0
17466,2721469,4.0
8731,2725310,4.0
6313,2698095,4.0
696,2709532,4.0
22673,2707745,4.0
2134,2703195,4.0
3917,2715688,4.0
39503,2726511,4.0
2197,2710728,4.0
11127,2708036,4.0
7310,2732447,4.0
23135,2727014,4.0
37336,2702069,4.0
7807,2707284,4.0
17295,2707985,4.0
6619,2716339,4.0
29449,2703232,4.0
17922,2714719,4.0
2197,2715026,4.0
6447,2703918,4.0
15590,2714874,4.0
14303,2713170,4.0
1418,2717102,4.0
13659,2710978,4.0
945,2712989,4.0
37970,2707853,4.0
696,2689879,4.0
2847,2715834,4.0
498,2706683,4.0
2197,2711640,4.0
889,2719960,4.0
2045,2705335,4.0
22010,2716863,4.0
23197,2699859,4.0
21720,2713174,4.0
37128,2724681,4.0
6554,2701673,4.0
16009,2700830,4.0
7241,2726960,4.0
7814,2722538,4.0
35504,2712980,4.0
834,2715463,4.0
38438,2719108,4.0
4312,2723602,4.0
1418,2725573,4.0
6257,2706955,4.0
8383,2698237,4.0
2007,2719806,4.0
23813,2711975,4.0
1652,2703005,4.0
7897,2704315,4.0
834,2706097,4.0
31111,2719942,4.0
1430,2704454,4.0
25194,2727589,4.0
35514,2720144,4.0
10921,2716833,4.0
1226,2715060,4.0
31331,2718156,4.0
10664,2720634,4.0
696,2736106,4.0
19699,2704998,4.0
62,2691693,4.0
38780,2721465,4.0
1418,2703410,4.0
8973,2707235,4.0
45336,2717303,4.0
7830,2711224,4.0
6447,2695860,4.0
186,2695581,4.0
41530,2723663,4.0
15942,2708280,4.0
30,2718725,4.0
17287,2725388,4.0
11062,2706218,4.0
4312,2714193,4.0
1660,2718388,4.0
1168,2704395,4.0
11667,2704666,4.0
17118,2721214,4.0
6373,2699936,4.0
10995,2698590,4.0
7897,2706200,4.0
33193,2724865,4.0
23,2712204,4.0
3917,2704808,4.0
49006,2734464,4.0
14348,2713274,4.0
42870,2728054,4.0
10270,2724696,4.0
31967,2714152,4.0
35400,2731061,4.0
19017,2711350,4.0
31698,2718794,4.0
5759,2690936,4.0
42938,2714748,4.0
15137,2729177,4.0
5759,2706474,4.0
23482,2726178,4.0
5650,2695304,4.0
21,2707756,4.0
3455,2688512,4.0
32956,2717478,4.0
7316,2706964,4.0
44985,2717433,4.0
24478,2714812,4.0
14303,2705537,4.0
1399,2703529,4.0
16104,2717483,4.0
7241,2721959,4.0
5650,2705550,4.0
834,2729253,4.0
7788,2707983,4.0
5360,2699696,4.0
2197,2726307,4.0
46075,2728597,4.0
5426,2721853,4.0
10903,2707866,4.0
4009,2699783,4.0
10098,2703508,4.0
30178,2710595,4.0
696,2709494,4.0
2991,2703113,4.0
9396,2704194,4.0
11353,2725197,4.0
15309,2707100,4.0
5292,2718155,4.0
11002,2711091,4.0
23,2719136,4.0
3375,2708043,4.0
696,2709500,4.0
21080,2727186,4.0
28702,2726200,4.0
7830,2717187,4.0
9080,2707381,4.0
21,2706609,4.0
3375,2713002,4.0
40050,2729781,4.0
2778,2722182,4.0
18966,2720181,4.0
39503,2717205,4.0
20135,2719601,4.0
2556,2703514,4.0
285,2696481,4.0
7586,2707390,4.0
29347,2713243,4.0
3203,2694162,4.0
1418,2708676,4.0
33725,2713507,4.0
26554,2702586,4.0
6789,2714222,4.0
314,2704301,4.0
193,2708245,4.0
31328,2716865,4.0
23130,2716560,4.0
6447,2707522,4.0
1418,2707372,4.0
7830,2720298,4.0
22307,2710983,4.0
25069,2718220,4.0
1809,2704837,4.0
1255,2724700,4.0
24339,2697985,4.0
15954,2695371,4.0
19494,2730112,4.0
23224,2718714,4.0
7932,2704713,4.0
34772,2720978,4.0
10664,2712443,4.0
29109,2719933,4.0
696,2718458,4.0
43439,2728085,4.0
11055,2727346,4.0
22897,2686893,4.0
1295,2705494,4.0
12324,2724926,4.0
901,2703104,4.0
7241,2733837,4.0
32344,2718614,4.0
5759,2707332,4.0
22668,2713996,4.0
10087,2720277,4.0
6225,2688345,4.0
18833,2724961,4.0
3730,2694044,4.0
31111,2722240,4.0
26509,2725106,4.0
33977,2718811,4.0
47848,2732471,4.0
30,2727505,4.0
14954,2697312,4.0
23464,2716875,4.0
7934,2711401,4.0
38671,2720517,4.0
1418,2717627,4.0
2197,2699947,4.0
27163,2711016,4.0
8246,2692058,4.0
13644,2707939,4.0
39279,2715154,4.0
18966,2719934,4.0
22601,2695902,4.0
1869,2705047,4.0
17739,2713697,4.0
696,2732494,4.0
11002,2716801,4.0
20731,2708498,4.0
18422,2712042,4.0
15890,2719586,4.0
28556,2718118,4.0
1217,2687988,4.0
8288,2721246,4.0
9205,2730985,4.0
18042,2706274,4.0
6373,2722115,4.0
14277,2715734,4.0
8074,2693181,4.0
10314,2714502,4.0
18966,2713048,4.0
38780,2726192,4.0
2356,2695604,4.0
7830,2720874,4.0
3917,2723982,4.0
186,2704604,4.0
7830,2724676,4.0
25439,2694864,4.0
5759,2696456,4.0
5256,2719021,4.0
38354,2718061,4.0
5759,2694018,4.0
2116,2706872,4.0
5759,2705461,4.0
8002,2703411,4.0
21,2706600,4.0
16256,2719506,4.0
14024,2713543,4.0
20053,2699411,4.0
1418,2716145,4.0
1418,2713290,4.0
9714,2721966,4.0
44072,2727420,4.0
23586,2708550,4.0
10680,2725642,4.0
6614,2707205,4.0
8002,2699438,4.0
20053,2709493,4.0
43825,2726494,4.0
12702,2706484,4.0
2360,2723613,4.0
2335,2722668,4.0
834,2718147,4.0
5759,2704887,4.0
43353,2719067,4.0
18966,2716037,4.0
24837,2707649,4.0
4501,2721043,4.0
14378,2708779,4.0
3424,2716604,4.0
10784,2710581,4.0
696,2712839,4.0
32655,2719278,4.0
40207,2723077,4.0
23431,2717267,4.0
8454,2707027,4.0
7811,2706653,4.0
24381,2716861,4.0
7830,2716326,4.0
3625,2704878,4.0
18392,2707482,4.0
39460,2725074,4.0
11051,2726794,4.0
8769,2701017,4.0
6260,2704516,4.0
7814,2722551,4.0
8086,2721921,4.0
2044,2728879,4.0
2193,2710559,4.0
13209,2705207,4.0
7807,2724131,4.0
24314,2693037,4.0
16343,2719625,4.0
3925,2728014,4.0
180,2707051,4.0
46530,2720894,4.0
7272,2713468,4.0
21,2687526,4.0
19699,2698129,4.0
18257,2707697,4.0
9541,2701307,4.0
16104,2704651,4.0
13346,2720054,4.0
3659,2705048,4.0
7773,2705319,4.0
6373,2717900,4.0
6902,2701648,4.0
3463,2716077,4.0
17588,2716691,4.0
16450,2720486,4.0
14578,2710381,4.0
945,2705428,4.0
40963,2724570,4.0
19699,2708439,4.0
32488,2721326,4.0
1399,2704257,4.0
23689,2713547,4.0
42239,2727829,4.0
3917,2732207,4.0
17272,2704638,4.0
13919,2728623,4.0
16381,2732321,4.0
6330,2712844,4.0
7479,2732015,4.0
35155,2719491,4.0
26509,2715542,4.0
8705,2698182,4.0
2197,2703996,4.0
11414,2706106,4.0
20640,2710948,4.0
18966,2720145,4.0
28556,2718374,4.0
22348,2707715,4.0
17911,2708364,4.0
7990,2695466,4.0
889,2714135,4.0
7459,2712052,4.0
7974,2706026,4.0
11943,2706890,4.0
39460,2725077,4.0
28764,2714204,4.0
28725,2714034,4.0
29328,2704955,4.0
28846,2712417,4.0
1399,2709852,4.0
19699,2706596,4.0
7807,2696853,4.0
13137,2711728,4.0
7830,2709220,4.0
18966,2716837,4.0
26702,2718359,4.0
16343,2722814,4.0
25052,2709685,4.0
18966,2717660,4.0
25516,2711026,4.0
30901,2720457,4.0
18966,2720173,4.0
19481,2712555,4.0
17295,2704908,4.0
2386,2695014,4.0
15069,2710697,4.0
5345,2681546,4.0
22232,2710553,4.0
16856,2718351,4.0
23483,2727272,4.0
6260,2730940,4.0
29556,2705686,4.0
9205,2695316,4.0
28763,2717407,4.0
36685,2714643,4.0
834,2736202,4.0
1423,2708934,4.0
17848,2716684,4.0
3040,2694754,4.0
2386,2684098,4.0
1418,2712692,4.0
13209,2704453,4.0
11961,2704913,4.0
40050,2725954,4.0
27756,2717768,4.0
1399,2691947,4.0
1418,2712005,4.0
7093,2730061,4.0
11002,2720721,4.0
7719,2732809,4.0
4540,2706364,4.0
22757,2716372,4.0
10118,2697147,4.0
45409,2721658,4.0
5119,2705472,4.0
3003,2703514,4.0
46955,2720257,4.0
1295,2733133,4.0
6373,2731953,4.0
19256,2701957,4.0
4985,2718979,4.0
9317,2723389,4.0
22232,2719278,4.0
1295,2727231,4.0
23376,2715191,4.0
39093,2711697,4.0
42579,2729425,4.0
1256,2696293,4.0
22554,2689343,4.0
25774,2718859,4.0
17758,2701663,4.0
12055,2711323,4.0
46059,2727327,4.0
31328,2709863,4.0
21457,2717243,4.0
1295,2707694,4.0
10995,2687039,4.0
91,2692429,4.0
29503,2720850,4.0
12740,2698693,4.0
26416,2717549,4.0
14840,2713539,4.0
7830,2720773,4.0
3174,2699813,4.0
17714,2711447,4.0
4501,2718548,4.0
41693,2728170,4.0
2257,2714767,4.0
5974,2704275,4.0
7209,2732422,4.0
25194,2703897,4.0
14375,2725146,4.0
32421,2721031,4.0
1418,2714874,4.0
16882,2712051,4.0
91,2685737,4.0
18484,2712514,4.0
498,2717382,4.0
6330,2711332,4.0
30083,2717950,4.0
11002,2710636,4.0
30,2705826,4.0
834,2709601,4.0
5497,2705992,4.0
11451,2704907,4.0
2197,2733901,4.0
5119,2705483,4.0
45814,2719152,4.0
11051,2721016,4.0
3221,2691749,4.0
17734,2727167,4.0
22673,2708258,4.0
32607,2716651,4.0
7897,2712899,4.0
2197,2731429,4.0
21517,2705308,4.0
11127,2718602,4.0
5974,2705010,4.0
3107,2712968,4.0
1418,2718790,4.0
7830,2707893,4.0
36685,2719233,4.0
35479,2718712,4.0
7811,2691712,4.0
33049,2710534,4.0
4910,2705518,4.0
21236,2705020,4.0
12280,2719920,4.0
3917,2714004,4.0
62,2732470,4.0
10903,2697194,4.0
11002,2706927,4.0
17232,2712494,4.0
30,2704598,4.0
40105,2713977,4.0
1255,2704368,4.0
32368,2705879,4.0
20013,2701298,4.0
37803,2725699,4.0
12484,2701900,4.0
7830,2713090,4.0
15909,2711006,4.0
14609,2701576,4.0
3003,2726718,4.0
1150,2714468,4.0
25745,2696785,4.0
35504,2720125,4.0
22212,2707028,4.0
11127,2720975,4.0
16450,2704841,4.0
6373,2730809,4.0
11741,2698632,4.0
4501,2698232,4.0
28539,2719897,4.0
22897,2725442,4.0
508,2715294,4.0
19256,2706198,4.0
16450,2720832,4.0
5119,2725095,4.0
18836,2701169,4.0
11889,2699424,4.0
26801,2717246,4.0
18875,2711357,4.0
11777,2699216,4.0
18809,2711340,4.0
62,2706534,4.0
19749,2713107,4.0
889,2711760,4.0
18003,2709723,4.0
16191,2725268,4.0
7830,2727301,4.0
14609,2707012,4.0
15757,2724951,4.0
29907,2722464,4.0
15568,2719292,4.0
7830,2713100,4.0
41693,2713513,4.0
2368,2698078,4.0
12324,2711501,4.0
2585,2708282,4.0
15086,2701033,4.0
7910,2723637,4.0
10673,2693442,4.0
8572,2692149,4.0
62,2711806,4.0
6689,2706920,4.0
47302,2731675,4.0
1295,2704311,4.0
3571,2706545,4.0
125,2698608,4.0
10430,2707247,4.0
2197,2720935,4.0
25,2725499,4.0
2864,2695338,4.0
17111,2704079,4.0
29519,2719457,4.0
1994,2729273,4.0
46317,2724544,4.0
17536,2703430,4.0
31308,2715761,4.0
10183,2702927,4.0
7586,2706704,4.0
41791,2724534,4.0
6687,2706485,4.0
19362,2711968,4.0
45545,2731700,4.0
27356,2717991,4.0
7910,2726808,4.0
45905,2733866,4.0
9205,2713032,4.0
11002,2720653,4.0
11414,2710395,4.0
11127,2702118,4.0
21681,2718124,4.0
9034,2721102,4.0
45409,2730036,4.0
1418,2715315,4.0
24478,2735475,4.0
21066,2714874,4.0
7807,2707406,4.0
7206,2708996,4.0
11127,2704876,4.0
4918,2705788,4.0
18412,2703024,4.0
46486,2729192,4.0
696,2713440,4.0
21332,2728012,4.0
8973,2707389,4.0
13919,2717511,4.0
15587,2723669,4.0
45814,2733291,4.0
21,2704341,4.0
1418,2706628,4.0
13919,2722661,4.0
37021,2709001,4.0
11866,2705680,4.0
16191,2729292,4.0
16104,2728652,4.0
28,2705085,4.0
23085,2710033,4.0
25552,2695993,4.0
26416,2717873,4.0
12250,2707987,4.0
18859,2713945,4.0
3003,2703484,4.0
7080,2702877,4.0
17808,2698032,4.0
20446,2715853,4.0
6257,2696343,4.0
20053,2698703,4.0
18134,2713773,4.0
6012,2723083,4.0
18966,2734962,4.0
4017,2687438,4.0
12324,2731457,4.0
834,2716439,4.0
36335,2719255,4.0
37001,2704395,4.0
20889,2703403,4.0
12706,2719600,4.0
5132,2731178,4.0
2569,2711437,4.0
742,2728536,4.0
19749,2706800,4.0
30,2708715,4.0
11803,2713110,4.0
8383,2708365,4.0
27297,2715043,4.0
9506,2729265,4.0
26509,2715544,4.0
36225,2706925,4.0
14183,2706707,4.0
4674,2713579,4.0
915,2704302,4.0
10784,2705057,4.0
8106,2712574,4.0
22617,2714784,4.0
23130,2715054,4.0
7316,2696615,4.0
39838,2720766,4.0
5650,2696370,4.0
21,2688835,4.0
1295,2717558,4.0
35469,2718315,4.0
22997,2702030,4.0
21,2702018,4.0
9232,2708387,4.0
2197,2727467,4.0
23074,2707242,4.0
44188,2726066,4.0
6471,2713207,4.0
11051,2704865,4.0
13394,2727207,4.0
6286,2690448,4.0
18884,2700934,4.0
18966,2730318,4.0
27297,2715086,4.0
13659,2710150,4.0
24613,2702758,4.0
1967,2726844,4.0
21568,2708942,4.0
11174,2715338,4.0
7807,2728137,4.0
22668,2711140,4.0
17584,2698667,4.0
39279,2725280,4.0
10664,2720068,4.0
21080,2698696,4.0
14107,2718723,4.0
32855,2732853,4.0
39533,2707709,4.0
21,2712342,4.0
16104,2700881,4.0
8002,2704102,4.0
15890,2726266,4.0
9210,2706006,4.0
2396,2685765,4.0
5210,2713418,4.0
45516,2712307,4.0
9385,2727516,4.0
24295,2717079,4.0
2882,2713140,4.0
12850,2698221,4.0
2585,2696774,4.0
3446,2713653,4.0
258,2722564,4.0
32117,2712608,4.0
8356,2705119,4.0
3227,2674620,4.0
25366,2707369,4.0
32758,2719658,4.0
39503,2710613,4.0
13644,2712411,4.0
10430,2702650,4.0
3006,2695934,4.0
22512,2721613,4.0
18911,2707284,4.0
24314,2703851,4.0
21,2705464,4.0
29654,2716109,4.0
16104,2687765,4.0
37956,2723636,4.0
193,2718159,4.0
19679,2715966,4.0
1,2703489,4.0
16104,2718397,4.0
17816,2698219,4.0
48374,2719022,4.0
39158,2718675,4.0
12324,2727418,4.0
16226,2704846,4.0
4910,2706305,4.0
48133,2734414,4.0
33243,2711401,4.0
16346,2714895,4.0
22757,2735948,4.0
5256,2715358,4.0
4430,2687858,4.0
16226,2699778,4.0
16450,2720216,4.0
24339,2714779,4.0
1527,2705455,4.0
7830,2719145,4.0
16256,2721613,4.0
1295,2711539,4.0
12498,2711932,4.0
41296,2721942,4.0
12447,2702022,4.0
5543,2721664,4.0
8313,2703780,4.0
5650,2713977,4.0
9157,2706075,4.0
22668,2715815,4.0
6373,2729051,4.0
1295,2705448,4.0
7830,2725701,4.0
19822,2704977,4.0
5292,2711748,4.0
696,2714590,4.0
21275,2725802,4.0
24062,2727793,4.0
16374,2728017,4.0
11002,2711229,4.0
8211,2710599,4.0
13090,2693037,4.0
17848,2724356,4.0
5497,2712809,4.0
24930,2715151,4.0
15899,2704440,4.0
28916,2713849,4.0
46447,2733297,4.0
15052,2711231,4.0
2992,2714719,4.0
9479,2703018,4.0
10784,2701741,4.0
7897,2714105,4.0
18966,2720186,4.0
40756,2725027,4.0
2197,2727191,4.0
12850,2709923,4.0
49190,2718742,4.0
18134,2709697,4.0
4847,2722917,4.0
5809,2703232,4.0
17035,2710378,4.0
11002,2706241,4.0
46184,2725499,4.0
22601,2714828,4.0
19494,2720220,4.0
48851,2722736,4.0
2362,2684106,4.0
10264,2692585,4.0
31758,2731225,4.0
34260,2725423,4.0
4698,2707664,4.0
498,2700043,4.0
889,2705952,4.0
6789,2734623,4.0
23880,2711665,4.0
8074,2705174,4.0
17186,2721847,4.0
8376,2705609,4.0
5650,2699472,4.0
31757,2721439,4.0
4865,2699831,4.0
7211,2702002,4.0
11479,2716104,4.0
10314,2700096,4.0
23395,2713714,4.0
62,2730079,4.0
180,2706071,4.0
36298,2715070,4.0
1295,2718690,4.0
3003,2726691,4.0
26134,2708452,4.0
2197,2719368,4.0
17592,2701809,4.0
29032,2716214,4.0
31612,2718379,4.0
6373,2719416,4.0
16450,2720786,4.0
42324,2726588,4.0
16173,2707402,4.0
6161,2689978,4.0
2563,2721002,4.0
3997,2705108,4.0
29849,2720146,4.0
43519,2717281,4.0
11002,2698813,4.0
23224,2697495,4.0
1418,2724201,4.0
30,2711735,4.0
17464,2724980,4.0
19699,2702174,4.0
7290,2698252,4.0
24613,2716989,4.0
37128,2733563,4.0
11002,2707569,4.0
10333,2719092,4.0
10995,2723643,4.0
7830,2720904,4.0
1418,2704685,4.0
13813,2703679,4.0
37803,2725055,4.0
696,2702906,4.0
34051,2725759,4.0
14303,2690188,4.0
31513,2719268,4.0
17846,2726695,4.0
25908,2715588,4.0
1295,2718543,4.0
11369,2706120,4.0
21729,2725415,4.0
17848,2730720,4.0
21862,2714038,4.0
10784,2709918,4.0
21629,2694992,4.0
12191,2702910,4.0
7719,2732818,4.0
29078,2718401,4.0
8383,2707642,4.0
37036,2719844,4.0
23224,2711785,4.0
25552,2707402,4.0
6622,2702877,4.0
23401,2699752,4.0
10159,2708692,4.0
22668,2713820,4.0
32368,2712918,4.0
22897,2702877,4.0
33705,2721653,4.0
36913,2725834,4.0
121,2707793,4.0
21,2719375,4.0
46212,2722612,4.0
12514,2695981,4.0
31665,2722574,4.0
20640,2714545,4.0
696,2698080,4.0
1418,2720163,4.0
27186,2718451,4.0
8826,2707448,4.0
6260,2728042,4.0
9241,2698608,4.0
29488,2720602,4.0
21,2720082,4.0
11435,2700029,4.0
7830,2722701,4.0
14277,2713501,4.0
14378,2705126,4.0
26397,2714464,4.0
1418,2729549,4.0
23327,2715180,4.0
12289,2698779,4.0
39830,2714915,4.0
19409,2699769,4.0
27356,2731023,4.0
62,2704550,4.0
1418,2715822,4.0
10024,2706508,4.0
2882,2703009,4.0
31758,2730999,4.0
5345,2697990,4.0
36298,2715051,4.0
186,2704643,4.0
23091,2702678,4.0
25516,2716296,4.0
28637,2723065,4.0
25388,2721021,4.0
9597,2698177,4.0
17136,2712598,4.0
10508,2716353,4.0
8469,2725087,4.0
30,2726586,4.0
7830,2710430,4.0
5134,2699806,4.0
23437,2702149,4.0
19632,2726668,4.0
16888,2703384,4.0
4624,2693814,4.0
36685,2715809,4.0
1418,2708572,4.0
38780,2725183,4.0
8637,2718501,4.0
18966,2717051,4.0
7830,2720921,4.0
23412,2711015,4.0
43064,2722691,4.0
2905,2698027,4.0
22232,2720061,4.0
25516,2711545,4.0
12324,2709461,4.0
6330,2679443,4.0
17848,2724202,4.0
10680,2718957,4.0
17411,2694071,4.0
10430,2709591,4.0
17816,2726754,4.0
7704,2715115,4.0
22269,2714283,4.0
20994,2708647,4.0
27356,2714636,4.0
11479,2715793,4.0
17550,2687765,4.0
2197,2736128,4.0
12817,2710137,4.0
3647,2719481,4.0
39503,2723216,4.0
5650,2708307,4.0
33297,2730624,4.0
6394,2710534,4.0
34051,2725553,4.0
24640,2706468,4.0
11027,2705487,4.0
25830,2714846,4.0
9975,2702330,4.0
9205,2723426,4.0
32117,2719322,4.0
38068,2725095,4.0
30662,2706775,4.0
5241,2724830,4.0
24006,2701537,4.0
5409,2707632,4.0
25,2710524,4.0
23,2706181,4.0
27168,2717675,4.0
4468,2699983,4.0
36028,2721941,4.0
20758,2715147,4.0
33725,2714459,4.0
7568,2715646,4.0
745,2705047,4.0
6730,2725764,4.0
3917,2703199,4.0
5650,2707391,4.0
7568,2722855,4.0
4540,2704402,4.0
46627,2723024,4.0
1835,2717653,4.0
9317,2725976,4.0
24853,2717263,4.0
3003,2720834,4.0
25366,2708913,4.0
11715,2702457,4.0
10159,2712000,4.0
3221,2708012,4.0
2951,2718729,4.0
21,2707680,4.0
1158,2717594,4.0
21236,2714186,4.0
7830,2710306,4.0
20551,2705199,4.0
20551,2704441,4.0
16279,2729566,4.0
17428,2706096,4.0
11127,2704982,4.0
25516,2716624,4.0
3769,2710540,4.0
18003,2701014,4.0
11002,2706787,4.0
779,2701729,4.0
25052,2704975,4.0
9317,2726814,4.0
11051,2726188,4.0
30,2709218,4.0
23862,2730158,4.0
18966,2726230,4.0
17428,2713521,4.0
12149,2696873,4.0
20509,2702093,4.0
889,2716527,4.0
18484,2710469,4.0
32117,2721035,4.0
42290,2717824,4.0
25102,2711869,4.0
18966,2726218,4.0
7830,2722688,4.0
186,2697413,4.0
21382,2722617,4.0
17786,2711382,4.0
7295,2701540,4.0
11955,2698640,4.0
19279,2697363,4.0
8637,2685664,4.0
30,2728728,4.0
3917,2732219,4.0
19279,2699198,4.0
18966,2719261,4.0
22668,2714225,4.0
29046,2722415,4.0
16104,2718432,4.0
9223,2708197,4.0
23,2723101,4.0
818,2697262,4.0
745,2727927,4.0
17763,2710976,4.0
20002,2707060,4.0
38792,2720183,4.0
13394,2728450,4.0
11211,2716973,4.0
5759,2699797,4.0
7934,2722793,4.0
1335,2697391,4.0
35799,2709667,4.0
32590,2712911,4.0
18651,2703789,4.0
4910,2713581,4.0
37700,2716661,4.0
17245,2718876,4.0
11127,2719044,4.0
29371,2707890,4.0
9702,2724173,4.0
11002,2711292,4.0
28828,2714951,4.0
46114,2720693,4.0
10784,2708550,4.0
10858,2718323,4.0
11619,2696588,4.0
22668,2714005,4.0
670,2706637,4.0
36382,2731736,4.0
18572,2716050,4.0
91,2695011,4.0
11002,2710416,4.0
17295,2707074,4.0
4793,2692527,4.0
2045,2694710,4.0
7719,2734808,4.0
30511,2710545,4.0
2828,2679124,4.0
4560,2690619,4.0
32590,2703122,4.0
15407,2714004,4.0
21604,2719333,4.0
25194,2707626,4.0
1994,2712524,4.0
5256,2720403,4.0
10342,2698570,4.0
45545,2727331,4.0
47384,2723604,4.0
20053,2714362,4.0
7704,2700041,4.0
62,2731327,4.0
3917,2698171,4.0
7934,2693487,4.0
28725,2731077,4.0
29985,2720201,4.0
45814,2718904,4.0
11431,2726328,4.0
30,2718246,4.0
16450,2728047,4.0
48397,2734164,4.0
696,2716607,4.0
508,2723993,4.0
30,2712376,4.0
11002,2710655,4.0
13093,2704191,4.0
18641,2710676,4.0
28670,2710607,4.0
6622,2706996,4.0
23130,2715171,4.0
1706,2730743,4.0
26792,2720076,4.0
13919,2723161,4.0
5759,2698679,4.0
43825,2716782,4.0
35430,2724338,4.0
12417,2724421,4.0
16104,2718125,4.0
45516,2724592,4.0
21332,2721284,4.0
28129,2714946,4.0
9205,2730521,4.0
12191,2711720,4.0
11667,2699731,4.0
35400,2731068,4.0
498,2707354,4.0
7979,2708618,4.0
258,2688288,4.0
48455,2733874,4.0
1967,2729289,4.0
32680,2710524,4.0
32308,2707796,4.0
1614,2720472,4.0
166,2707397,4.0
24056,2698085,4.0
23130,2715151,4.0
17758,2698161,4.0
834,2711651,4.0
11253,2710055,4.0
9081,2714506,4.0
5119,2696948,4.0
18572,2712006,4.0
23406,2714839,4.0
11387,2703475,4.0
5160,2697838,4.0
696,2735367,4.0
10264,2716329,4.0
696,2717977,4.0
12740,2722736,4.0
33719,2710919,4.0
1660,2708879,4.0
9157,2687203,4.0
17846,2716335,4.0
16450,2728053,4.0
186,2696414,4.0
10342,2707243,4.0
34051,2723377,4.0
30,2721595,4.0
49628,2737218,4.0
933,2717554,4.0
1418,2710711,4.0
38973,2710434,4.0
19224,2706372,4.0
14081,2708939,4.0
9089,2701079,4.0
7479,2730833,4.0
21491,2708005,4.0
11002,2700667,4.0
9317,2726224,4.0
11127,2721031,4.0
1430,2720156,4.0
26175,2704903,4.0
37100,2724124,4.0
2988,2708989,4.0
33193,2720638,4.0
37021,2723296,4.0
13644,2695444,4.0
43825,2723375,4.0
14375,2687893,4.0
19074,2728362,4.0
27274,2728528,4.0
43064,2725444,4.0
62,2706553,4.0
7080,2704377,4.0
3635,2734629,4.0
22673,2699864,4.0
16489,2709912,4.0
18257,2709481,4.0
10473,2706301,4.0
2695,2729538,4.0
1418,2724776,4.0
5400,2728800,4.0
5974,2704442,4.0
1994,2725322,4.0
32488,2712342,4.0
11808,2702036,4.0
7923,2702168,4.0
17466,2730961,4.0
7830,2714646,4.0
21113,2722419,4.0
13209,2696006,4.0
22668,2701734,4.0
1295,2699128,4.0
20731,2708444,4.0
23074,2713953,4.0
39503,2728416,4.0
193,2716542,4.0
11943,2710971,4.0
6840,2711398,4.0
35042,2719114,4.0
33705,2713005,4.0
36685,2724583,4.0
18067,2714904,4.0
834,2709319,4.0
21,2699906,4.0
23091,2706979,4.0
19702,2707070,4.0
12197,2705550,4.0
45811,2728587,4.0
498,2703109,4.0
13394,2723753,4.0
31328,2716031,4.0
18900,2708287,4.0
6373,2720180,4.0
21729,2710167,4.0
1418,2720517,4.0
17411,2710610,4.0
13853,2714286,4.0
43152,2712930,4.0
8534,2725278,4.0
6054,2706437,4.0
32488,2715757,4.0
43439,2714182,4.0
498,2703759,4.0
834,2711332,4.0
3768,2728146,4.0
2991,2689142,4.0
22668,2703994,4.0
26270,2706871,4.0
7316,2704532,4.0
23042,2722386,4.0
2902,2705933,4.0
24628,2710534,4.0
14126,2734777,4.0
745,2704310,4.0
11127,2714962,4.0
6789,2723252,4.0
3624,2681689,4.0
3148,2705131,4.0
2778,2721749,4.0
12447,2715280,4.0
10673,2706900,4.0
23130,2716517,4.0
3791,2712914,4.0
34841,2719752,4.0
40050,2725798,4.0
27490,2712063,4.0
7177,2720171,4.0
5083,2711562,4.0
11808,2695918,4.0
33718,2722967,4.0
11027,2710498,4.0
7923,2698264,4.0
5409,2718119,4.0
22670,2728405,4.0
26175,2704956,4.0
834,2719986,4.0
14481,2727534,4.0
1527,2705427,4.0
45864,2730968,4.0
39420,2717089,4.0
22757,2708380,4.0
20013,2715632,4.0
15568,2712331,4.0
5637,2715846,4.0
32488,2707255,4.0
34051,2725320,4.0
1660,2725323,4.0
25,2719233,4.0
25366,2715497,4.0
7830,2721646,4.0
14948,2704913,4.0
5650,2712691,4.0
1660,2718730,4.0
17848,2716660,4.0
33049,2704853,4.0
11051,2705525,4.0
25052,2716764,4.0
6330,2705194,4.0
19279,2696341,4.0
11866,2705157,4.0
3950,2694636,4.0
6330,2708931,4.0
7912,2694655,4.0
23401,2714810,4.0
7645,2688801,4.0
1418,2719680,4.0
18966,2729781,4.0
7807,2719070,4.0
10995,2722737,4.0
19699,2715773,4.0
696,2713423,4.0
29781,2720010,4.0
40050,2716104,4.0
11889,2734771,4.0
18887,2703199,4.0
8074,2696041,4.0
22463,2713473,4.0
9506,2727829,4.0
22670,2703589,4.0
4315,2699604,4.0
15757,2708514,4.0
16450,2727794,4.0
39503,2715136,4.0
285,2696122,4.0
21382,2720763,4.0
46326,2733142,4.0
20465,2724722,4.0
10784,2715636,4.0
25366,2717315,4.0
7211,2709668,4.0
13189,2718185,4.0
8731,2722099,4.0
5241,2721473,4.0
17428,2704838,4.0
23,2712235,4.0
29985,2716349,4.0
7890,2702437,4.0
24930,2709499,4.0
6012,2720436,4.0
44329,2722942,4.0
46546,2732430,4.0
1155,2690812,4.0
17869,2699746,4.0
1660,2715306,4.0
8637,2728856,4.0
1418,2708516,4.0
14390,2709720,4.0
1158,2707664,4.0
30,2715132,4.0
1295,2708524,4.0
33705,2713803,4.0
13957,2713377,4.0
5650,2711940,4.0
508,2704901,4.0
15839,2724660,4.0
834,2733159,4.0
5124,2690616,4.0
7830,2707947,4.0
16766,2714559,4.0
7934,2697338,4.0
10848,2706514,4.0
5759,2702873,4.0
16417,2710622,4.0
1861,2698330,4.0
9506,2731001,4.0
7830,2721632,4.0
19409,2708427,4.0
35991,2721944,4.0
38400,2726904,4.0
10107,2718988,4.0
28556,2719965,4.0
20947,2719946,4.0
37406,2707330,4.0
11002,2726686,4.0
6545,2732778,4.0
16009,2712550,4.0
43509,2721930,4.0
34574,2715307,4.0
62,2715018,4.0
3874,2704603,4.0
5650,2697409,4.0
14126,2704311,4.0
7814,2715650,4.0
915,2724126,4.0
11002,2705644,4.0
4009,2697343,4.0
696,2694868,4.0
6614,2707508,4.0
1158,2729312,4.0
11002,2721683,4.0
10118,2693181,4.0
40477,2726200,4.0
8074,2713333,4.0
9714,2712346,4.0
1295,2725856,4.0
22601,2714914,4.0
1295,2715680,4.0
2955,2710701,4.0
23738,2715631,4.0
7241,2716477,4.0
10024,2704815,4.0
9232,2708959,4.0
11002,2710441,4.0
22668,2705118,4.0
26932,2713285,4.0
39503,2708853,4.0
17247,2730991,4.0
6912,2696811,4.0
9242,2695056,4.0
11127,2720015,4.0
17143,2713742,4.0
46820,2732878,4.0
9089,2713619,4.0
29654,2720113,4.0
25773,2704357,4.0
2623,2694242,4.0
1295,2729652,4.0
17714,2714602,4.0
498,2713425,4.0
2828,2709581,4.0
10673,2704674,4.0
9317,2732014,4.0
47769,2734236,4.0
10921,2705219,4.0
2197,2730772,4.0
12447,2699573,4.0
45409,2723372,4.0
36162,2716762,4.0
38576,2723463,4.0
19164,2725007,4.0
17232,2722855,4.0
2825,2712301,4.0
29127,2699859,4.0
31519,2703125,4.0
16191,2711607,4.0
7897,2699872,4.0
5650,2695848,4.0
18836,2689042,4.0
25745,2718998,4.0
31085,2717485,4.0
11002,2707112,4.0
508,2706554,4.0
38923,2716637,4.0
19552,2718526,4.0
6257,2696891,4.0
15052,2712427,4.0
16632,2725556,4.0
33193,2715875,4.0
32956,2718184,4.0
20737,2722854,4.0
37803,2718058,4.0
35795,2706499,4.0
21457,2715430,4.0
8538,2692649,4.0
23130,2707315,4.0
16110,2713636,4.0
10787,2721998,4.0
37700,2719616,4.0
24314,2698211,4.0
22232,2708036,4.0
30982,2720920,4.0
889,2711773,4.0
17588,2723058,4.0
26509,2709662,4.0
26675,2715925,4.0
696,2715272,4.0
5360,2706413,4.0
48249,2732419,4.0
8531,2702040,4.0
3375,2704969,4.0
25194,2708407,4.0
14375,2687926,4.0
11027,2704973,4.0
834,2710563,4.0
11874,2705365,4.0
31111,2727916,4.0
12739,2699861,4.0
16450,2716953,4.0
22212,2727752,4.0
11323,2699868,4.0
8337,2707426,4.0
16357,2709287,4.0
4985,2702810,4.0
16463,2727150,4.0
5572,2705338,4.0
7011,2725697,4.0
2569,2706041,4.0
35504,2720100,4.0
36466,2719043,4.0
6533,2705497,4.0
16632,2715897,4.0
38870,2708548,4.0
20202,2705147,4.0
1295,2707788,4.0
1418,2716055,4.0
8637,2728598,4.0
35430,2723671,4.0
16173,2701033,4.0
45737,2728272,4.0
1295,2714269,4.0
21901,2706534,4.0
21421,2714889,4.0
2991,2721664,4.0
4793,2688437,4.0
3552,2704133,4.0
15813,2691997,4.0
7807,2733515,4.0
12280,2702710,4.0
10197,2699288,4.0
3191,2706495,4.0
7923,2695419,4.0
30,2722013,4.0
33705,2726787,4.0
28916,2708913,4.0
1418,2719468,4.0
10680,2726105,4.0
7209,2715498,4.0
17049,2707028,4.0
1418,2711115,4.0
9205,2730197,4.0
2193,2729336,4.0
1865,2707197,4.0
12289,2703617,4.0
2197,2733409,4.0
5185,2698823,4.0
23,2733231,4.0
9770,2692472,4.0
6260,2701492,4.0
164,2684871,4.0
45814,2712780,4.0
32590,2723110,4.0
9541,2716511,4.0
10376,2724710,4.0
24006,2707968,4.0
19702,2724850,4.0
6394,2696296,4.0
8487,2715662,4.0
16343,2709152,4.0
5292,2700996,4.0
20509,2721406,4.0
5650,2706557,4.0
2197,2723643,4.0
25552,2716334,4.0
11127,2726801,4.0
22668,2708585,4.0
11777,2700738,4.0
45864,2730090,4.0
8572,2723499,4.0
7897,2699880,4.0
9856,2704944,4.0
7897,2711359,4.0
6394,2733120,4.0
28725,2715333,4.0
11002,2709159,4.0
43084,2724035,4.0
7316,2695574,4.0
6019,2709103,4.0
8074,2720442,4.0
36913,2716837,4.0
4468,2696866,4.0
8648,2696927,4.0
17758,2705478,4.0
43825,2716909,4.0
49074,2717878,4.0
9242,2704108,4.0
5660,2691788,4.0
17905,2715736,4.0
7479,2715637,4.0
23327,2714618,4.0
2866,2700075,4.0
1418,2711539,4.0
14931,2715637,4.0
22757,2721603,4.0
4985,2699912,4.0
25516,2711601,4.0
8469,2725095,4.0
16009,2707717,4.0
21,2692887,4.0
8534,2713494,4.0
9265,2718436,4.0
8911,2704613,4.0
7011,2721320,4.0
18880,2715836,4.0
7897,2727429,4.0
498,2701400,4.0
38780,2713133,4.0
41530,2725046,4.0
7290,2710588,4.0
49192,2735873,4.0
17816,2729953,4.0
14378,2713079,4.0
21,2707670,4.0
2197,2724322,4.0
17739,2708534,4.0
31111,2709293,4.0
6373,2716416,4.0
32567,2709242,4.0
12208,2713738,4.0
22956,2698831,4.0
6782,2717747,4.0
2955,2704584,4.0
31111,2709101,4.0
17049,2706491,4.0
5256,2705372,4.0
11489,2710409,4.0
32117,2711469,4.0
20202,2699112,4.0
26888,2719498,4.0
36299,2712180,4.0
21,2698237,4.0
48434,2719527,4.0
9767,2711905,4.0
15086,2702220,4.0
3917,2706665,4.0
24882,2731767,4.0
5050,2685878,4.0
10872,2719920,4.0
29488,2717093,4.0
9205,2713303,4.0
48851,2727256,4.0
3917,2708238,4.0
30453,2704024,4.0
18966,2730225,4.0
3917,2701754,4.0
10995,2707308,4.0
1418,2724939,4.0
46988,2720346,4.0
8217,2721448,4.0
25552,2716332,4.0
5759,2693788,4.0
8534,2709667,4.0
62,2714029,4.0
6471,2717208,4.0
9714,2720087,4.0
7568,2715292,4.0
5400,2702021,4.0
27521,2718374,4.0
10333,2718355,4.0
28793,2703261,4.0
7811,2705184,4.0
21,2707669,4.0
5125,2687632,4.0
19552,2717376,4.0
6225,2697480,4.0
19907,2707241,4.0
28097,2713257,4.0
4540,2709906,4.0
10995,2704846,4.0
26417,2719097,4.0
21,2707087,4.0
1217,2682539,4.0
16104,2722734,4.0
47769,2734834,4.0
43519,2718308,4.0
6447,2698630,4.0
3917,2711268,4.0
21,2717763,4.0
4315,2728188,4.0
25,2719203,4.0
9876,2713804,4.0
8302,2722912,4.0
8075,2706371,4.0
41791,2714829,4.0
39733,2717430,4.0
2840,2727083,4.0
37081,2709485,4.0
18833,2698769,4.0
7851,2704356,4.0
834,2708284,4.0
22668,2703341,4.0
15675,2713120,4.0
5160,2712572,4.0
45811,2729625,4.0
9255,2706607,4.0
20640,2714496,4.0
36913,2726219,4.0
17049,2719377,4.0
17816,2708299,4.0
48585,2722256,4.0
6260,2728014,4.0
48851,2722714,4.0
6782,2689516,4.0
13137,2700748,4.0
193,2724472,4.0
17178,2726639,4.0
6447,2703104,4.0
3904,2706489,4.0
27419,2706726,4.0
7897,2729234,4.0
3107,2721603,4.0
1614,2694112,4.0
3440,2702049,4.0
29444,2714207,4.0
35764,2714583,4.0
2069,2700082,4.0
29032,2719545,4.0
36478,2724704,4.0
24295,2718399,4.0
8370,2704154,4.0
38392,2714138,4.0
2368,2704434,4.0
12197,2693482,4.0
36299,2713004,4.0
8002,2700210,4.0
35400,2723964,4.0
17547,2729191,4.0
22668,2708882,4.0
2368,2699690,4.0
23401,2717316,4.0
16424,2728828,4.0
48656,2728600,4.0
40050,2707326,4.0
32117,2712584,4.0
13817,2718087,4.0
3446,2705259,4.0
40613,2722098,4.0
696,2713494,4.0
27274,2708539,4.0
31690,2717458,4.0
27356,2719488,4.0
10536,2707438,4.0
1430,2716814,4.0
19256,2705564,4.0
17905,2715141,4.0
38199,2711940,4.0
26509,2723643,4.0
5075,2693468,4.0
13817,2734793,4.0
25745,2697847,4.0
10098,2706381,4.0
14840,2718042,4.0
7897,2707074,4.0
25052,2705556,4.0
12447,2696840,4.0
3203,2705215,4.0
39953,2718094,4.0
7830,2718612,4.0
8313,2713535,4.0
13919,2734480,4.0
43825,2725120,4.0
1418,2706333,4.0
25,2698207,4.0
19935,2715266,4.0
18966,2716800,4.0
12850,2707795,4.0
62,2716398,4.0
166,2707406,4.0
43825,2724554,4.0
2623,2694242,4.0
31539,2718377,4.0
10995,2717364,4.0
14479,2702601,4.0
35213,2723359,4.0
26340,2706718,4.0
38671,2733866,4.0
7349,2695012,4.0
43548,2724696,4.0
41633,2723962,4.0
4769,2725099,4.0
2193,2710980,4.0
29556,2712338,4.0
7830,2722667,4.0
2778,2714134,4.0
7241,2704701,4.0
7660,2730081,4.0
28033,2708656,4.0
46075,2722768,4.0
25590,2705714,4.0
2197,2717328,4.0
22898,2714193,4.0
5571,2725000,4.0
9317,2724183,4.0
26741,2709318,4.0
834,2721517,4.0
834,2721561,4.0
13037,2723749,4.0
16104,2718379,4.0
26803,2698665,4.0
26509,2704908,4.0
9215,2703414,4.0
17245,2710280,4.0
11002,2697883,4.0
6307,2681679,4.0
3917,2725620,4.0
41693,2728570,4.0
9265,2705458,4.0
8447,2707995,4.0
14375,2687900,4.0
30403,2717641,4.0
3173,2696304,4.0
22664,2722863,4.0
22601,2705369,4.0
11955,2710957,4.0
39733,2726474,4.0
16573,2707390,4.0
14463,2700222,4.0
36466,2713525,4.0
33705,2719124,4.0
6260,2715152,4.0
7026,2680801,4.0
36685,2724032,4.0
18966,2719740,4.0
23224,2700827,4.0
34051,2712151,4.0
39503,2715394,4.0
25,2716869,4.0
5759,2691436,4.0
12498,2701088,4.0
13643,2704147,4.0
1255,2725161,4.0
29032,2719852,4.0
889,2725070,4.0
12197,2696289,4.0
39445,2724600,4.0
17272,2707115,4.0
26509,2724676,4.0
7241,2718806,4.0
1706,2713865,4.0
8716,2710356,4.0
17411,2709330,4.0
2489,2708534,4.0
62,2707091,4.0
46307,2730873,4.0
24006,2713610,4.0
6373,2702557,4.0
14024,2727365,4.0
12746,2697278,4.0
9157,2707080,4.0
18419,2711844,4.0
26509,2718607,4.0
244,2717023,4.0
46988,2720137,4.0
14430,2728730,4.0
18419,2707721,4.0
31152,2719322,4.0
834,2707840,4.0
9495,2725085,4.0
22668,2701838,4.0
48133,2733916,4.0
2828,2704544,4.0
43353,2714912,4.0
7479,2705428,4.0
9495,2692433,4.0
29268,2717255,4.0
47473,2732462,4.0
17787,2711906,4.0
884,2711760,4.0
19632,2726982,4.0
31331,2706553,4.0
39733,2713514,4.0
10664,2715464,4.0
62,2711249,4.0
18966,2715762,4.0
30,2712038,4.0
17848,2716656,4.0
1418,2720016,4.0
3659,2716042,4.0
33718,2722922,4.0
5292,2703780,4.0
30,2703544,4.0
14390,2722005,4.0
11174,2719906,4.0
20797,2720785,4.0
744,2705414,4.0
29584,2720985,4.0
25552,2717332,4.0
2375,2711335,4.0
6533,2711656,4.0
10021,2693483,4.0
22668,2713243,4.0
18398,2701262,4.0
406,2713347,4.0
6420,2695869,4.0
2778,2709701,4.0
696,2695869,4.0
18003,2712122,4.0
22757,2735781,4.0
11002,2695328,4.0
8447,2705807,4.0
34260,2723417,4.0
2585,2713587,4.0
12324,2708627,4.0
19749,2700250,4.0
5209,2703540,4.0
744,2706030,4.0
193,2700767,4.0
18857,2700981,4.0
21491,2710343,4.0
16450,2728032,4.0
7316,2702665,4.0
18677,2715884,4.0
3411,2695055,4.0
193,2700783,4.0
23135,2707123,4.0
16489,2693819,4.0
17251,2726756,4.0
11002,2707713,4.0
17104,2713250,4.0
12498,2706274,4.0
15052,2713975,4.0
20293,2696363,4.0
9685,2699472,4.0
35796,2721968,4.0
1258,2697447,4.0
28988,2720659,4.0
43825,2728595,4.0
834,2710015,4.0
5241,2726038,4.0
12497,2692448,4.0
46486,2729370,4.0
125,2705922,4.0
62,2714584,4.0
13919,2732473,4.0
48856,2723100,4.0
9205,2726903,4.0
2940,2703441,4.0
13346,2705403,4.0
14183,2711086,4.0
6260,2720813,4.0
4312,2707761,4.0
6012,2711896,4.0
27578,2708408,4.0
834,2734872,4.0
17232,2722895,4.0
2991,2730562,4.0
4233,2692440,4.0
25411,2712105,4.0
889,2726845,4.0
48249,2732883,4.0
1652,2715469,4.0
13813,2704675,4.0
6689,2714496,4.0
5650,2712268,4.0
6117,2704609,4.0
26417,2710581,4.0
17143,2729289,4.0
7080,2702913,4.0
25194,2715634,4.0
30165,2720723,4.0
1150,2687893,4.0
7479,2720254,4.0
35479,2723784,4.0
20053,2699492,4.0
5759,2693374,4.0
37081,2723284,4.0
1255,2703835,4.0
1508,2726277,4.0
12324,2731765,4.0
19699,2717447,4.0
15839,2719991,4.0
18772,2727761,4.0
36466,2714867,4.0
13854,2712398,4.0
4540,2704403,4.0
17816,2708283,4.0
23224,2711898,4.0
1706,2705116,4.0
15590,2713654,4.0
10664,2698121,4.0
48826,2732485,4.0
21275,2727619,4.0
12579,2704931,4.0
9059,2691842,4.0
12850,2723415,4.0
9768,2701310,4.0
45814,2724877,4.0
19362,2706782,4.0
43152,2724622,4.0
6447,2714881,4.0
29756,2719982,4.0
1614,2720374,4.0
3455,2704651,4.0
12740,2711909,4.0
15839,2720000,4.0
26416,2719685,4.0
8107,2718720,4.0
22232,2730573,4.0
18966,2716877,4.0
19855,2725803,4.0
37663,2725673,4.0
18966,2708333,4.0
11100,2699037,4.0
4971,2706075,4.0
11808,2708942,4.0
5083,2725084,4.0
2197,2717301,4.0
49374,2734389,4.0
4769,2690809,4.0
15397,2721955,4.0
32895,2717958,4.0
33193,2721495,4.0
22269,2715898,4.0
39503,2719571,4.0
41693,2727842,4.0
10995,2700925,4.0
21128,2704957,4.0
6394,2715732,4.0
5209,2713756,4.0
23401,2717339,4.0
14093,2705073,4.0
39093,2723516,4.0
41296,2714915,4.0
18422,2709851,4.0
11777,2705891,4.0
8074,2707848,4.0
48851,2732482,4.0
2197,2717485,4.0
62,2716976,4.0
7378,2702233,4.0
19632,2727008,4.0
18042,2701119,4.0
25552,2717315,4.0
7406,2717219,4.0
15877,2704829,4.0
22897,2720539,4.0
33488,2731279,4.0
6619,2699926,4.0
3173,2722649,4.0
7405,2704709,4.0
21421,2714906,4.0
40050,2724704,4.0
4233,2690983,4.0
2593,2715093,4.0
33646,2720442,4.0
22757,2708541,4.0
20758,2716517,4.0
25516,2718287,4.0
38870,2707799,4.0
7807,2704983,4.0
13518,2724198,4.0
7830,2714718,4.0
10865,2716935,4.0
17557,2728666,4.0
19699,2706595,4.0
7934,2707100,4.0
15568,2712297,4.0
37467,2718955,4.0
10118,2706694,4.0
3917,2713233,4.0
19002,2699861,4.0
46015,2728258,4.0
1660,2723475,4.0
37700,2718058,4.0
19702,2720933,4.0
183,2710217,4.0
12850,2715494,4.0
23,2705565,4.0
10341,2720981,4.0
29430,2717501,4.0
9685,2700707,4.0
309,2733384,4.0
29347,2709975,4.0
7568,2706691,4.0
27356,2714903,4.0
12470,2698677,4.0
26088,2715968,4.0
29654,2708647,4.0
18407,2709820,4.0
19164,2732288,4.0
46242,2714828,4.0
12447,2709668,4.0
6373,2714899,4.0
8534,2711916,4.0
5345,2696610,4.0
17846,2716333,4.0
1158,2707895,4.0
6788,2706091,4.0
7830,2720656,4.0
41791,2715812,4.0
7807,2732427,4.0
38482,2696568,4.0
48716,2730393,4.0
24468,2715430,4.0
696,2714644,4.0
12417,2714803,4.0
8406,2707578,4.0
745,2706529,4.0
26696,2706526,4.0
27756,2732674,4.0
17832,2695960,4.0
32680,2715734,4.0
4961,2694888,4.0
20924,2708094,4.0
23130,2707018,4.0
7807,2725950,4.0
24295,2715164,4.0
41693,2729504,4.0
13043,2711724,4.0
10842,2717469,4.0
7643,2698095,4.0
33705,2725113,4.0
10784,2710569,4.0
26509,2715547,4.0
23712,2706844,4.0
33597,2713510,4.0
945,2712994,4.0
39855,2704575,4.0
3120,2718132,4.0
17006,2710355,4.0
2878,2690616,4.0
18966,2719735,4.0
11667,2712119,4.0
6260,2716968,4.0
6083,2704651,4.0
3950,2703977,4.0
2489,2729536,4.0
29109,2720569,4.0
945,2716753,4.0
15590,2707743,4.0
18966,2719612,4.0
45409,2715873,4.0
1301,2717481,4.0
36335,2714810,4.0
24314,2703897,4.0
35795,2717726,4.0
16417,2707020,4.0
1879,2710534,4.0
5409,2718111,4.0
62,2701014,4.0
9623,2679156,4.0
779,2691231,4.0
33705,2719124,4.0
5303,2691913,4.0
49254,2733542,4.0
11330,2722042,4.0
40050,2726218,4.0
6471,2717923,4.0
11431,2711113,4.0
14430,2694036,4.0
11002,2719135,4.0
23483,2730310,4.0
7830,2716335,4.0
21535,2700224,4.0
32202,2714278,4.0
17232,2711580,4.0
20202,2712923,4.0
8074,2722457,4.0
6307,2687826,4.0
3003,2722994,4.0
9218,2714259,4.0
34217,2732453,4.0
22668,2714662,4.0
32758,2721423,4.0
3917,2711259,4.0
37750,2711450,4.0
5759,2694478,4.0
16104,2722344,4.0
14954,2716737,4.0
2193,2701439,4.0
14390,2712354,4.0
4462,2733097,4.0
6260,2733890,4.0
7897,2714920,4.0
8572,2723534,4.0
17287,2711908,4.0
1158,2699740,4.0
3785,2707308,4.0
2197,2709278,4.0
36254,2711628,4.0
696,2716604,4.0
2202,2706627,4.0
12324,2707127,4.0
8534,2709534,4.0
23785,2709911,4.0
12740,2717433,4.0
36913,2713059,4.0
1418,2710510,4.0
21,2707681,4.0
24837,2718336,4.0
15568,2732424,4.0
1295,2713033,4.0
1968,2698830,4.0
36685,2723166,4.0
508,2700917,4.0
30,2728795,4.0
5759,2707361,4.0
22668,2712957,4.0
19699,2713065,4.0
3102,2702114,4.0
18966,2712355,4.0
5645,2688206,4.0
13919,2723602,4.0
13977,2708407,4.0
17550,2700359,4.0
62,2714087,4.0
32590,2706223,4.0
11127,2718596,4.0
12460,2698696,4.0
23066,2709515,4.0
27184,2717420,4.0
11127,2720074,4.0
17567,2715173,4.0
30,2712361,4.0
30260,2713563,4.0
32855,2717727,4.0
16450,2727775,4.0
12484,2710537,4.0
2069,2713335,4.0
12514,2716277,4.0
11002,2706707,4.0
16567,2701169,4.0
22269,2723120,4.0
20202,2715653,4.0
4985,2697240,4.0
834,2714206,4.0
1418,2709676,4.0
10430,2703251,4.0
28846,2704709,4.0
19769,2708405,4.0
31111,2709101,4.0
46883,2733214,4.0
18839,2715161,4.0
6447,2698735,4.0
45409,2725709,4.0
6579,2704182,4.0
10264,2715450,4.0
156,2719948,4.0
8086,2693868,4.0
7347,2690960,4.0
20692,2731988,4.0
11062,2705424,4.0
34940,2712344,4.0
3003,2723408,4.0
1197,2695791,4.0
4847,2690647,4.0
25388,2717500,4.0
15599,2707074,4.0
33297,2717469,4.0
25439,2707792,4.0
1158,2719286,4.0
9070,2706289,4.0
17245,2725008,4.0
31264,2718632,4.0
35991,2718580,4.0
6012,2707450,4.0
38671,2719674,4.0
498,2704231,4.0
40050,2715793,4.0
16243,2718028,4.0
21275,2704372,4.0
16260,2727869,4.0
23042,2715132,4.0
39122,2711693,4.0
18572,2708369,4.0
8074,2705869,4.0
7830,2720751,4.0
21568,2711895,4.0
25,2720143,4.0
46252,2733039,4.0
508,2708931,4.0
40325,2718781,4.0
2197,2726662,4.0
7589,2696255,4.0
13854,2707247,4.0
47908,2724824,4.0
38966,2719681,4.0
45409,2726859,4.0
2193,2725099,4.0
23401,2712874,4.0
6584,2703654,4.0
6373,2729804,4.0
39503,2722620,4.0
10680,2727030,4.0
18966,2720164,4.0
1418,2713488,4.0
8529,2715210,4.0
43353,2725107,4.0
23176,2708930,4.0
7241,2718766,4.0
11127,2717501,4.0
7830,2720201,4.0
3375,2698735,4.0
437,2710591,4.0
2955,2727755,4.0
1295,2717753,4.0
19749,2713046,4.0
29727,2718588,4.0
46486,2727839,4.0
35211,2719932,4.0
28637,2714985,4.0
25515,2717776,4.0
16104,2724550,4.0
4769,2718967,4.0
14609,2707618,4.0
2197,2731693,4.0
16169,2707044,4.0
11118,2694696,4.0
45339,2724059,4.0
2202,2706630,4.0
7934,2705906,4.0
14609,2700295,4.0
2368,2690581,4.0
5209,2686873,4.0
21,2699793,4.0
42579,2722054,4.0
6373,2730200,4.0
13643,2700318,4.0
31111,2708684,4.0
6260,2715134,4.0
24478,2712138,4.0
17848,2716697,4.0
24436,2707313,4.0
7643,2698162,4.0
1137,2716810,4.0
41188,2720841,4.0
47369,2725499,4.0
16463,2706794,4.0
27356,2713115,4.0
21453,2714581,4.0
7241,2706472,4.0
2446,2706832,4.0
16191,2723029,4.0
30662,2721755,4.0
42324,2721978,4.0
1158,2708892,4.0
18084,2692928,4.0
47999,2734684,4.0
39503,2726699,4.0
41480,2729534,4.0
20521,2715510,4.0
6536,2690872,4.0
36471,2718751,4.0
6563,2704179,4.0
21,2706607,4.0
46242,2714914,4.0
11002,2711155,4.0
29849,2706307,4.0
3263,2704459,4.0
25518,2710554,4.0
7310,2703582,4.0
4698,2694555,4.0
32488,2721653,4.0
8074,2700708,4.0
2193,2712605,4.0
193,2724559,4.0
5426,2729785,4.0
16381,2700756,4.0
5759,2697051,4.0
6958,2720600,4.0
10787,2709353,4.0
9100,2693697,4.0
2585,2713584,4.0
3917,2703101,4.0
21680,2711395,4.0
7830,2727178,4.0
26713,2718452,4.0
36466,2725006,4.0
2991,2704505,4.0
9714,2721968,4.0
27677,2709788,4.0
696,2711451,4.0
16244,2727174,4.0
696,2717553,4.0
43353,2720127,4.0
834,2708919,4.0
1158,2711767,4.0
5241,2722942,4.0
166,2686171,4.0
18167,2708277,4.0
43439,2726104,4.0
7568,2705853,4.0
9714,2698767,4.0
30,2700110,4.0
62,2711000,4.0
27419,2715628,4.0
7851,2725037,4.0
26803,2708539,4.0
1295,2713798,4.0
27785,2701077,4.0
1418,2724719,4.0
186,2691654,4.0
23464,2731803,4.0
2354,2707417,4.0
33787,2708676,4.0
17232,2717877,4.0
22348,2704846,4.0
10995,2697312,4.0
2126,2695355,4.0
2120,2695861,4.0
696,2714194,4.0
696,2713953,4.0
43353,2718624,4.0
16346,2709659,4.0
30,2719595,4.0
14428,2712280,4.0
12863,2714873,4.0
3003,2714143,4.0
20994,2691199,4.0
19409,2709667,4.0
1295,2725557,4.0
8911,2691369,4.0
25194,2707853,4.0
1399,2708655,4.0
2197,2730313,4.0
12191,2702888,4.0
10995,2718581,4.0
11113,2710686,4.0
3375,2707854,4.0
11808,2707725,4.0
30165,2714816,4.0
17120,2702092,4.0
508,2712651,4.0
3874,2706117,4.0
12053,2715863,4.0
17588,2727225,4.0
25069,2717312,4.0
3287,2711848,4.0
18396,2702035,4.0
16412,2732102,4.0
1418,2724743,4.0
25237,2733581,4.0
4430,2716733,4.0
24930,2726104,4.0
935,2699805,4.0
1893,2705018,4.0
17842,2697993,4.0
889,2709336,4.0
19005,2699911,4.0
18966,2716220,4.0
10270,2723607,4.0
25473,2716939,4.0
2819,2721222,4.0
33705,2724064,4.0
23437,2719087,4.0
47992,2722765,4.0
30786,2709350,4.0
11795,2711970,4.0
26950,2718160,4.0
3785,2715404,4.0
5650,2719195,4.0
4624,2699879,4.0
1706,2712438,4.0
19552,2712315,4.0
19749,2712478,4.0
30,2728075,4.0
35942,2708909,4.0
13644,2707264,4.0
17863,2722421,4.0
9265,2707667,4.0
2197,2704667,4.0
834,2718752,4.0
30,2728192,4.0
9317,2723855,4.0
3003,2723433,4.0
831,2717873,4.0
26509,2710621,4.0
9205,2729995,4.0
18704,2713645,4.0
1197,2724044,4.0
8529,2716055,4.0
16374,2729266,4.0
23401,2715863,4.0
19107,2729279,4.0
39460,2725080,4.0
2495,2704573,4.0
24882,2723455,4.0
12470,2711260,4.0
7430,2728644,4.0
30453,2720621,4.0
31328,2718894,4.0
40878,2723709,4.0
9081,2705244,4.0
35991,2723555,4.0
21936,2708547,4.0
6394,2714093,4.0
1418,2719314,4.0
7241,2717593,4.0
23130,2707411,4.0
41065,2726904,4.0
35198,2709904,4.0
17739,2714592,4.0
9089,2711359,4.0
25194,2706485,4.0
696,2709498,4.0
18134,2714969,4.0
18859,2726890,4.0
7316,2704611,4.0
26888,2721480,4.0
18829,2707439,4.0
21,2692589,4.0
4985,2722946,4.0
915,2706603,4.0
12447,2703861,4.0
21518,2715474,4.0
41693,2728366,4.0
3917,2703337,4.0
5043,2694187,4.0
18955,2714941,4.0
1893,2693440,4.0
41791,2726166,4.0
3148,2690848,4.0
24478,2701094,4.0
6958,2715085,4.0
13644,2703921,4.0
37743,2718058,4.0
10784,2696946,4.0
39273,2731017,4.0
15675,2708776,4.0
10264,2699644,4.0
12740,2707621,4.0
18677,2718374,4.0
28916,2717407,4.0
834,2709325,4.0
21275,2701806,4.0
193,2688091,4.0
43307,2710217,4.0
37663,2719880,4.0
21332,2727284,4.0
4964,2720029,4.0
19699,2715451,4.0
14126,2734871,4.0
5526,2715102,4.0
25,2734475,4.0
696,2705839,4.0
11414,2709295,4.0
1418,2718800,4.0
7665,2704807,4.0
24930,2692563,4.0
5125,2690732,4.0
8519,2705512,4.0
13330,2706666,4.0
20551,2704433,4.0
696,2710222,4.0
39693,2695996,4.0
3127,2719601,4.0
2341,2687070,4.0
3212,2696289,4.0
14292,2706691,4.0
2202,2694493,4.0
11051,2726195,4.0
46627,2730861,4.0
696,2721618,4.0
30,2709347,4.0
36685,2724553,4.0
1879,2728183,4.0
39838,2729595,4.0
7011,2725701,4.0
11127,2714965,4.0
11002,2712735,4.0
37663,2722694,4.0
35479,2722574,4.0
62,2717267,4.0
18966,2717063,4.0
4985,2706053,4.0
19458,2707396,4.0
7209,2726176,4.0
18880,2712073,4.0
31690,2723484,4.0
22235,2715269,4.0
6773,2703794,4.0
26801,2709071,4.0
2905,2709017,4.0
1295,2723973,4.0
21705,2718596,4.0
23197,2712836,4.0
8534,2698036,4.0
7830,2720195,4.0
45461,2725621,4.0
18829,2701058,4.0
7897,2713587,4.0
3120,2688935,4.0
38671,2729538,4.0
6912,2704938,4.0
18214,2715545,4.0
23206,2711145,4.0
21236,2703013,4.0
11113,2710394,4.0
21720,2697951,4.0
16409,2715451,4.0
2885,2712911,4.0
1561,2695012,4.0
1418,2720468,4.0
2594,2688604,4.0
5759,2698393,4.0
180,2716485,4.0
25377,2715849,4.0
5759,2690627,4.0
1418,2707502,4.0
16104,2718191,4.0
37595,2717134,4.0
19927,2712893,4.0
10264,2711851,4.0
4501,2694577,4.0
22897,2727803,4.0
14840,2718296,4.0
30901,2719728,4.0
32117,2710763,4.0
24837,2715680,4.0
22967,2725833,4.0
6373,2716415,4.0
46481,2731291,4.0
23169,2719176,4.0
11479,2714912,4.0
1418,2724682,4.0
12324,2707902,4.0
8074,2707255,4.0
7316,2696280,4.0
4963,2720063,4.0
14154,2710971,4.0
23224,2706856,4.0
7897,2727233,4.0
7897,2707080,4.0
2120,2655913,4.0
32842,2713425,4.0
40050,2719433,4.0
40050,2712359,4.0
33736,2713166,4.0
8487,2691747,4.0
10664,2698117,4.0
39015,2720831,4.0
6728,2711357,4.0
10797,2710305,4.0
25052,2706050,4.0
33258,2709615,4.0
41633,2727125,4.0
7851,2712886,4.0
5650,2695946,4.0
45409,2714719,4.0
8106,2729124,4.0
1660,2716538,4.0
14428,2713244,4.0
30,2729042,4.0
28828,2718387,4.0
35795,2708158,4.0
41782,2724605,4.0
21332,2729078,4.0
49190,2728237,4.0
40754,2720074,4.0
167,2719438,4.0
30662,2696785,4.0
8302,2723435,4.0
5802,2695095,4.0
17557,2723213,4.0
17120,2723604,4.0
7645,2697806,4.0
6260,2720700,4.0
21,2698599,4.0
30092,2716427,4.0
10995,2718146,4.0
3455,2688289,4.0
7210,2702670,4.0
44853,2725558,4.0
12044,2698630,4.0
16104,2715495,4.0
10784,2710588,4.0
8086,2699901,4.0
19632,2727004,4.0
696,2718140,4.0
12738,2706578,4.0
23767,2720915,4.0
18171,2715860,4.0
18911,2707268,4.0
18688,2717500,4.0
45102,2727712,4.0
34051,2712151,4.0
27484,2709215,4.0
25377,2717190,4.0
27484,2712456,4.0
19494,2722837,4.0
193,2704792,4.0
13067,2699888,4.0
31690,2715512,4.0
22232,2720074,4.0
30982,2720185,4.0
12191,2709623,4.0
43868,2729486,4.0
1893,2697383,4.0
7719,2712950,4.0
18966,2730323,4.0
3440,2706089,4.0
6313,2698083,4.0
1295,2714914,4.0
7897,2726173,4.0
8288,2722127,4.0
9197,2732371,4.0
7830,2720910,4.0
28763,2717387,4.0
6373,2702899,4.0
21352,2721399,4.0
27884,2704392,4.0
13209,2701765,4.0
8534,2725277,4.0
10473,2703467,4.0
15437,2726257,4.0
6840,2724048,4.0
49190,2735030,4.0
18376,2711825,4.0
22668,2714883,4.0
802,2709920,4.0
6958,2706376,4.0
2354,2690027,4.0
8074,2705047,4.0
12006,2693868,4.0
28129,2715124,4.0
46801,2731307,4.0
2882,2724966,4.0
12447,2702117,4.0
21,2707667,4.0
1418,2703944,4.0
7513,2719234,4.0
9943,2689456,4.0
43353,2728652,4.0
8370,2708290,4.0
4963,2698731,4.0
29109,2718452,4.0
22235,2698747,4.0
945,2724671,4.0
16343,2724218,4.0
3111,2727944,4.0
36299,2712778,4.0
30,2721498,4.0
889,2700222,4.0
7830,2720740,4.0
834,2725557,4.0
35042,2721651,4.0
744,2706187,4.0
21608,2722812,4.0
5292,2690776,4.0
4595,2681688,4.0
19279,2696461,4.0
3424,2686699,4.0
14390,2720517,4.0
10270,2698067,4.0
5119,2723993,4.0
3187,2686882,4.0
10784,2705077,4.0
10333,2719181,4.0
27661,2717312,4.0
41693,2726995,4.0
1158,2723359,4.0
19458,2710185,4.0
696,2712855,4.0
2760,2698660,4.0
2991,2708147,4.0
18776,2715809,4.0
7830,2720749,4.0
16104,2709609,4.0
21943,2713690,4.0
14430,2724738,4.0
744,2706510,4.0
834,2718863,4.0
1418,2725898,4.0
36685,2711017,4.0
180,2686811,4.0
11741,2688438,4.0
4462,2718150,4.0
1728,2720110,4.0
3191,2706506,4.0
22668,2714645,4.0
5209,2714435,4.0
1809,2696064,4.0
11118,2704632,4.0
5241,2702591,4.0
25194,2709694,4.0
33159,2711255,4.0
5660,2698707,4.0
6054,2703965,4.0
35479,2707629,4.0
30662,2704826,4.0
44911,2722331,4.0
27226,2708231,4.0
32890,2720801,4.0
4769,2724541,4.0
1383,2727363,4.0
27226,2715222,4.0
48428,2725798,4.0
1295,2705022,4.0
17479,2697968,4.0
4624,2718432,4.0
39953,2723880,4.0
48374,2718547,4.0
2489,2728636,4.0
8705,2706663,4.0
45864,2730917,4.0
40050,2716758,4.0
17111,2713855,4.0
18262,2706171,4.0
13394,2728245,4.0
16009,2691197,4.0
5497,2712685,4.0
22967,2706321,4.0
5759,2702859,4.0
45409,2715882,4.0
3635,2732220,4.0
9089,2728223,4.0
1418,2707512,4.0
31665,2711374,4.0
18572,2716411,4.0
10658,2700667,4.0
7807,2723880,4.0
6545,2723475,4.0
16104,2705530,4.0
5497,2710401,4.0
24898,2717378,4.0
20465,2692149,4.0
24882,2717965,4.0
19177,2722955,4.0
7807,2707100,4.0
406,2725483,4.0
30,2710262,4.0
2193,2701439,4.0
33488,2726250,4.0
290,2684444,4.0
30,2709113,4.0
18289,2724114,4.0
20521,2697978,4.0
23224,2704068,4.0
3874,2696877,4.0
11118,2697509,4.0
26792,2715158,4.0
21,2710645,4.0
1295,2705576,4.0
44530,2709960,4.0
21517,2697948,4.0
3917,2715238,4.0
7897,2705507,4.0
2991,2731767,4.0
27354,2719456,4.0
31152,2721040,4.0
45814,2726297,4.0
696,2717978,4.0
1418,2703422,4.0
37845,2718241,4.0
38966,2726367,4.0
11027,2706181,4.0
17113,2722440,4.0
6012,2714388,4.0
1158,2707655,4.0
35925,2724314,4.0
18396,2721935,4.0
4560,2711732,4.0
8519,2706168,4.0
7830,2711730,4.0
26554,2715185,4.0
9856,2708406,4.0
30,2705073,4.0
43407,2720015,4.0
21,2721308,4.0
834,2735464,4.0
7331,2735614,4.0
9089,2706707,4.0
40050,2722653,4.0
35942,2709922,4.0
2778,2714089,4.0
8030,2705023,4.0
23130,2715155,4.0
17499,2708771,4.0
11584,2720965,4.0
2197,2732964,4.0
2257,2716458,4.0
25286,2730622,4.0
3148,2704890,4.0
40050,2725051,4.0
10664,2698768,4.0
6313,2685985,4.0
17763,2703983,4.0
16104,2728603,4.0
11330,2721856,4.0
21956,2723538,4.0
6093,2707308,4.0
19494,2714601,4.0
26509,2715545,4.0
1660,2722655,4.0
28702,2721949,4.0
21862,2725424,4.0
22668,2701776,4.0
7378,2706123,4.0
37845,2724553,4.0
22933,2714450,4.0
31157,2716426,4.0
19409,2708354,4.0
11002,2710288,4.0
28129,2711699,4.0
10664,2716257,4.0
508,2706386,4.0
1418,2704601,4.0
6789,2713635,4.0
2197,2711158,4.0
18422,2691976,4.0
33488,2726792,4.0
13644,2695928,4.0
10520,2694704,4.0
696,2711908,4.0
5650,2702972,4.0
10995,2699740,4.0
5650,2704414,4.0
2951,2726798,4.0
26801,2730586,4.0
21629,2698224,4.0
6659,2707582,4.0
25590,2706375,4.0
45705,2731492,4.0
62,2704543,4.0
16104,2701661,4.0
19668,2711220,4.0
16104,2713585,4.0
3040,2705165,4.0
33718,2721486,4.0
4052,2704713,4.0
2197,2716524,4.0
43353,2727327,4.0
23689,2704414,4.0
696,2715305,4.0
20033,2712150,4.0
19177,2716852,4.0
1861,2709929,4.0
42265,2719118,4.0
10673,2705029,4.0
16684,2708589,4.0
9495,2698808,4.0
1295,2725558,4.0
14770,2701987,4.0
2375,2712151,4.0
23823,2722725,4.0
696,2712766,4.0
25473,2716525,4.0
18966,2718791,4.0
36299,2721123,4.0
6840,2721949,4.0
11068,2732389,4.0
5650,2720025,4.0
39838,2732214,4.0
53,2715873,4.0
41791,2720954,4.0
6307,2693860,4.0
10541,2707097,4.0
25552,2704033,4.0
23,2712007,4.0
21924,2703195,4.0
39855,2721382,4.0
37081,2709424,4.0
8617,2697933,4.0
47658,2732236,4.0
7814,2699765,4.0
18289,2683785,4.0
9081,2723319,4.0
29560,2704729,4.0
9338,2707021,4.0
19074,2728335,4.0
2197,2709823,4.0
32202,2719889,4.0
10784,2706549,4.0
1295,2734501,4.0
7530,2702002,4.0
45811,2723416,4.0
32855,2723816,4.0
889,2711724,4.0
8074,2703383,4.0
22230,2708935,4.0
5759,2707357,4.0
44716,2714491,4.0
244,2715986,4.0
16316,2710344,4.0
2885,2720322,4.0
23130,2716573,4.0
36770,2718461,4.0
7241,2719583,4.0
8141,2696002,4.0
36471,2723598,4.0
6373,2716031,4.0
5360,2706621,4.0
1689,2692582,4.0
25366,2717329,4.0
7044,2697222,4.0
40050,2713069,4.0
16256,2717879,4.0
8454,2702503,4.0
3375,2718284,4.0
4918,2704711,4.0
7704,2704121,4.0
2197,2731398,4.0
15793,2704336,4.0
7830,2732962,4.0
3236,2700076,4.0
10473,2708761,4.0
8074,2713951,4.0
16104,2726043,4.0
19916,2715113,4.0
10995,2707532,4.0
16343,2726266,4.0
9495,2705477,4.0
18902,2726835,4.0
16191,2725211,4.0
23,2713033,4.0
3003,2714541,4.0
6789,2724663,4.0
35253,2729362,4.0
15891,2703470,4.0
26801,2714941,4.0
20138,2716240,4.0
18396,2724035,4.0
34266,2712735,4.0
2446,2694867,4.0
9205,2713033,4.0
7589,2707207,4.0
9396,2704453,4.0
23224,2710794,4.0
6447,2693868,4.0
1497,2698126,4.0
7080,2731178,4.0
24837,2710125,4.0
21,2707678,4.0
22897,2710618,4.0
33622,2720745,4.0
46376,2732715,4.0
35925,2719514,4.0
3917,2708025,4.0
6687,2707491,4.0
2502,2715895,4.0
2354,2703232,4.0
12197,2702979,4.0
45339,2724079,4.0
7830,2711201,4.0
48549,2734835,4.0
19632,2726942,4.0
1418,2724926,4.0
19017,2715849,4.0
45102,2718513,4.0
4560,2698714,4.0
24898,2713498,4.0
5541,2706091,4.0
127,2696675,4.0
9081,2713617,4.0
16173,2723129,4.0
40207,2726621,4.0
7830,2720204,4.0
11002,2712423,4.0
36466,2713518,4.0
834,2708918,4.0
10664,2725971,4.0
4505,2706591,4.0
42938,2718142,4.0
11002,2705421,4.0
6803,2698640,4.0
44329,2724738,4.0
9479,2707416,4.0
25954,2704931,4.0
22664,2715638,4.0
5811,2702584,4.0
13209,2710698,4.0
298,2705637,4.0
2193,2715427,4.0
3917,2707354,4.0
3003,2732942,4.0
29654,2707326,4.0
1418,2719741,4.0
3463,2720258,4.0
11002,2707759,4.0
7830,2730088,4.0
889,2723178,4.0
62,2710297,4.0
42893,2717490,4.0
2556,2702223,4.0
23767,2702924,4.0
48195,2719489,4.0
23169,2706184,4.0
19481,2713133,4.0
10784,2694690,4.0
15599,2731291,4.0
23042,2722851,4.0
22590,2694992,4.0
26140,2705772,4.0
4501,2695215,4.0
24930,2732814,4.0
27785,2705000,4.0
36254,2708733,4.0
5650,2678740,4.0
1634,2706667,4.0
1295,2715950,4.0
10787,2724952,4.0
298,2701138,4.0
19267,2709652,4.0
20002,2731691,4.0
17739,2719493,4.0
10087,2717852,4.0
7280,2702112,4.0
46075,2729536,4.0
16381,2735210,4.0
18465,2726137,4.0
34246,2709070,4.0
43519,2716189,4.0
30,2730498,4.0
23,2732560,4.0
8063,2720927,4.0
508,2694924,4.0
18966,2719255,4.0
18833,2705882,4.0
36335,2715683,4.0
49281,2723586,4.0
7316,2702766,4.0
41530,2724552,4.0
6012,2715271,4.0
9205,2729038,4.0
18084,2710590,4.0
16104,2730090,4.0
25503,2717260,4.0
43439,2715433,4.0
16450,2727997,4.0
3917,2703341,4.0
8086,2707102,4.0
26801,2722903,4.0
48133,2718967,4.0
7378,2703639,4.0
3455,2697262,4.0
19481,2709699,4.0
12863,2716604,4.0
696,2717981,4.0
48729,2721506,4.0
16463,2736142,4.0
15329,2716279,4.0
48133,2726272,4.0
37455,2725489,4.0
8217,2719121,4.0
22668,2713855,4.0
8370,2706268,4.0
34987,2713609,4.0
37128,2725155,4.0
1418,2718797,4.0
5541,2711923,4.0
12742,2708408,4.0
29488,2714728,4.0
41663,2705467,4.0
37336,2724593,4.0
4501,2694985,4.0
11431,2709770,4.0
9059,2701091,4.0
29727,2718622,4.0
17567,2708239,4.0
24849,2709485,4.0
4824,2701061,4.0
7241,2719537,4.0
7830,2721639,4.0
22668,2713464,4.0
11387,2707169,4.0
32344,2714279,4.0
37595,2723583,4.0
45516,2723104,4.0
6260,2716463,4.0
36335,2721172,4.0
21,2703496,4.0
9767,2713347,4.0
5543,2732523,4.0
11294,2710160,4.0
4963,2707730,4.0
19279,2703602,4.0
5160,2695242,4.0
24293,2708199,4.0
696,2718117,4.0
25,2707402,4.0
7830,2708921,4.0
36335,2712310,4.0
31331,2708041,4.0
12208,2713267,4.0
5241,2700777,4.0
35400,2731235,4.0
817,2713699,4.0
30,2700752,4.0
15590,2718980,4.0
40105,2717288,4.0
1634,2711810,4.0
6782,2702140,4.0
2778,2713285,4.0
11127,2718727,4.0
17536,2711375,4.0
10264,2695007,4.0
7406,2722436,4.0
5974,2695127,4.0
12764,2699696,4.0
18572,2715987,4.0
36162,2716642,4.0
28764,2710507,4.0
7814,2723192,4.0
27184,2714488,4.0
7459,2721763,4.0
39143,2725309,4.0
2156,2718176,4.0
49628,2725733,4.0
22109,2731161,4.0
43084,2714895,4.0
10430,2693202,4.0
945,2720901,4.0
40050,2716789,4.0
9876,2727758,4.0
1915,2688827,4.0
26792,2717164,4.0
25718,2714645,4.0
33193,2717407,4.0
5879,2700496,4.0
38671,2697983,4.0
4540,2706360,4.0
45033,2725401,4.0
2988,2692942,4.0
41693,2729383,4.0
6054,2702481,4.0
33112,2721370,4.0
298,2703131,4.0
27049,2711665,4.0
14093,2703866,4.0
6584,2707043,4.0
1255,2724688,4.0
4953,2716029,4.0
7897,2707399,4.0
4114,2711593,4.0
7897,2713468,4.0
7934,2697997,4.0
8246,2722351,4.0
39093,2719216,4.0
16450,2708003,4.0
1295,2715449,4.0
48585,2725053,4.0
15101,2727451,4.0
9506,2717677,4.0
15590,2713519,4.0
14928,2715093,4.0
22668,2703514,4.0
2828,2677035,4.0
2585,2696803,4.0
21,2707679,4.0
8383,2707621,4.0
8376,2709024,4.0
11002,2735260,4.0
12208,2716217,4.0
7830,2728247,4.0
3003,2709485,4.0
28763,2714664,4.0
2202,2698872,4.0
12044,2712312,4.0
11795,2709007,4.0
32567,2710899,4.0
933,2724328,4.0
1968,2703606,4.0
49190,2724570,4.0
6260,2728174,4.0
10680,2703633,4.0
1399,2717063,4.0
22765,2728054,4.0
11874,2680840,4.0
91,2688116,4.0
45864,2720801,4.0
42239,2724804,4.0
6619,2723666,4.0
5759,2689464,4.0
987,2710297,4.0
43866,2698227,4.0
46988,2721299,4.0
1418,2726274,4.0
11062,2708411,4.0
2197,2728408,4.0
39093,2716714,4.0
696,2718118,4.0
20002,2720974,4.0
3003,2708754,4.0
19003,2726566,4.0
2828,2678949,4.0
24478,2726995,4.0
7830,2721660,4.0
10658,2699491,4.0
30,2722034,4.0
32895,2707237,4.0
1188,2702616,4.0
20994,2712433,4.0
40878,2725966,4.0
1706,2713687,4.0
10242,2716307,4.0
37081,2719521,4.0
18676,2729289,4.0
22897,2715530,4.0
33705,2723603,4.0
3917,2715662,4.0
31513,2708181,4.0
5400,2692111,4.0
3917,2705957,4.0
21,2714557,4.0
21765,2699939,4.0
8396,2707426,4.0
13137,2706707,4.0
10664,2699932,4.0
24209,2693037,4.0
20002,2731027,4.0
3917,2710940,4.0
39503,2728511,4.0
16632,2723093,4.0
23862,2730741,4.0
1418,2729640,4.0
10314,2716097,4.0
186,2691090,4.0
5650,2709618,4.0
22200,2697209,4.0
9541,2701492,4.0
2193,2712572,4.0
1418,2726449,4.0
24295,2695402,4.0
2687,2687666,4.0
22307,2712832,4.0
25069,2718374,4.0
19552,2719291,4.0
25473,2716498,4.0
19699,2703249,4.0
18704,2713645,4.0
32001,2718951,4.0
18398,2694629,4.0
32772,2713100,4.0
5481,2711489,4.0
3447,2704652,4.0
13043,2734912,4.0
8534,2711900,4.0
1335,2698116,4.0
11002,2707759,4.0
39503,2711658,4.0
14928,2711429,4.0
22783,2697957,4.0
46317,2731333,4.0
46627,2731915,4.0
19494,2717876,4.0
17595,2729816,4.0
22668,2708607,4.0
6988,2719936,4.0
20731,2708069,4.0
22432,2702278,4.0
10264,2729526,4.0
7814,2719113,4.0
17113,2729366,4.0
62,2704098,4.0
11211,2703097,4.0
2882,2713142,4.0
9215,2724898,4.0
30662,2718378,4.0
13137,2712819,4.0
28539,2718627,4.0
21113,2715746,4.0
31264,2708022,4.0
17428,2736291,4.0
45814,2713718,4.0
16121,2695443,4.0
62,2715855,4.0
5119,2707025,4.0
11808,2698689,4.0
5119,2714558,4.0
29727,2704424,4.0
834,2732124,4.0
15793,2721017,4.0
4560,2700953,4.0
39858,2726207,4.0
21,2707668,4.0
18422,2714208,4.0
8383,2696032,4.0
1522,2703319,4.0
15331,2718667,4.0
12746,2711739,4.0
8469,2707683,4.0
41075,2720769,4.0
11002,2717493,4.0
10264,2716333,4.0
16104,2712986,4.0
5759,2693914,4.0
12791,2707589,4.0
3120,2717481,4.0
15793,2709227,4.0
47302,2718124,4.0
47908,2726105,4.0
28125,2704823,4.0
17848,2716702,4.0
7052,2707247,4.0
21322,2708797,4.0
12702,2707090,4.0
32799,2735339,4.0
26095,2718912,4.0
14948,2722747,4.0
45814,2716307,4.0
7724,2710305,4.0
39503,2720706,4.0
39855,2723183,4.0
37870,2716352,4.0
3375,2710376,4.0
25194,2708097,4.0
34246,2718694,4.0
3120,2713643,4.0
36162,2708499,4.0
12850,2718461,4.0
2878,2690139,4.0
4769,2725735,4.0
696,2711270,4.0
5125,2704849,4.0
22232,2726153,4.0
48336,2730274,4.0
30,2722364,4.0
19074,2703455,4.0
39503,2723930,4.0
16104,2722737,4.0
62,2707083,4.0
41693,2727203,4.0
5400,2711540,4.0
2585,2717469,4.0
13919,2723208,4.0
25552,2710297,4.0
7897,2707078,4.0
49262,2732748,4.0
21,2704171,4.0
34987,2714912,4.0
3003,2707473,4.0
8012,2691897,4.0
47658,2719291,4.0
4646,2692456,4.0
46184,2716869,4.0
18966,2720255,4.0
10898,2732551,4.0
2126,2684068,4.0
877,2688906,4.0
7503,2724325,4.0
33193,2715879,4.0
26713,2718374,4.0
46988,2724707,4.0
1418,2711489,4.0
7586,2719074,4.0
19494,2719501,4.0
25473,2716521,4.0
20013,2715637,4.0
4312,2714206,4.0
9303,2699280,4.0
45705,2722417,4.0
19005,2698217,4.0
12579,2710329,4.0
34266,2718112,4.0
11002,2733233,4.0
4769,2711239,4.0
3917,2716638,4.0
9205,2728169,4.0
18966,2712352,4.0
47369,2725497,4.0
11002,2705681,4.0
2193,2725068,4.0
3917,2704806,4.0
43825,2728927,4.0
9385,2722161,4.0
4985,2720027,4.0
12850,2700326,4.0
8678,2723143,4.0
2356,2701335,4.0
10107,2729023,4.0
4540,2704402,4.0
13329,2703985,4.0
22854,2712952,4.0
35795,2708283,4.0
7241,2725348,4.0
1418,2702127,4.0
2197,2729281,4.0
24930,2727871,4.0
5170,2701599,4.0
23604,2717580,4.0
1228,2691730,4.0
2799,2706701,4.0
48455,2720919,4.0
7830,2720721,4.0
18677,2705170,4.0
22854,2719262,4.0
4137,2704603,4.0
21535,2716711,4.0
3107,2730892,4.0
17397,2713697,4.0
6330,2702982,4.0
23406,2711363,4.0
21332,2730017,4.0
18419,2706781,4.0
25439,2707993,4.0
9385,2716106,4.0
7479,2731629,4.0
26416,2721980,4.0
9205,2725284,4.0
37700,2725450,4.0
11795,2693407,4.0
17232,2719679,4.0
45814,2720399,4.0
25378,2711357,4.0
8705,2713755,4.0
41319,2724748,4.0
12514,2706132,4.0
19297,2712532,4.0
127,2711717,4.0
18966,2720507,4.0
39953,2721364,4.0
15329,2707075,4.0
11414,2688341,4.0
36335,2718691,4.0
26657,2698754,4.0
43353,2713609,4.0
5759,2697976,4.0
2778,2695007,4.0
14378,2691948,4.0
23401,2709603,4.0
2991,2700020,4.0
817,2714596,4.0
43825,2726669,4.0
834,2713854,4.0
9205,2728915,4.0
19164,2704908,4.0
16104,2725043,4.0
5650,2703283,4.0
1295,2726783,4.0
696,2735365,4.0
32955,2717407,4.0
17832,2706221,4.0
817,2698457,4.0
48656,2726049,4.0
3844,2727555,4.0
32393,2718437,4.0
22668,2715871,4.0
901,2701736,4.0
25069,2718228,4.0
11002,2706242,4.0
3917,2707324,4.0
25388,2732382,4.0
39503,2713580,4.0
34378,2720751,4.0
15160,2703895,4.0
35469,2713997,4.0
45814,2726276,4.0
6988,2703353,4.0
5650,2703683,4.0
12706,2722461,4.0
48133,2720204,4.0
32967,2714251,4.0
2044,2727496,4.0
3874,2708706,4.0
24898,2717178,4.0
6789,2699778,4.0
5759,2689861,4.0
3455,2705147,4.0
15143,2705498,4.0
32001,2717319,4.0
31111,2721733,4.0
23042,2706731,4.0
7897,2702641,4.0
41791,2719978,4.0
48195,2720199,4.0
32488,2713652,4.0
10769,2706558,4.0
11100,2707192,4.0
7241,2707575,4.0
2986,2704713,4.0
4137,2703266,4.0
8370,2702025,4.0
35227,2712763,4.0
3562,2707014,4.0
10118,2693708,4.0
33736,2719738,4.0
3424,2725018,4.0
2197,2733667,4.0
31157,2715150,4.0
9495,2708994,4.0
7316,2694492,4.0
4052,2704635,4.0
33258,2721876,4.0
35454,2711697,4.0
23712,2708930,4.0
1399,2709333,4.0
12197,2705428,4.0
27163,2712953,4.0
26417,2695996,4.0
18966,2708569,4.0
1258,2704212,4.0
15437,2730402,4.0
62,2725265,4.0
12742,2707853,4.0
29907,2720690,4.0
23042,2700641,4.0
4985,2718980,4.0
16243,2713157,4.0
831,2710562,4.0
15924,2710796,4.0
14154,2712289,4.0
6789,2712930,4.0
36335,2719256,4.0
18171,2715855,4.0
16587,2714480,4.0
32393,2721628,4.0
12671,2701972,4.0
15493,2695936,4.0
30,2710593,4.0
12498,2702025,4.0
7830,2718137,4.0
15143,2715021,4.0
7568,2719480,4.0
25516,2716423,4.0
24209,2715330,4.0
10270,2723607,4.0
32799,2714630,4.0
19668,2710622,4.0
29268,2718162,4.0
26509,2728868,4.0
9702,2719236,4.0
8383,2695960,4.0
2197,2720658,4.0
8074,2708556,4.0
2885,2718683,4.0
25502,2717987,4.0
36299,2722595,4.0
11002,2704414,4.0
32532,2718731,4.0
37803,2680840,4.0
23770,2706200,4.0
12044,2728585,4.0
3917,2732227,4.0
7719,2717468,4.0
38780,2716865,4.0
5256,2707256,4.0
7378,2706098,4.0
14378,2712722,4.0
125,2695289,4.0
9205,2719666,4.0
16191,2711112,4.0
35799,2715305,4.0
2858,2701068,4.0
9205,2711696,4.0
7378,2702375,4.0
33004,2712980,4.0
22668,2714489,4.0
62,2725732,4.0
34987,2718594,4.0
2882,2712419,4.0
6369,2715783,4.0
7241,2720934,4.0
12324,2732197,4.0
7568,2714969,4.0
38966,2725640,4.0
18171,2704651,4.0
7814,2705566,4.0
41037,2727680,4.0
47338,2731823,4.0
12044,2712314,4.0
38359,2695374,4.0
9232,2708364,4.0
34596,2723925,4.0
22897,2715451,4.0
6215,2708459,4.0
46633,2718131,4.0
11345,2701033,4.0
31349,2719481,4.0
2866,2698632,4.0
6782,2708707,4.0
20002,2733810,4.0
6373,2720153,4.0
1295,2695358,4.0
38354,2714337,4.0
15891,2689470,4.0
41305,2721982,4.0
3696,2707613,4.0
7851,2690883,4.0
3635,2705375,4.0
41693,2726174,4.0
26417,2716759,4.0
298,2703430,4.0
17049,2705170,4.0
18857,2706485,4.0
696,2726777,4.0
18447,2727729,4.0
4501,2693419,4.0
696,2713524,4.0
2197,2711916,4.0
3917,2707317,4.0
21,2692582,4.0
12324,2730970,4.0
696,2713695,4.0
28702,2720994,4.0
11127,2718596,4.0
10430,2706120,4.0
16290,2720709,4.0
2386,2714959,4.0
62,2726885,4.0
8758,2722636,4.0
29488,2720599,4.0
498,2717651,4.0
7195,2686091,4.0
5160,2708289,4.0
47384,2726153,4.0
8217,2710150,4.0
41296,2726208,4.0
3948,2717080,4.0
30,2728437,4.0
32799,2734875,4.0
2885,2727899,4.0
9215,2718366,4.0
3730,2705045,4.0
36162,2726932,4.0
15861,2700079,4.0
10263,2706682,4.0
696,2712895,4.0
16632,2723296,4.0
43353,2718621,4.0
7310,2725117,4.0
32490,2706048,4.0
10264,2709775,4.0
183,2705414,4.0
7830,2725737,4.0
1706,2724253,4.0
31910,2723049,4.0
19494,2719600,4.0
62,2717279,4.0
1418,2724778,4.0
19562,2720091,4.0
29430,2718135,4.0
23767,2704266,4.0
1295,2729823,4.0
10858,2722899,4.0
11127,2717467,4.0
11002,2710430,4.0
22269,2714932,4.0
1399,2699536,4.0
1206,2686538,4.0
27049,2706719,4.0
2955,2711006,4.0
3950,2716114,4.0
30,2703630,4.0
18697,2715263,4.0
32899,2706689,4.0
25092,2710554,4.0
38780,2719095,4.0
23862,2725925,4.0
6394,2723242,4.0
5050,2695443,4.0
46075,2722283,4.0
7331,2706268,4.0
5650,2719185,4.0
9506,2714647,4.0
27751,2718553,4.0
22668,2714631,4.0
11127,2710627,4.0
40050,2714287,4.0
29756,2719975,4.0
2585,2718550,4.0
40050,2718501,4.0
1660,2723321,4.0
2197,2729071,4.0
18966,2720300,4.0
6640,2709586,4.0
21203,2708681,4.0
15568,2718648,4.0
3003,2714098,4.0
3562,2703337,4.0
10848,2705434,4.0
7830,2727327,4.0
31157,2717247,4.0
834,2724542,4.0
28129,2706723,4.0
24209,2714630,4.0
4964,2716771,4.0
10664,2708884,4.0
9265,2726844,4.0
37845,2723060,4.0
62,2707505,4.0
10444,2722728,4.0
696,2699208,4.0
10842,2699783,4.0
16104,2705147,4.0
16346,2721949,4.0
15931,2710150,4.0
23176,2707396,4.0
3917,2703340,4.0
10664,2708299,4.0
43152,2719192,4.0
43265,2728339,4.0
12514,2704899,4.0
16243,2732689,4.0
13853,2714785,4.0
15052,2707251,4.0
11127,2727173,4.0
3923,2708139,4.0
1295,2716747,4.0
10664,2729444,4.0
5497,2705950,4.0
26696,2718642,4.0
3923,2720268,4.0
20731,2708440,4.0
12862,2704992,4.0
25161,2713573,4.0
1865,2702590,4.0
2197,2704611,4.0
26803,2702997,4.0
12116,2720082,4.0
8551,2720016,4.0
6130,2718175,4.0
19005,2724547,4.0
37970,2711375,4.0
24930,2710608,4.0
1188,2693537,4.0
5360,2682539,4.0
35504,2708002,4.0
22956,2707023,4.0
7719,2721608,4.0
7209,2709659,4.0
22222,2713609,4.0
8758,2699903,4.0
4953,2691369,4.0
8534,2718141,4.0
7830,2722694,4.0
17584,2713109,4.0
9081,2705249,4.0
29127,2720602,4.0
39838,2724771,4.0
15061,2714461,4.0
38400,2722699,4.0
39858,2719933,4.0
11002,2732407,4.0
29739,2721336,4.0
21813,2706366,4.0
2695,2711809,4.0
4646,2697428,4.0
1295,2714910,4.0
19552,2714856,4.0
6115,2690716,4.0
7568,2706655,4.0
39638,2721517,4.0
21629,2703306,4.0
9385,2726918,4.0
38671,2713081,4.0
6130,2725727,4.0
23197,2711332,4.0
14303,2704404,4.0
6533,2709599,4.0
7776,2711384,4.0
11002,2707742,4.0
38870,2709914,4.0
45409,2723138,4.0
10264,2724176,4.0
18966,2725798,4.0
35795,2708965,4.0
49628,2735464,4.0
24849,2726955,4.0
12197,2705513,4.0
16243,2713244,4.0
14609,2699746,4.0
18677,2718432,4.0
8074,2717793,4.0
24837,2700975,4.0
43353,2728545,4.0
19749,2710713,4.0
8396,2703275,4.0
29488,2715861,4.0
28556,2715851,4.0
7290,2709709,4.0
8651,2696044,4.0
17547,2709252,4.0
38652,2707730,4.0
20465,2730299,4.0
14183,2712270,4.0
25562,2714985,4.0
2257,2729292,4.0
15975,2709589,4.0
8469,2725068,4.0
11435,2723781,4.0
22897,2686885,4.0
9205,2727663,4.0
7966,2706171,4.0
17245,2710209,4.0
32308,2721666,4.0
2368,2702701,4.0
12498,2705494,4.0
29032,2703351,4.0
26961,2719344,4.0
915,2706089,4.0
12498,2681676,4.0
12329,2711888,4.0
10682,2725619,4.0
25516,2711666,4.0
18997,2711655,4.0
43825,2715937,4.0
3455,2705170,4.0
34860,2722436,4.0
41037,2722391,4.0
47661,2731984,4.0
8074,2712754,4.0
26691,2719664,4.0
28805,2712342,4.0
7814,2721302,4.0
3696,2704944,4.0
19552,2732499,4.0
5759,2707272,4.0
1652,2723060,4.0
23412,2710721,4.0
16343,2719586,4.0
31910,2715524,4.0
3003,2732952,4.0
22429,2710371,4.0
834,2711983,4.0
22668,2711002,4.0
396,2704450,4.0
38923,2725904,4.0
1295,2704977,4.0
1914,2699787,4.0
15839,2700905,4.0
44072,2728693,4.0
2197,2734780,4.0
17584,2712999,4.0
6619,2716242,4.0
7316,2695750,4.0
11127,2715812,4.0
25194,2714820,4.0
17391,2708156,4.0
43152,2726807,4.0
7503,2712051,4.0
22854,2718116,4.0
8871,2676412,4.0
8074,2705248,4.0
12280,2720721,4.0
22956,2712950,4.0
3003,2708589,4.0
1155,2714890,4.0
166,2720620,4.0
1239,2717540,4.0
5303,2704360,4.0
3191,2706030,4.0
19699,2700057,4.0
3917,2732233,4.0
802,2717543,4.0
2166,2717942,4.0
25,2733855,4.0
8534,2724528,4.0
11002,2710464,4.0
30365,2717679,4.0
26803,2702912,4.0
23918,2704598,4.0
31513,2715875,4.0
27274,2729828,4.0
3625,2703210,4.0
8973,2705883,4.0
28828,2717333,4.0
7974,2717663,4.0
10098,2715238,4.0
12862,2707088,4.0
39927,2718813,4.0
3874,2699772,4.0
8716,2714227,4.0
7807,2699903,4.0
20175,2712492,4.0
47499,2722752,4.0
6447,2693966,4.0
16104,2734989,4.0
12738,2701920,4.0
19074,2722013,4.0
5650,2707695,4.0
7934,2712874,4.0
14348,2697713,4.0
7830,2717972,4.0
24274,2715789,4.0
47837,2732754,4.0
19538,2715404,4.0
8911,2709680,4.0
4501,2694665,4.0
10787,2722078,4.0
15792,2727110,4.0
33705,2715091,4.0
11002,2714303,4.0
15590,2714278,4.0
18966,2709134,4.0
21453,2707244,4.0
10264,2710637,4.0
1840,2693720,4.0
7830,2722682,4.0
22897,2703514,4.0
31513,2714712,4.0
25552,2716759,4.0
24837,2709572,4.0
25,2699943,4.0
2474,2728113,4.0
20797,2727755,4.0
39892,2719125,4.0
24837,2710413,4.0
19017,2705936,4.0
1994,2726422,4.0
7910,2718596,4.0
31371,2717444,4.0
3440,2712289,4.0
8086,2692472,4.0
12178,2720956,4.0
696,2699878,4.0
7906,2715850,4.0
2824,2704021,4.0
21680,2710618,4.0
16260,2726392,4.0
24930,2732762,4.0
1295,2719239,4.0
41188,2725166,4.0
19552,2719296,4.0
11027,2708667,4.0
8617,2698207,4.0
8637,2732482,4.0
11127,2698771,4.0
8538,2723524,4.0
47773,2734834,4.0
14609,2710485,4.0
36162,2719505,4.0
29584,2720874,4.0
3187,2686862,4.0
27286,2713117,4.0
19843,2698983,4.0
8539,2714748,4.0
40474,2723877,4.0
696,2699769,4.0
8469,2707684,4.0
29430,2718624,4.0
22232,2710583,4.0
30365,2702124,4.0
2197,2711577,4.0
8469,2725074,4.0
5185,2690816,4.0
46075,2714271,4.0
36299,2711946,4.0
25502,2717215,4.0
13105,2696934,4.0
37750,2712763,4.0
1,2703942,4.0
20410,2699557,4.0
1418,2716286,4.0
1295,2715719,4.0
18484,2692390,4.0
21765,2709986,4.0
25516,2718484,4.0
25518,2711359,4.0
22289,2720061,4.0
4501,2715701,4.0
24314,2703871,4.0
7568,2715005,4.0
12850,2717600,4.0
16684,2724010,4.0
19944,2710624,4.0
13577,2711340,4.0
26515,2703617,4.0
19494,2728064,4.0
17143,2709084,4.0
22668,2713754,4.0
11002,2706800,4.0
34051,2711904,4.0
27286,2716525,4.0
3917,2695836,4.0
48455,2733868,4.0
6260,2716977,4.0
24640,2714038,4.0
166,2722426,4.0
915,2704835,4.0
7054,2691884,4.0
5405,2702637,4.0
16409,2724697,4.0
46486,2728691,4.0
14375,2734374,4.0
2489,2727155,4.0
62,2706538,4.0
11127,2734484,4.0
4978,2701708,4.0
11323,2691997,4.0
8454,2720527,4.0
4430,2699906,4.0
30,2721289,4.0
4769,2724561,4.0
20647,2712284,4.0
15143,2705835,4.0
6225,2695075,4.0
25774,2717668,4.0
42893,2705393,4.0
33488,2731675,4.0
25251,2717260,4.0
8125,2704425,4.0
5292,2711831,4.0
696,2720439,4.0
15590,2714222,4.0
19916,2723071,4.0
2197,2728739,4.0
7830,2735422,4.0
22289,2714229,4.0
15052,2711442,4.0
5160,2698577,4.0
14770,2697353,4.0
4669,2704642,4.0
2489,2728531,4.0
42132,2728015,4.0
10784,2710671,4.0
43868,2722093,4.0
5832,2727378,4.0
6988,2707330,4.0
30,2718805,4.0
186,2704835,4.0
3424,2704645,4.0
8531,2705807,4.0
3375,2706714,4.0
33736,2710831,4.0
25516,2717067,4.0
41707,2725699,4.0
14928,2731110,4.0
43353,2718096,4.0
9089,2729623,4.0
834,2713144,4.0
23224,2709768,4.0
37803,2725130,4.0
4985,2720833,4.0
8973,2700956,4.0
13518,2705472,4.0
6958,2706129,4.0
35133,2712139,4.0
1418,2707115,4.0
17739,2717554,4.0
17574,2705429,4.0
23813,2705501,4.0
13329,2704886,4.0
10995,2714270,4.0
11127,2710597,4.0
31690,2716725,4.0
24853,2712291,4.0
34260,2713556,4.0
20869,2713819,4.0
46075,2728636,4.0
3917,2696282,4.0
29046,2710763,4.0
7830,2716344,4.0
33977,2711699,4.0
1295,2703410,4.0
31328,2705660,4.0
7830,2722922,4.0
8648,2707940,4.0
23,2716805,4.0
26509,2710602,4.0
5650,2698154,4.0
1295,2708953,4.0
35400,2723971,4.0
9089,2705870,4.0
2882,2731010,4.0
19984,2716735,4.0
18305,2712234,4.0
1508,2709466,4.0
11127,2706315,4.0
20078,2729623,4.0
7378,2703762,4.0
32967,2714162,4.0
39015,2726908,4.0
5409,2718602,4.0
5360,2703145,4.0
4985,2695324,4.0
7316,2704660,4.0
21765,2714866,4.0
48428,2713069,4.0
5134,2707347,4.0
3917,2718513,4.0
3647,2726974,4.0
1418,2707316,4.0
19074,2703325,4.0
9223,2698832,4.0
116,2698245,4.0
34378,2712003,4.0
45102,2730851,4.0
29510,2698771,4.0
696,2707715,4.0
9541,2716453,4.0
16256,2717260,4.0
17922,2705147,4.0
3917,2716676,4.0
12642,2728033,4.0
12447,2714057,4.0
10664,2705258,4.0
15954,2695968,4.0
15757,2724357,4.0
9156,2698250,4.0
1418,2723342,4.0
21113,2712819,4.0
17816,2696899,4.0
6257,2696874,4.0
7530,2732102,4.0
13209,2705823,4.0
2474,2706730,4.0
6161,2677913,4.0
10880,2692572,4.0
10784,2710673,4.0
396,2704444,4.0
9081,2723197,4.0
6728,2688464,4.0
5660,2720967,4.0
15737,2710557,4.0
8217,2718598,4.0
935,2715712,4.0
20509,2723872,4.0
41075,2720742,4.0
18296,2715485,4.0
40105,2719963,4.0
396,2704467,4.0
29046,2721298,4.0
1399,2706673,4.0
121,2700703,4.0
15590,2722626,4.0
17842,2724727,4.0
3375,2712057,4.0
15590,2711729,4.0
3145,2707625,4.0
19538,2723583,4.0
41190,2726030,4.0
15737,2719418,4.0
11479,2712386,4.0
33193,2714719,4.0
23406,2715505,4.0
17557,2709431,4.0
38392,2713531,4.0
1715,2697390,4.0
4505,2700827,4.0
7814,2708585,4.0
22680,2709788,4.0
7830,2720747,4.0
7773,2703571,4.0
3295,2700291,4.0
14825,2726393,4.0
7934,2696858,4.0
15926,2704368,4.0
4315,2717386,4.0
17669,2721335,4.0
25,2707067,4.0
10921,2731082,4.0
696,2715280,4.0
7773,2709713,4.0
1418,2705216,4.0
16450,2716966,4.0
25664,2717876,4.0
16316,2729283,4.0
2806,2702252,4.0
10333,2718605,4.0
18966,2720380,4.0
4468,2690021,4.0
1295,2704989,4.0
6447,2695830,4.0
11590,2697401,4.0
12280,2721655,4.0
10787,2712237,4.0
12208,2713650,4.0
17922,2730090,4.0
19164,2723536,4.0
10995,2718508,4.0
19699,2712150,4.0
30,2718405,4.0
21,2697751,4.0
1239,2717801,4.0
2197,2727045,4.0
12208,2706545,4.0
30,2704726,4.0
39927,2721529,4.0
7934,2701931,4.0
40010,2715579,4.0
22668,2713740,4.0
18966,2719240,4.0
7109,2698628,4.0
1430,2713048,4.0
45339,2728879,4.0
10787,2713747,4.0
14375,2699526,4.0
696,2686077,4.0
46546,2732450,4.0
8002,2703487,4.0
20062,2710217,4.0
7830,2707264,4.0
23880,2706686,4.0
10185,2696020,4.0
31910,2708037,4.0
12447,2715272,4.0
1423,2702512,4.0
5043,2704021,4.0
25516,2718516,4.0
696,2714867,4.0
915,2720907,4.0
29046,2726865,4.0
5360,2703176,4.0
49074,2728075,4.0
3295,2729480,4.0
12006,2692472,4.0
48856,2720981,4.0
26696,2710581,4.0
37128,2733455,4.0
14375,2724732,4.0
20459,2713563,4.0
1728,2724938,4.0
2799,2706701,4.0
889,2733548,4.0
3917,2707326,4.0
32899,2721574,4.0
5974,2698779,4.0
21,2707654,4.0
13313,2706050,4.0
7830,2725330,4.0
6373,2717660,4.0
18966,2710229,4.0
17739,2728064,4.0
13137,2710269,4.0
32992,2710674,4.0
29046,2706549,4.0
8637,2698735,4.0
7290,2710582,4.0
7897,2717522,4.0
23862,2730893,4.0
6313,2706053,4.0
18966,2719664,4.0
4978,2701934,4.0
11027,2706178,4.0
2193,2712753,4.0
13394,2727739,4.0
18067,2712338,4.0
25378,2717942,4.0
25473,2716519,4.0
16450,2711797,4.0
5650,2707007,4.0
12827,2712201,4.0
30209,2713820,4.0
43152,2716758,4.0
6789,2711406,4.0
12055,2707049,4.0
29907,2720631,4.0
7809,2707898,4.0
30178,2708750,4.0
91,2687746,4.0
3455,2706950,4.0
13067,2688444,4.0
35454,2711711,4.0
19679,2708741,4.0
6369,2711987,4.0
11330,2707700,4.0
28488,2719781,4.0
18966,2716815,4.0
19017,2711903,4.0
9081,2722856,4.0
41305,2719354,4.0
5650,2726750,4.0
29985,2721447,4.0
1418,2707525,4.0
7830,2721634,4.0
43996,2730263,4.0
46114,2720441,4.0
7316,2699701,4.0
8551,2735563,4.0
18966,2719441,4.0
8030,2705313,4.0
10444,2733935,4.0
10197,2713315,4.0
22235,2709499,4.0
193,2703195,4.0
5292,2712704,4.0
8406,2714293,4.0
25552,2713074,4.0
24930,2732827,4.0
10333,2718967,4.0
1295,2709697,4.0
12919,2706181,4.0
49190,2728642,4.0
21924,2701748,4.0
935,2725644,4.0
16882,2683873,4.0
17816,2729965,4.0
16357,2708479,4.0
1994,2719707,4.0
2366,2724135,4.0
17816,2724653,4.0
18677,2718452,4.0
12226,2704666,4.0
19256,2711990,4.0
17547,2683448,4.0
21979,2706831,4.0
45516,2723573,4.0
13533,2707400,4.0
1295,2696880,4.0
13093,2706408,4.0
696,2713334,4.0
11211,2699880,4.0
30453,2720470,4.0
5106,2686885,4.0
13848,2697370,4.0
8002,2703987,4.0
7208,2702697,4.0
2778,2722094,4.0
18955,2699668,4.0
22235,2715756,4.0
4540,2706908,4.0
2197,2722219,4.0
9215,2725399,4.0
2193,2710610,4.0
18966,2725705,4.0
1418,2724318,4.0
47114,2725925,4.0
18407,2710194,4.0
41791,2721910,4.0
3653,2711134,4.0
10784,2698830,4.0
19552,2732482,4.0
7719,2685990,4.0
3295,2696107,4.0
2828,2676499,4.0
6373,2699564,4.0
29781,2719185,4.0
1418,2717743,4.0
12324,2710975,4.0
7310,2716903,4.0
38792,2724835,4.0
25,2724146,4.0
16009,2705682,4.0
10341,2712305,4.0
8074,2719688,4.0
21680,2716407,4.0
7241,2716359,4.0
3173,2708181,4.0
12514,2701243,4.0
1418,2718197,4.0
27578,2719824,4.0
3440,2694654,4.0
6619,2714225,4.0
8520,2705502,4.0
2405,2702489,4.0
8648,2707583,4.0
834,2728502,4.0
12191,2699549,4.0
19494,2718382,4.0
9205,2716965,4.0
16572,2714051,4.0
1418,2728979,4.0
7106,2719492,4.0
6398,2700919,4.0
29109,2717404,4.0
23224,2725014,4.0
10664,2700204,4.0
9541,2716568,4.0
3003,2714631,4.0
28738,2712060,4.0
31757,2717718,4.0
39420,2710067,4.0
29584,2721645,4.0
5802,2733885,4.0
12706,2710216,4.0
11127,2703272,4.0
34364,2718703,4.0
41065,2726632,4.0
19751,2711076,4.0
696,2704424,4.0
23224,2706970,4.0
25388,2733367,4.0
7241,2727698,4.0
3006,2693211,4.0
8871,2678949,4.0
25516,2719298,4.0
4769,2724542,4.0
1848,2700914,4.0
31882,2709792,4.0
22757,2707242,4.0
36478,2721944,4.0
47759,2720481,4.0
889,2707221,4.0
33193,2720570,4.0
19362,2696301,4.0
22269,2713819,4.0
360,2702987,4.0
1960,2720006,4.0
6619,2714092,4.0
6840,2726737,4.0
6789,2731155,4.0
12460,2706467,4.0
23,2716878,4.0
13313,2712102,4.0
9089,2725410,4.0
7430,2732453,4.0
38923,2727329,4.0
22232,2726721,4.0
45516,2729795,4.0
33159,2717389,4.0
5650,2713531,4.0
1255,2708047,4.0
6130,2718969,4.0
11127,2716746,4.0
25388,2721001,4.0
7719,2714807,4.0
13518,2723993,4.0
33787,2715930,4.0
1418,2714906,4.0
47658,2734249,4.0
22668,2713905,4.0
14954,2719163,4.0
46801,2728247,4.0
26509,2722737,4.0
2197,2736394,4.0
11127,2717525,4.0
6260,2726056,4.0
10314,2716815,4.0
20138,2697882,4.0
17111,2704711,4.0
5759,2701013,4.0
47658,2733124,4.0
7109,2719176,4.0
10865,2717050,4.0
43477,2719067,4.0
30165,2720734,4.0
15656,2715749,4.0
18966,2720180,4.0
12497,2696062,4.0
24640,2704901,4.0
44072,2730780,4.0
17464,2722551,4.0
28725,2724245,4.0
20994,2716862,4.0
44991,2728568,4.0
360,2703198,4.0
12805,2695965,4.0
9495,2709205,4.0
7241,2722711,4.0
14928,2715211,4.0
15331,2715334,4.0
7290,2703917,4.0
19458,2714304,4.0
19494,2717553,4.0
29032,2720588,4.0
45869,2714027,4.0
7830,2708902,4.0
696,2721842,4.0
7241,2708297,4.0
38482,2721448,4.0
43900,2722602,4.0
46481,2728585,4.0
31331,2719054,4.0
1418,2720143,4.0
25069,2717199,4.0
2197,2706126,4.0
15839,2715456,4.0
19593,2720347,4.0
6012,2719352,4.0
17863,2720191,4.0
21015,2713534,4.0
29127,2715851,4.0
30,2728801,4.0
696,2725041,4.0
28637,2695404,4.0
19749,2716219,4.0
23533,2705170,4.0
22348,2714968,4.0
23,2715575,4.0
7241,2703607,4.0
17245,2719414,4.0
48716,2730764,4.0
6447,2704227,4.0
12850,2703224,4.0
34152,2697863,4.0
30,2722510,4.0
1561,2687765,4.0
7830,2722737,4.0
29032,2707724,4.0
19494,2720226,4.0
11741,2704925,4.0
17462,2726903,4.0
40477,2727197,4.0
7830,2711332,4.0
11127,2722265,4.0
33705,2724165,4.0
7897,2704792,4.0
6373,2720184,4.0
6622,2695344,4.0
44985,2715793,4.0
11027,2704922,4.0
23130,2716563,4.0
16191,2712602,4.0
10784,2710614,4.0
25194,2726137,4.0
8648,2690880,4.0
39533,2708246,4.0
13090,2708011,4.0
6533,2714227,4.0
43353,2726807,4.0
13957,2713268,4.0
834,2716407,4.0
45814,2718889,4.0
7503,2688439,4.0
23464,2730247,4.0
37100,2711628,4.0
37838,2720801,4.0
121,2708406,4.0
39503,2722492,4.0
29739,2710619,4.0
6394,2695012,4.0
14126,2727146,4.0
3594,2715588,4.0
26416,2714497,4.0
5070,2699740,4.0
945,2705489,4.0
48499,2733954,4.0
29739,2714941,4.0
7211,2708153,4.0
2760,2719596,4.0
21332,2721766,4.0
31328,2730811,4.0
935,2711910,4.0
29109,2715217,4.0
34860,2719679,4.0
38966,2722436,4.0
5650,2706347,4.0
7503,2707101,4.0
11127,2706482,4.0
5119,2698455,4.0
6531,2716763,4.0
45409,2723249,4.0
889,2717318,4.0
7814,2721138,4.0
7310,2722378,4.0
4501,2705467,4.0
20013,2723877,4.0
2506,2686049,4.0
16450,2707020,4.0
22886,2725841,4.0
834,2736198,4.0
186,2705945,4.0
13919,2733138,4.0
8637,2730276,4.0
6330,2709603,4.0
7645,2698340,4.0
43825,2718893,4.0
37870,2722870,4.0
18966,2718758,4.0
16573,2680840,4.0
12572,2697953,4.0
43353,2720014,4.0
25161,2715514,4.0
35253,2723749,4.0
3440,2715616,4.0
9856,2712964,4.0
8313,2718116,4.0
40474,2715634,4.0
211,2690712,4.0
17714,2696398,4.0
2824,2706506,4.0
1660,2713745,4.0
16676,2696392,4.0
186,2698711,4.0
18880,2717111,4.0
24339,2703756,4.0
28725,2711620,4.0
11002,2710084,4.0
30,2700664,4.0
6533,2698987,4.0
33718,2714618,4.0
62,2715884,4.0
25812,2721613,4.0
2991,2703756,4.0
38199,2711402,4.0
11612,2703331,4.0
11795,2704262,4.0
22668,2712922,4.0
45869,2718812,4.0
4697,2692514,4.0
23401,2707237,4.0
10911,2699858,4.0
24293,2708967,4.0
23482,2701081,4.0
16412,2715302,4.0
834,2718892,4.0
28488,2710174,4.0
31152,2712586,4.0
18688,2716812,4.0
5124,2699939,4.0
30,2708160,4.0
34260,2698096,4.0
26961,2716830,4.0
21813,2716457,4.0
10107,2712981,4.0
16110,2698793,4.0
30158,2709183,4.0
7830,2725620,4.0
12706,2713691,4.0
10027,2711882,4.0
33731,2723524,4.0
2197,2731741,4.0
21025,2721385,4.0
29519,2712017,4.0
30,2714403,4.0
15924,2730809,4.0
30083,2706558,4.0
62,2709510,4.0
14107,2702097,4.0
10165,2704023,4.0
28672,2727759,4.0
17574,2705386,4.0
10137,2702085,4.0
1861,2705863,4.0
21,2706795,4.0
43152,2713028,4.0
11002,2715100,4.0
3440,2698684,4.0
10784,2710674,4.0
1418,2695918,4.0
37081,2717873,4.0
7910,2717472,4.0
2624,2688754,4.0
22350,2717541,4.0
12044,2705005,4.0
3263,2685708,4.0
16037,2706317,4.0
19749,2700698,4.0
43353,2714287,4.0
1514,2689961,4.0
14277,2714833,4.0
28253,2716822,4.0
4558,2695012,4.0
17739,2719494,4.0
20924,2706260,4.0
17848,2716668,4.0
26509,2716097,4.0
6286,2692315,4.0
43866,2730123,4.0
38354,2724127,4.0
5551,2691754,4.0
34260,2713243,4.0
11127,2722747,4.0
17905,2703123,4.0
19699,2725442,4.0
31698,2720302,4.0
21066,2709788,4.0
30,2712039,4.0
776,2696377,4.0
31111,2709899,4.0
12514,2712801,4.0
16450,2720809,4.0
12324,2711541,4.0
40050,2719372,4.0
20345,2715627,4.0
35253,2723743,4.0
29444,2720089,4.0
8086,2688927,4.0
7807,2717518,4.0
31308,2720194,4.0
9675,2725889,4.0
7910,2699828,4.0
4430,2726204,4.0
7830,2708502,4.0
46633,2724694,4.0
8678,2723432,4.0
38438,2709953,4.0
11741,2688425,4.0
38973,2718486,4.0
2197,2713255,4.0
49628,2718381,4.0
11241,2686893,4.0
25052,2704472,4.0
17247,2710848,4.0
33159,2717392,4.0
10314,2707251,4.0
19300,2717967,4.0
53,2708297,4.0
40754,2726199,4.0
10264,2711793,4.0
11359,2686893,4.0
18262,2710275,4.0
1829,2703414,4.0
2489,2704395,4.0
1660,2716711,4.0
10333,2715469,4.0
10098,2690298,4.0
11002,2710239,4.0
1514,2718191,4.0
19005,2724021,4.0
2792,2703380,4.0
27226,2718071,4.0
32089,2716544,4.0
30,2731668,4.0
817,2701317,4.0
44072,2727598,4.0
21741,2734923,4.0
2197,2717417,4.0
3653,2706407,4.0
21629,2735040,4.0
10263,2701300,4.0
16489,2705020,4.0
45320,2726789,4.0
19107,2723725,4.0
9506,2725430,4.0
21066,2713038,4.0
2991,2708584,4.0
40050,2715928,4.0
11414,2710127,4.0
19855,2722673,4.0
24613,2703773,4.0
17462,2680840,4.0
2792,2702595,4.0
29032,2713265,4.0
29488,2718506,4.0
23376,2712850,4.0
40756,2716841,4.0
18407,2709852,4.0
7316,2701830,4.0
29781,2718586,4.0
1418,2702112,4.0
9265,2711332,4.0
1295,2728570,4.0
43353,2720124,4.0
27756,2724591,4.0
22871,2728628,4.0
7934,2701748,4.0
15590,2714889,4.0
10664,2712172,4.0
46820,2724333,4.0
7241,2705131,4.0
17295,2710615,4.0
11002,2711764,4.0
12324,2704562,4.0
2687,2686636,4.0
29268,2713243,4.0
10425,2724949,4.0
5650,2713301,4.0
22942,2728636,4.0
1980,2695857,4.0
39953,2724815,4.0
186,2704751,4.0
21936,2706995,4.0
1994,2705841,4.0
2992,2723568,4.0
2569,2719065,4.0
7814,2721109,4.0
6902,2694869,4.0
21629,2734159,4.0
3917,2701736,4.0
185,2707020,4.0
3973,2693374,4.0
19494,2719692,4.0
2489,2714868,4.0
24903,2725497,4.0
15924,2734129,4.0
45170,2723129,4.0
36913,2715793,4.0
29503,2735421,4.0
10784,2701299,4.0
6619,2708001,4.0
11002,2695960,4.0
17118,2709386,4.0
7071,2707137,4.0
696,2701732,4.0
7660,2718065,4.0
45864,2731042,4.0
18880,2709863,4.0
13404,2712671,4.0
12208,2707763,4.0
2368,2699825,4.0
30662,2715124,4.0
18641,2710681,4.0
696,2707797,4.0
8790,2713691,4.0
18966,2720532,4.0
27356,2727829,4.0
12197,2702972,4.0
360,2714835,4.0
1967,2711340,4.0
16191,2724949,4.0
7513,2710624,4.0
20053,2709487,4.0
27756,2733937,4.0
20758,2728047,4.0
2368,2688808,4.0
2446,2697981,4.0
29109,2727178,4.0
20002,2716611,4.0
10333,2715658,4.0
22143,2711193,4.0
834,2715110,4.0
28556,2713841,4.0
1418,2724819,4.0
834,2715857,4.0
8063,2706222,4.0
7430,2731178,4.0
47992,2716719,4.0
29781,2720919,4.0
45314,2715012,4.0
25194,2712950,4.0
12498,2704404,4.0
7974,2705566,4.0
7814,2695487,4.0
16191,2706408,4.0
2593,2713693,4.0
31665,2707443,4.0
6215,2706868,4.0
11584,2725540,4.0
32488,2717150,4.0
16684,2718555,4.0
5119,2717084,4.0
21729,2701396,4.0
16104,2713239,4.0
23130,2715072,4.0
7241,2711023,4.0
31328,2705736,4.0
36011,2710353,4.0
23130,2716459,4.0
3375,2690445,4.0
7052,2681575,4.0
44188,2714818,4.0
23689,2714812,4.0
2197,2705919,4.0
5650,2703854,4.0
21936,2721613,4.0
18966,2716127,4.0
21943,2707443,4.0
30453,2712120,4.0
39858,2726169,4.0
17739,2717541,4.0
2446,2689925,4.0
15890,2717098,4.0
2878,2692000,4.0
23767,2713649,4.0
32895,2719142,4.0
21,2699806,4.0
7776,2705361,4.0
24483,2717897,4.0
10183,2715452,4.0
1562,2721936,4.0
7645,2698331,4.0
15590,2720119,4.0
1968,2696391,4.0
41188,2728244,4.0
20758,2715152,4.0
7811,2706870,4.0
3844,2727966,4.0
9943,2706514,4.0
298,2702527,4.0
31698,2720184,4.0
21453,2711092,4.0
37081,2724681,4.0
22765,2712120,4.0
18966,2718896,4.0
6447,2703838,4.0
5879,2730236,4.0
9242,2698514,4.0
28129,2706657,4.0
30,2728486,4.0
186,2700176,4.0
696,2717982,4.0
9317,2723383,4.0
8637,2732168,4.0
17247,2734010,4.0
22897,2708996,4.0
12055,2711321,4.0
1960,2716816,4.0
11127,2719206,4.0
33112,2718746,4.0
16104,2710971,4.0
6447,2693918,4.0
21332,2727660,4.0
7347,2704098,4.0
19494,2718383,4.0
9089,2700618,4.0
1158,2729312,4.0
31741,2724005,4.0
6818,2698138,4.0
46944,2714914,4.0
21,2698172,4.0
27199,2708754,4.0
298,2693573,4.0
14954,2718593,4.0
19335,2706475,4.0
24478,2708405,4.0
10664,2705201,4.0
13853,2698066,4.0
1295,2704405,4.0
7974,2723702,4.0
35796,2724711,4.0
18809,2708408,4.0
6345,2703668,4.0
1295,2688463,4.0
19632,2726604,4.0
20175,2705409,4.0
22235,2727314,4.0
4297,2689978,4.0
4793,2692519,4.0
7719,2731723,4.0
45697,2728510,4.0
7910,2727273,4.0
1811,2707319,4.0
15052,2713339,4.0
21255,2732448,4.0
1418,2724149,4.0
8074,2708540,4.0
3173,2710381,4.0
34266,2717493,4.0
9975,2701754,4.0
2585,2710688,4.0
20797,2715137,4.0
30260,2719945,4.0
19702,2706241,4.0
28129,2706686,4.0
37743,2725170,4.0
33488,2733195,4.0
7990,2693463,4.0
6614,2701326,4.0
17245,2710178,4.0
12149,2695356,4.0
7272,2686737,4.0
8538,2711985,4.0
46075,2728531,4.0
17247,2724960,4.0
8469,2707681,4.0
10314,2703448,4.0
25052,2703036,4.0
10673,2707432,4.0
20465,2730468,4.0
12764,2700824,4.0
258,2715545,4.0
834,2734874,4.0
16450,2720811,4.0
11961,2698813,4.0
14825,2729653,4.0
8534,2717433,4.0
3205,2702149,4.0
10264,2728234,4.0
43825,2725725,4.0
7830,2715848,4.0
40050,2725707,4.0
7211,2726701,4.0
14770,2711927,4.0
18412,2713098,4.0
8617,2701119,4.0
14840,2718629,4.0
17295,2708484,4.0
46820,2717837,4.0
19279,2697392,4.0
8106,2708653,4.0
12006,2677947,4.0
2489,2713690,4.0
38966,2723831,4.0
3448,2703531,4.0
8086,2692434,4.0
20595,2715391,4.0
33193,2716633,4.0
30511,2713553,4.0
37750,2714971,4.0
26013,2713938,4.0
3730,2690164,4.0
6447,2693901,4.0
10264,2723447,4.0
1994,2693564,4.0
26509,2711960,4.0
166,2719965,4.0
23482,2714965,4.0
8217,2718125,4.0
21855,2710662,4.0
45336,2731625,4.0
4137,2704730,4.0
22432,2730073,4.0
6373,2706135,4.0
45102,2722286,4.0
21,2704174,4.0
23483,2704729,4.0
696,2713498,4.0
11352,2727766,4.0
2362,2684973,4.0
8716,2716250,4.0
2197,2727253,4.0
21453,2706358,4.0
47499,2725810,4.0
29488,2716810,4.0
18697,2715270,4.0
5650,2702987,4.0
8383,2697993,4.0
24837,2711357,4.0
6563,2704169,4.0
22296,2709788,4.0
6533,2707377,4.0
21128,2722661,4.0
30092,2721845,4.0
25052,2703272,4.0
2197,2730808,4.0
43519,2714591,4.0
46326,2724554,4.0
22854,2707013,4.0
2197,2702079,4.0
43509,2722768,4.0
7586,2710534,4.0
43996,2728696,4.0
62,2718377,4.0
36382,2731393,4.0
2197,2731036,4.0
18257,2705567,4.0
24837,2711134,4.0
47658,2733725,4.0
31111,2728898,4.0
11002,2707127,4.0
62,2730817,4.0
62,2703366,4.0
31539,2710985,4.0
19552,2731291,4.0
1683,2706281,4.0
2991,2711040,4.0
1295,2721019,4.0
5970,2692942,4.0
10995,2715503,4.0
18966,2733920,4.0
18167,2712701,4.0
2506,2685444,4.0
23586,2709709,4.0
2593,2708384,4.0
38780,2718731,4.0
7910,2723097,4.0
45339,2729897,4.0
28125,2705231,4.0
1514,2691718,4.0
1703,2679419,4.0
6754,2706686,4.0
6330,2712540,4.0
25830,2716711,4.0
1295,2712202,4.0
696,2710576,4.0
9215,2715534,4.0
16104,2709662,4.0
26801,2728826,4.0
32895,2707008,4.0
7378,2699779,4.0
26509,2710618,4.0
48856,2727214,4.0
8106,2721462,4.0
30,2713732,4.0
17462,2697220,4.0
6093,2704218,4.0
46447,2723093,4.0
40050,2714914,4.0
7830,2724241,4.0
10333,2729226,4.0
3455,2714649,4.0
25704,2715951,4.0
7044,2696099,4.0
11118,2697534,4.0
9714,2693040,4.0
17763,2710746,4.0
42290,2713245,4.0
38870,2716363,4.0
1418,2701426,4.0
21681,2702111,4.0
18966,2720420,4.0
25480,2714281,4.0
1301,2680201,4.0
21680,2714804,4.0
7316,2705194,4.0
6250,2706244,4.0
4769,2708613,4.0
7830,2720200,4.0
7026,2710353,4.0
36770,2724374,4.0
8572,2726005,4.0
45339,2723547,4.0
18887,2709654,4.0
33705,2708250,4.0
20251,2707401,4.0
34051,2715930,4.0
8383,2705023,4.0
45033,2725376,4.0
33646,2732415,4.0
12044,2707754,4.0
1150,2723792,4.0
12222,2697918,4.0
4769,2721473,4.0
12044,2705922,4.0
42324,2715217,4.0
31089,2720212,4.0
2991,2700548,4.0
13425,2698696,4.0
9241,2707015,4.0
34051,2716945,4.0
18042,2707082,4.0
14154,2712287,4.0
14154,2710978,4.0
8758,2722953,4.0
48397,2732540,4.0
14840,2698477,4.0
19751,2708691,4.0
29739,2712200,4.0
47658,2720022,4.0
183,2710109,4.0
10333,2702035,4.0
8534,2713423,4.0
34246,2713737,4.0
8141,2693191,4.0
21457,2716457,4.0
31814,2706621,4.0
10118,2696058,4.0
22269,2714300,4.0
24647,2706547,4.0
7106,2717548,4.0
11323,2697373,4.0
43519,2715007,4.0
20013,2691415,4.0
8217,2721763,4.0
45336,2731612,4.0
16270,2713998,4.0
33838,2720374,4.0
20465,2723705,4.0
19425,2698867,4.0
8370,2707675,4.0
16256,2722812,4.0
7316,2696279,4.0
41024,2726085,4.0
817,2717541,4.0
12006,2705920,4.0
27274,2716850,4.0
23169,2719176,4.0
18084,2703224,4.0
27226,2707492,4.0
23796,2714272,4.0
4769,2702114,4.0
21629,2709973,4.0
43439,2717223,4.0
6818,2706327,4.0
4824,2715510,4.0
34596,2722982,4.0
34860,2723829,4.0
33193,2726859,4.0
24314,2703888,4.0
15437,2724200,4.0
3917,2711703,4.0
696,2713499,4.0
40050,2728598,4.0
39503,2723221,4.0
3287,2717395,4.0
15931,2710137,4.0
11353,2712066,4.0
28725,2732289,4.0
13644,2694019,4.0
20028,2707217,4.0
3120,2699903,4.0
12941,2687799,4.0
35796,2721128,4.0
834,2720914,4.0
7830,2712829,4.0
18677,2730943,4.0
4430,2712968,4.0
5811,2699993,4.0
7209,2726173,4.0
945,2719960,4.0
10848,2706481,4.0
3647,2704170,4.0
2193,2704262,4.0
1848,2699915,4.0
9812,2712722,4.0
16450,2720806,4.0
19749,2716256,4.0
5083,2714949,4.0
7910,2716735,4.0
20002,2714703,4.0
1967,2696839,4.0
19481,2710694,4.0
1418,2728342,4.0
21518,2707446,4.0
11002,2696902,4.0
25,2701033,4.0
6597,2713319,4.0
696,2718382,4.0
37128,2723284,4.0
16343,2720223,4.0
3635,2734616,4.0
22668,2710091,4.0
36382,2731543,4.0
2623,2710859,4.0
39838,2718378,4.0
24882,2716304,4.0
19910,2711615,4.0
3375,2715780,4.0
29109,2708003,4.0
12447,2702732,4.0
12863,2712855,4.0
7568,2706868,4.0
44853,2728504,4.0
14981,2699800,4.0
23135,2726080,4.0
7830,2711268,4.0
48348,2733531,4.0
23130,2707115,4.0
24903,2729589,4.0
3917,2707334,4.0
696,2721651,4.0
21453,2707442,4.0
776,2723602,4.0
5650,2712195,4.0
22830,2704976,4.0
1295,2712136,4.0
1418,2710345,4.0
48249,2732886,4.0
35764,2724074,4.0
13533,2727277,4.0
28129,2706877,4.0
25290,2710216,4.0
2446,2706809,4.0
9506,2726294,4.0
48716,2723058,4.0
7830,2714719,4.0
24274,2714913,4.0
21,2704173,4.0
29046,2722799,4.0
18997,2710340,4.0
7934,2704266,4.0
20202,2712434,4.0
11741,2708364,4.0
43519,2713134,4.0
9205,2719466,4.0
47848,2734778,4.0
16564,2708291,4.0
40297,2713670,4.0
28097,2709392,4.0
37081,2723414,4.0
32421,2704968,4.0
25,2697933,4.0
2044,2733508,4.0
2623,2717586,4.0
889,2733542,4.0
8769,2705019,4.0
2197,2727562,4.0
39503,2722474,4.0
18955,2704191,4.0
25080,2717875,4.0
9205,2729874,4.0
17816,2697375,4.0
8658,2706698,4.0
24837,2718035,4.0
2902,2701642,4.0
21608,2712451,4.0
6130,2707043,4.0
18776,2728049,4.0
12470,2707408,4.0
7280,2728619,4.0
8313,2713420,4.0
3696,2702042,4.0
16450,2720388,4.0
22463,2709539,4.0
12447,2711906,4.0
3785,2704218,4.0
30,2710260,4.0
22554,2689367,4.0
7830,2716327,4.0
6345,2695701,4.0
19494,2719492,4.0
39830,2725514,4.0
19632,2727192,4.0
25193,2713556,4.0
696,2710537,4.0
47289,2717472,4.0
2197,2712806,4.0
7310,2708327,4.0
38488,2715355,4.0
14578,2704100,4.0
11002,2710446,4.0
2066,2707675,4.0
25664,2713696,4.0
15757,2727640,4.0
834,2713653,4.0
24339,2695984,4.0
48716,2716766,4.0
15599,2731273,4.0
11002,2706223,4.0
3111,2713613,4.0
8302,2716308,4.0
1399,2709727,4.0
7568,2722438,4.0
4964,2720119,4.0
7568,2702384,4.0
13330,2705115,4.0
20994,2703939,4.0
23,2719242,4.0
18305,2710718,4.0
21518,2711894,4.0
46481,2732483,4.0
12919,2695048,4.0
8534,2718155,4.0
19984,2714915,4.0
11387,2704560,4.0
16104,2714204,4.0
2197,2734253,4.0
285,2691669,4.0
43353,2721033,4.0
14428,2712289,4.0
7830,2719124,4.0
5637,2705226,4.0
7910,2714915,4.0
45409,2730006,4.0
10444,2716361,4.0
696,2701016,4.0
18884,2710535,4.0
11002,2706181,4.0
11454,2706488,4.0
8370,2686737,4.0
33258,2714580,4.0
46252,2717507,4.0
22670,2698810,4.0
22956,2712973,4.0
48374,2734194,4.0
696,2697835,4.0
7241,2720713,4.0
1418,2714411,4.0
46955,2730834,4.0
21,2700754,4.0
16270,2726567,4.0
19224,2708107,4.0
49074,2733578,4.0
30,2728599,4.0
23786,2701045,4.0
3917,2698174,4.0
3173,2725005,4.0
36382,2720861,4.0
7830,2716333,4.0
28916,2716714,4.0
12850,2706950,4.0
35376,2714852,4.0
20737,2711090,4.0
1379,2725782,4.0
834,2725271,4.0
40050,2721022,4.0
24209,2695996,4.0
37081,2723158,4.0
3571,2717760,4.0
39503,2727089,4.0
13922,2712069,4.0
5210,2712289,4.0
28611,2708287,4.0
10680,2725735,4.0
11027,2709461,4.0
47220,2720809,4.0
7241,2733060,4.0
5400,2690269,4.0
25,2704983,4.0
2847,2725285,4.0
22871,2704969,4.0
26888,2718107,4.0
10197,2703255,4.0
2193,2731178,4.0
17113,2726399,4.0
49006,2735592,4.0
2116,2699840,4.0
1728,2712072,4.0
1660,2717284,4.0
7830,2716340,4.0
22365,2727181,4.0
2763,2679470,4.0
27800,2727504,4.0
2992,2722714,4.0
8141,2706698,4.0
8107,2708016,4.0
19632,2728492,4.0
8106,2700824,4.0
1295,2724983,4.0
32393,2720658,4.0
28611,2720482,4.0
25388,2731156,4.0
10680,2708765,4.0
5650,2701314,4.0
11454,2704541,4.0
8383,2698223,4.0
19002,2716735,4.0
166,2694992,4.0
744,2723026,4.0
9205,2730480,4.0
29316,2716834,4.0
46184,2723648,4.0
44072,2728923,4.0
38576,2726430,4.0
28253,2716067,4.0
45461,2724146,4.0
23406,2708008,4.0
2878,2705684,4.0
2824,2704715,4.0
43353,2718584,4.0
8651,2712212,4.0
12498,2693904,4.0
12222,2699926,4.0
38671,2710661,4.0
12182,2710978,4.0
11414,2707449,4.0
43353,2713632,4.0
37663,2722740,4.0
834,2725825,4.0
11127,2714957,4.0
38438,2709732,4.0
30,2713137,4.0
2819,2735353,4.0
17567,2697039,4.0
13137,2677947,4.0
3455,2697216,4.0
12447,2711346,4.0
4698,2711354,4.0
21332,2721797,4.0
11387,2703288,4.0
34860,2713943,4.0
696,2735309,4.0
20251,2714266,4.0
7241,2726885,4.0
3107,2720442,4.0
1980,2695017,4.0
12460,2693849,4.0
31758,2706828,4.0
5210,2713226,4.0
7568,2715090,4.0
16256,2721603,4.0
21,2710978,4.0
9479,2703948,4.0
47837,2728819,4.0
22830,2712484,4.0
39503,2712995,4.0
11002,2710078,4.0
17905,2716810,4.0
5426,2692305,4.0
17479,2705033,4.0
7830,2719828,4.0
11055,2705543,4.0
17295,2710602,4.0
9495,2685886,4.0
9770,2693901,4.0
46317,2733754,4.0
10314,2725705,4.0
27274,2711375,4.0
10376,2723871,4.0
62,2708960,4.0
6563,2704174,4.0
1158,2725071,4.0
19935,2711153,4.0
30,2722895,4.0
1295,2719534,4.0
834,2718355,4.0
6988,2719946,4.0
4985,2688464,4.0
32356,2704830,4.0
5209,2713885,4.0
18884,2710643,4.0
7807,2713237,4.0
39927,2721305,4.0
1158,2711746,4.0
25092,2707396,4.0
12178,2687201,4.0
2864,2724988,4.0
1561,2701068,4.0
25552,2710909,4.0
16450,2712973,4.0
26515,2716862,4.0
696,2723013,4.0
17669,2711101,4.0
6402,2719841,4.0
3428,2686631,4.0
25954,2703394,4.0
23130,2716503,4.0
9241,2694807,4.0
10264,2718623,4.0
3455,2698570,4.0
959,2728200,4.0
34246,2715260,4.0
21,2704107,4.0
8973,2707906,4.0
1158,2704163,4.0
30450,2706527,4.0
11127,2698147,4.0
19552,2719290,4.0
37727,2717935,4.0
6728,2713567,4.0
3950,2721144,4.0
11667,2703918,4.0
1418,2718305,4.0
1158,2683782,4.0
14609,2710354,4.0
48856,2731243,4.0
9813,2703930,4.0
25516,2717694,4.0
7807,2725971,4.0
34051,2719342,4.0
2587,2704600,4.0
5360,2702598,4.0
6625,2708996,4.0
8790,2719508,4.0
20002,2716310,4.0
17547,2717677,4.0
16104,2728316,4.0
10118,2693716,4.0
2826,2701648,4.0
167,2715700,4.0
35198,2724291,4.0
17247,2718280,4.0
22990,2711557,4.0
7807,2711928,4.0
22235,2699825,4.0
8539,2707002,4.0
1295,2722123,4.0
7814,2718963,4.0
16857,2713611,4.0
22886,2723726,4.0
4985,2707256,4.0
40105,2723868,4.0
27578,2718111,4.0
1295,2720111,4.0
1295,2723105,4.0
32772,2722817,4.0
21275,2703356,4.0
28556,2712120,4.0
1418,2706634,4.0
4540,2698133,4.0
7195,2691526,4.0
2197,2730339,4.0
32590,2722123,4.0
46212,2727779,4.0
6373,2730164,4.0
39279,2715834,4.0
19066,2713654,4.0
11575,2725697,4.0
935,2707049,4.0
42324,2730183,4.0
43353,2714925,4.0
46118,2715677,4.0
3874,2698500,4.0
23452,2699871,4.0
34260,2717521,4.0
22212,2707232,4.0
6373,2713518,4.0
35227,2719498,4.0
12764,2703958,4.0
15839,2724697,4.0
37455,2724155,4.0
48428,2728868,4.0
6536,2696297,4.0
1226,2719789,4.0
21765,2716243,4.0
1206,2719312,4.0
6471,2717915,4.0
7310,2720630,4.0
22886,2721654,4.0
26834,2699812,4.0
1255,2718599,4.0
13037,2698556,4.0
40010,2724287,4.0
19005,2711950,4.0
19699,2725794,4.0
696,2737272,4.0
24640,2706496,4.0
696,2721339,4.0
11323,2706426,4.0
13611,2699051,4.0
2197,2735531,4.0
31720,2723028,4.0
17905,2710562,4.0
19279,2712318,4.0
12208,2723067,4.0
43825,2715373,4.0
31882,2718403,4.0
33193,2717413,4.0
36345,2719123,4.0
21457,2732321,4.0
13090,2707377,4.0
15590,2713584,4.0
37467,2712748,4.0
13643,2726542,4.0
696,2698830,4.0
7814,2701648,4.0
3844,2711330,4.0
9385,2721769,4.0
9205,2697988,4.0
1399,2699409,4.0
5125,2686594,4.0
7830,2716646,4.0
17550,2705491,4.0
19944,2707402,4.0
2197,2699895,4.0
10784,2710616,4.0
889,2693480,4.0
10341,2699872,4.0
19409,2713686,4.0
1295,2715565,4.0
18966,2720148,4.0
17006,2713120,4.0
23,2704988,4.0
7830,2720199,4.0
24613,2717264,4.0
11590,2697881,4.0
23833,2708946,4.0
37128,2726592,4.0
27490,2719140,4.0
26702,2717257,4.0
1823,2716666,4.0
8871,2726113,4.0
46627,2732748,4.0
15877,2705515,4.0
24647,2717971,4.0
15655,2718087,4.0
12702,2710617,4.0
1255,2720979,4.0
20797,2716528,4.0
8726,2704298,4.0
43084,2724157,4.0
31111,2719928,4.0
33297,2719479,4.0
12862,2716740,4.0
46852,2715427,4.0
11002,2720756,4.0
19494,2719503,4.0
22270,2716350,4.0
21457,2711350,4.0
1893,2726085,4.0
16104,2707411,4.0
33705,2715877,4.0
43353,2728641,4.0
34940,2695375,4.0
21203,2710989,4.0
696,2712790,4.0
22549,2700946,4.0
7080,2710650,4.0
10898,2712299,4.0
7645,2697225,4.0
15909,2712413,4.0
43555,2729578,4.0
1418,2713144,4.0
6260,2700337,4.0
18760,2713244,4.0
5119,2706743,4.0
29556,2715751,4.0
2991,2704089,4.0
2134,2695824,4.0
15061,2718205,4.0
696,2737333,4.0
23130,2716510,4.0
6619,2711809,4.0
9813,2703965,4.0
11717,2706705,4.0
19494,2728592,4.0
7206,2726194,4.0
36335,2721166,4.0
43825,2724860,4.0
1522,2693546,4.0
21322,2706912,4.0
7830,2716626,4.0
9205,2731764,4.0
40010,2721162,4.0
5759,2704742,4.0
30,2728946,4.0
19066,2715525,4.0
16534,2729353,4.0
26675,2706258,4.0
4824,2715493,4.0
9714,2692569,4.0
18966,2717564,4.0
3003,2710982,4.0
20595,2715658,4.0
3375,2713982,4.0
2864,2725868,4.0
32001,2722449,4.0
27163,2714604,4.0
17734,2714481,4.0
5650,2712592,4.0
6902,2700790,4.0
7830,2719975,4.0
17397,2709451,4.0
696,2702758,4.0
5119,2724850,4.0
9338,2702215,4.0
28793,2734915,4.0
29449,2709629,4.0
12191,2705021,4.0
15407,2697433,4.0
24933,2715099,4.0
38671,2725126,4.0
10087,2715752,4.0
12484,2710957,4.0
6012,2705653,4.0
19749,2713046,4.0
20293,2709664,4.0
48195,2733521,4.0
1634,2723979,4.0
16424,2720517,4.0
24314,2703844,4.0
11127,2720979,4.0
18499,2698154,4.0
10995,2724120,4.0
10787,2728683,4.0
15568,2710708,4.0
127,2691734,4.0
25812,2717429,4.0
3917,2719294,4.0
35400,2724082,4.0
32890,2714649,4.0
17567,2704225,4.0
30,2728852,4.0
30,2710033,4.0
23,2718684,4.0
23224,2705495,4.0
1295,2697067,4.0
834,2724203,4.0
30,2706123,4.0
7080,2722650,4.0
6307,2687828,4.0
818,2688375,4.0
16374,2727647,4.0
37128,2720720,4.0
45409,2730007,4.0
8974,2703507,4.0
12587,2712122,4.0
2449,2719951,4.0
30,2722161,4.0
2197,2720999,4.0
37727,2719982,4.0
31889,2712472,4.0
28916,2720722,4.0
10425,2721358,4.0
5209,2706117,4.0
31967,2705247,4.0
10784,2710667,4.0
5405,2705164,4.0
1418,2713798,4.0
2902,2705101,4.0
23483,2721978,4.0
14954,2715703,4.0
4540,2700672,4.0
1418,2725585,4.0
19843,2719861,4.0
180,2710223,4.0
1430,2712393,4.0
1960,2735563,4.0
3948,2701078,4.0
25552,2707082,4.0
29449,2708273,4.0
5974,2713519,4.0
7378,2703330,4.0
9812,2697530,4.0
31814,2719653,4.0
39838,2726704,4.0
38923,2715785,4.0
7910,2723613,4.0
10011,2713062,4.0
15061,2678590,4.0
15656,2688324,4.0
40756,2716826,4.0
41791,2713521,4.0
15143,2719951,4.0
9702,2711332,4.0
23978,2716810,4.0
14375,2687903,4.0
13659,2710137,4.0
6782,2717120,4.0
1418,2720432,4.0
3148,2688801,4.0
9506,2722932,4.0
12827,2711227,4.0
15839,2697344,4.0
27206,2710368,4.0
48932,2725518,4.0
23767,2714660,4.0
11127,2708299,4.0
2368,2705901,4.0
3625,2701026,4.0
10784,2707792,4.0
47613,2726930,4.0
8246,2729145,4.0
16244,2727169,4.0
6579,2679451,4.0
46118,2712307,4.0
35991,2728589,4.0
13957,2713337,4.0
32067,2722439,4.0
15137,2699185,4.0
21378,2717481,4.0
817,2713957,4.0
22307,2712522,4.0
14375,2688366,4.0
13533,2699873,4.0
3647,2705015,4.0
10264,2723023,4.0
22270,2716331,4.0
18484,2708304,4.0
43825,2723709,4.0
25562,2713694,4.0
19335,2708199,4.0
35133,2721282,4.0
21948,2720025,4.0
29727,2710617,4.0
5345,2687926,4.0
21332,2727980,4.0
3950,2694012,4.0
10898,2729584,4.0
91,2696776,4.0
1285,2699812,4.0
1168,2709700,4.0
1430,2719128,4.0
26713,2717312,4.0
11273,2705886,4.0
8383,2695992,4.0
9210,2710467,4.0
32590,2705581,4.0
25194,2712953,4.0
37956,2724558,4.0
48397,2720600,4.0
180,2727651,4.0
31157,2719873,4.0
40613,2726229,4.0
31513,2715764,4.0
13401,2703044,4.0
18966,2720275,4.0
43825,2727227,4.0
2778,2725236,4.0
22830,2709605,4.0
7177,2717559,4.0
16450,2717022,4.0
43509,2713690,4.0
27274,2719322,4.0
6622,2704140,4.0
22348,2697925,4.0
41791,2729949,4.0
1295,2725788,4.0
29347,2706670,4.0
5256,2722703,4.0
16226,2714198,4.0
21113,2707265,4.0
8337,2693482,4.0
2202,2706609,4.0
29046,2721680,4.0
151,2695012,4.0
9317,2725931,4.0
20213,2711289,4.0
831,2726960,4.0
22877,2704667,4.0
47837,2734028,4.0
18214,2710137,4.0
26769,2700998,4.0
9242,2707236,4.0
5650,2715524,4.0
38780,2726372,4.0
17018,2711999,4.0
25774,2706581,4.0
21,2725701,4.0
18809,2715635,4.0
10242,2722881,4.0
23401,2714712,4.0
39503,2719579,4.0
31328,2709848,4.0
4983,2698648,4.0
193,2721752,4.0
39503,2724086,4.0
5650,2712669,4.0
19017,2699726,4.0
6307,2681684,4.0
26470,2718381,4.0
25,2707318,4.0
12208,2713686,4.0
2964,2704946,4.0
23130,2707104,4.0
12675,2706496,4.0
21535,2704620,4.0
834,2702943,4.0
21275,2704360,4.0
6619,2712953,4.0
30,2722156,4.0
8370,2706381,4.0
10680,2707016,4.0
16226,2710622,4.0
4918,2695701,4.0
18966,2720413,4.0
2502,2706642,4.0
10673,2707130,4.0
8144,2717538,4.0
8534,2709521,4.0
42463,2726310,4.0
25194,2708003,4.0
4424,2685825,4.0
45409,2721478,4.0
18966,2715580,4.0
16450,2728033,4.0
180,2705807,4.0
7897,2717501,4.0
7814,2706281,4.0
4703,2716688,4.0
1418,2722729,4.0
41190,2717457,4.0
28637,2712346,4.0
7897,2710618,4.0
22664,2722396,4.0
20465,2715181,4.0
12675,2695314,4.0
19749,2726236,4.0
24056,2699859,4.0
21453,2698441,4.0
3917,2708235,4.0
33705,2718664,4.0
3950,2725180,4.0
12742,2717312,4.0
3287,2699772,4.0
7209,2724025,4.0
19699,2725163,4.0
2197,2731551,4.0
34378,2722674,4.0
18484,2715205,4.0
19749,2722811,4.0
22871,2731285,4.0
38973,2711837,4.0
21535,2711723,4.0
18419,2698427,4.0
31111,2730164,4.0
2991,2703367,4.0
11002,2707757,4.0
20002,2717696,4.0
21979,2709443,4.0
3917,2718066,4.0
10430,2703015,4.0
10185,2703897,4.0
2489,2725118,4.0
42324,2727636,4.0
18966,2726216,4.0
9089,2699774,4.0
11273,2705877,4.0
39503,2718061,4.0
2778,2714774,4.0
10024,2711998,4.0
2390,2705318,4.0
8383,2698213,4.0
7316,2697283,4.0
16104,2706026,4.0
7210,2702443,4.0
7272,2716677,4.0
4009,2699901,4.0
2826,2699752,4.0
11451,2710618,4.0
35795,2715344,4.0
15871,2713332,4.0
18776,2722689,4.0
7830,2726731,4.0
31371,2718169,4.0
1418,2728498,4.0
23,2721205,4.0
22668,2711687,4.0
12739,2707657,4.0
1295,2727243,4.0
19699,2713038,4.0
3917,2696212,4.0
36685,2714161,4.0
19656,2712120,4.0
2197,2729063,4.0
7934,2698067,4.0
27163,2708116,4.0
12182,2683377,4.0
6402,2701750,4.0
8871,2709506,4.0
11387,2703017,4.0
2585,2711248,4.0
1418,2724381,4.0
2991,2701809,4.0
9495,2692457,4.0
3003,2717364,4.0
47773,2722607,4.0
28988,2708960,4.0
9205,2718091,4.0
945,2696289,4.0
16238,2716078,4.0
40094,2713974,4.0
40001,2723475,4.0
4985,2705316,4.0
18308,2725799,4.0
37803,2721653,4.0
25237,2700904,4.0
25743,2713340,4.0
1295,2718205,4.0
17462,2725642,4.0
9495,2719954,4.0
7272,2735652,4.0
10264,2723027,4.0
10159,2707475,4.0
23130,2707366,4.0
39858,2726168,4.0
3917,2708856,4.0
2396,2685738,4.0
31690,2726326,4.0
22269,2714295,4.0
6307,2697287,4.0
2197,2731087,4.0
25,2723071,4.0
25562,2715113,4.0
945,2721876,4.0
30,2726639,4.0
10165,2693991,4.0
5759,2701977,4.0
7241,2707584,4.0
11002,2719318,4.0
2658,2716810,4.0
30,2725321,4.0
35213,2724194,4.0
6373,2699484,4.0
8637,2729538,4.0
12329,2708595,4.0
4983,2698657,4.0
4501,2687090,4.0
6789,2728099,4.0
30,2729992,4.0
1399,2712351,4.0
24837,2711400,4.0
19494,2713697,4.0
834,2732112,4.0
36466,2716537,4.0
6330,2729280,4.0
2819,2734802,4.0
23483,2730319,4.0
39855,2721547,4.0
19632,2729383,4.0
744,2704264,4.0
25502,2718601,4.0
1158,2698811,4.0
32955,2714719,4.0
7910,2727289,4.0
26834,2710581,4.0
1430,2712359,4.0
2197,2736115,4.0
25,2724165,4.0
744,2706506,4.0
21491,2698677,4.0
17245,2728435,4.0
19494,2720606,4.0
12827,2712190,4.0
6307,2681545,4.0
20028,2700109,4.0
18308,2727964,4.0
21518,2713545,4.0
2197,2720727,4.0
3411,2724135,4.0
10264,2711456,4.0
43353,2720955,4.0
696,2718449,4.0
834,2715093,4.0
2197,2720920,4.0
33193,2715882,4.0
39855,2723195,4.0
34260,2723664,4.0
7209,2726808,4.0
22967,2701309,4.0
696,2716356,4.0
6215,2706694,4.0
43257,2728146,4.0
5119,2695902,4.0
20275,2721052,4.0
2988,2724850,4.0
1379,2717305,4.0
1430,2712411,4.0
15871,2705899,4.0
5292,2703769,4.0
21203,2714450,4.0
21729,2702678,4.0
12208,2722661,4.0
41693,2722239,4.0
11359,2686847,4.0
18966,2732599,4.0
8534,2717981,4.0
10880,2709193,4.0
2778,2696295,4.0
834,2718125,4.0
21,2718914,4.0
11002,2722937,4.0
32117,2719589,4.0
4961,2717285,4.0
34151,2712417,4.0
20797,2716517,4.0
834,2715816,4.0
39093,2720921,4.0
18857,2700703,4.0
7479,2691712,4.0
38359,2697983,4.0
2882,2713070,4.0
1652,2735867,4.0
39503,2723228,4.0
39980,2717205,4.0
25354,2702000,4.0
27163,2719715,4.0
2847,2715090,4.0
10508,2706831,4.0
29046,2707792,4.0
33646,2719181,4.0
25480,2714224,4.0
17113,2726890,4.0
8063,2715566,4.0
2197,2703129,4.0
6447,2700738,4.0
1228,2699051,4.0
30,2712005,4.0
3624,2729200,4.0
41738,2697973,4.0
1158,2707022,4.0
27661,2718452,4.0
11027,2707168,4.0
7331,2735684,4.0
1255,2724696,4.0
3003,2723321,4.0
1634,2714053,4.0
39838,2729611,4.0
38780,2717215,4.0
5119,2723598,4.0
6054,2703530,4.0
8074,2720606,4.0
11002,2710493,4.0
11127,2703034,4.0
6373,2717060,4.0
2902,2694710,4.0
43477,2719185,4.0
23978,2706054,4.0
1967,2709214,4.0
12191,2703348,4.0
9089,2717942,4.0
16243,2714639,4.0
22940,2703448,4.0
40050,2711711,4.0
8637,2687700,4.0
1522,2696014,4.0
18697,2720375,4.0
14375,2705108,4.0
24436,2709502,4.0
31519,2701043,4.0
40050,2715795,4.0
10865,2720679,4.0
16110,2699323,4.0
30,2711034,4.0
14292,2711699,4.0
30,2709421,4.0
33736,2723054,4.0
10333,2718892,4.0
23135,2734220,4.0
22668,2704675,4.0
9856,2709693,4.0
16226,2714891,4.0
1430,2716837,4.0
10995,2709664,4.0
36382,2728763,4.0
7586,2707419,4.0
28611,2718123,4.0
1295,2709610,4.0
25080,2711665,4.0
6789,2703868,4.0
28764,2717677,4.0
1418,2719234,4.0
11002,2698813,4.0
19907,2714459,4.0
3387,2705056,4.0
6622,2688363,4.0
1295,2716130,4.0
8534,2715272,4.0
19749,2715181,4.0
9495,2724421,4.0
29268,2718452,4.0
3917,2703082,4.0
21729,2713171,4.0
1645,2688654,4.0
1418,2712109,4.0
23978,2718549,4.0
1829,2696240,4.0
22235,2709598,4.0
21680,2707840,4.0
2197,2712806,4.0
28129,2706655,4.0
9675,2704666,4.0
19017,2702114,4.0
27677,2714999,4.0
4624,2691831,4.0
23401,2714660,4.0
26509,2710617,4.0
8086,2693883,4.0
4624,2714773,4.0
46944,2734521,4.0
22757,2707801,4.0
22059,2725971,4.0
8217,2716810,4.0
11127,2714903,4.0
43519,2714382,4.0
15729,2723296,4.0
2585,2688874,4.0
46530,2731380,4.0
41190,2724305,4.0
696,2738078,4.0
6328,2704162,4.0
11330,2702016,4.0
34699,2719308,4.0
2197,2717332,4.0
30,2718416,4.0
1285,2723607,4.0
396,2704483,4.0
27186,2713668,4.0
22235,2702030,4.0
1418,2713683,4.0
1335,2684138,4.0
26741,2717340,4.0
1430,2713072,4.0
7773,2709456,4.0
46059,2733183,4.0
1295,2727359,4.0
3455,2705219,4.0
36780,2717799,4.0
1255,2700962,4.0
19769,2700756,4.0
696,2716686,4.0
7851,2706552,4.0
6004,2704642,4.0
696,2699873,4.0
6373,2732179,4.0
9081,2708181,4.0
18296,2733089,4.0
16290,2711219,4.0
27356,2713962,4.0
18966,2712644,4.0
498,2703538,4.0
5497,2713843,4.0
21,2712721,4.0
17922,2730930,4.0
4964,2720127,4.0
11758,2736282,4.0
48716,2729632,4.0
17035,2712699,4.0
2778,2712867,4.0
42870,2732875,4.0
19494,2716367,4.0
19279,2696616,4.0
31612,2715851,4.0
16290,2726679,4.0
2593,2698116,4.0
22897,2686873,4.0
4312,2711727,4.0
9495,2705504,4.0
49467,2735123,4.0
18167,2700840,4.0
11889,2733955,4.0
43307,2717551,4.0
17247,2729325,4.0
23224,2696672,4.0
1660,2717203,4.0
16104,2712280,4.0
9945,2689136,4.0
18167,2707827,4.0
11352,2713115,4.0
7807,2733164,4.0
43064,2717995,4.0
834,2729999,4.0
26702,2718346,4.0
26134,2708059,4.0
18704,2714356,4.0
20647,2727255,4.0
23452,2697990,4.0
24849,2717858,4.0
10664,2707289,4.0
19749,2713107,4.0
15590,2713587,4.0
9089,2714204,4.0
2197,2722666,4.0
33705,2726406,4.0
16009,2715628,4.0
7897,2722125,4.0
31111,2708743,4.0
39503,2728391,4.0
11002,2712103,4.0
498,2719649,4.0
62,2729549,4.0
30092,2719895,4.0
2197,2720112,4.0
43026,2724205,4.0
12579,2697115,4.0
9081,2717406,4.0
5650,2700946,4.0
15590,2711362,4.0
8217,2720665,4.0
10024,2719338,4.0
13957,2713283,4.0
2197,2716562,4.0
2988,2713654,4.0
39533,2721930,4.0
12827,2712251,4.0
15051,2728869,4.0
45867,2732266,4.0
16243,2729287,4.0
8534,2713526,4.0
46988,2720103,4.0
10880,2681567,4.0
62,2696256,4.0
16244,2727178,4.0
22429,2713986,4.0
1660,2723210,4.0
1706,2727075,4.0
31331,2710571,4.0
33705,2724198,4.0
7665,2702076,4.0
11002,2710450,4.0
1706,2714396,4.0
48374,2734594,4.0
7241,2734418,4.0
7405,2707494,4.0
39445,2721050,4.0
2939,2716008,4.0
25251,2730892,4.0
27356,2717991,4.0
5759,2694845,4.0
26427,2711357,4.0
31111,2717047,4.0
11435,2737045,4.0
25069,2717321,4.0
30,2708342,4.0
28940,2714664,4.0
1683,2708273,4.0
6640,2720873,4.0
18396,2693971,4.0
6536,2695936,4.0
1418,2712236,4.0
16191,2711071,4.0
9506,2720790,4.0
11803,2702018,4.0
22554,2689379,4.0
11002,2709159,4.0
43265,2716457,4.0
15576,2703410,4.0
10342,2700337,4.0
77,2704615,4.0
7830,2711184,4.0
696,2733781,4.0
8074,2716363,4.0
17739,2713949,4.0
6261,2695824,4.0
11002,2702641,4.0
31157,2713238,4.0
14609,2697513,4.0
696,2709538,4.0
25069,2710697,4.0
19256,2701968,4.0
1893,2702930,4.0
22232,2696878,4.0
25439,2704947,4.0
10842,2693966,4.0
8826,2708442,4.0
48856,2734169,4.0
1522,2697264,4.0
19017,2704368,4.0
37663,2725639,4.0
9506,2722799,4.0
25562,2706646,4.0
17232,2707453,4.0
7011,2725694,4.0
2197,2711281,4.0
14840,2713775,4.0
7830,2712893,4.0
46988,2724197,4.0
5241,2726365,4.0
1418,2726705,4.0
21237,2706772,4.0
21402,2696822,4.0
29463,2715534,4.0
26885,2707600,4.0
10880,2696851,4.0
7568,2721529,4.0
47658,2732961,4.0
8106,2729455,4.0
834,2688464,4.0
2197,2709061,4.0
2502,2694568,4.0
3003,2708607,4.0
16269,2713239,4.0
7814,2715649,4.0
19749,2722811,4.0
37870,2712417,4.0
46988,2729765,4.0
12149,2702978,4.0
39445,2717481,4.0
7897,2702110,4.0
10314,2697510,4.0
24849,2717887,4.0
14081,2704283,4.0
39838,2729584,4.0
7347,2702962,4.0
28828,2716948,4.0
12572,2709213,4.0
1967,2700618,4.0
16169,2697463,4.0
935,2712836,4.0
29347,2720827,4.0
39830,2712931,4.0
14292,2697138,4.0
2658,2725078,4.0
29654,2719413,4.0
1158,2710215,4.0
45409,2724852,4.0
22877,2708464,4.0
30,2714581,4.0
35514,2720151,4.0
6260,2716974,4.0
3948,2730067,4.0
22235,2727143,4.0
16450,2720842,4.0
19699,2703886,4.0
14609,2693562,4.0
30901,2706866,4.0
14303,2713018,4.0
7890,2706679,4.0
17536,2710559,4.0
10183,2699903,4.0
11002,2708365,4.0
38068,2701960,4.0
42870,2720665,4.0
11002,2714828,4.0
2695,2690038,4.0
25,2723129,4.0
15590,2720122,4.0
18676,2728100,4.0
24613,2718481,4.0
1399,2712018,4.0
20013,2724930,4.0
2257,2712749,4.0
39855,2708858,4.0
1508,2696696,4.0
13043,2718598,4.0
19494,2719688,4.0
20033,2720131,4.0
18484,2708928,4.0
28784,2707350,4.0
11002,2701278,4.0
30450,2710610,4.0
7719,2720439,4.0
16573,2728766,4.0
7719,2717876,4.0
4918,2697661,4.0
22668,2710956,4.0
29430,2718119,4.0
17758,2709324,4.0
17848,2716644,4.0
43439,2727163,4.0
3917,2707659,4.0
28637,2720085,4.0
1660,2705058,4.0
9205,2725711,4.0
21289,2716744,4.0
7830,2720736,4.0
22668,2708656,4.0
9495,2701068,4.0
40050,2715758,4.0
34051,2721122,4.0
23130,2707372,4.0
779,2693537,4.0
8383,2730137,4.0
12862,2710103,4.0
7807,2732930,4.0
17464,2716457,4.0
8074,2713697,4.0
15590,2715459,4.0
10159,2713370,4.0
3562,2704792,4.0
180,2706489,4.0
13873,2692702,4.0
11667,2698791,4.0
7990,2704825,4.0
41782,2725496,4.0
8551,2734510,4.0
3876,2705557,4.0
17143,2697743,4.0
1295,2725800,4.0
3428,2694440,4.0
4540,2717904,4.0
62,2705317,4.0
25194,2715930,4.0
2878,2705175,4.0
915,2706096,4.0
30,2724924,4.0
498,2716882,4.0
834,2723822,4.0
43900,2723572,4.0
39830,2721951,4.0
31152,2710763,4.0
776,2705545,4.0
41305,2719321,4.0
3917,2703192,4.0
1706,2714791,4.0
12289,2699855,4.0
17755,2711007,4.0
19425,2698501,4.0
6789,2713540,4.0
8074,2723648,4.0
4137,2707182,4.0
5292,2703351,4.0
19632,2729298,4.0
3917,2698180,4.0
10473,2709745,4.0
8454,2718388,4.0
40001,2729266,4.0
16632,2708091,4.0
1295,2691863,4.0
5345,2681561,4.0
19552,2718066,4.0
20202,2714598,4.0
15101,2729123,4.0
41693,2722004,4.0
26262,2716214,4.0
22997,2702114,4.0
1418,2712075,4.0
2858,2697333,4.0
41233,2728721,4.0
7503,2706285,4.0
3917,2708855,4.0
6373,2712715,4.0
498,2718234,4.0
186,2696816,4.0
3768,2710297,4.0
1840,2686516,4.0
25,2718171,4.0
20053,2699379,4.0
26417,2708617,4.0
37128,2725998,4.0
34596,2723302,4.0
8534,2703356,4.0
16857,2712986,4.0
45545,2730002,4.0
15331,2705504,4.0
25052,2713747,4.0
45314,2729710,4.0
4312,2707756,4.0
17905,2719235,4.0
7643,2691774,4.0
21322,2697443,4.0
5433,2692224,4.0
31308,2715600,4.0
62,2718153,4.0
23395,2698769,4.0
7773,2707562,4.0
5970,2704381,4.0
46252,2731203,4.0
20013,2706692,4.0
7809,2689295,4.0
6093,2688717,4.0
802,2711095,4.0
38923,2716810,4.0
696,2716770,4.0
26509,2724663,4.0
5497,2712838,4.0
13071,2720836,4.0
2368,2704363,4.0
31814,2719627,4.0
3375,2722862,4.0
7241,2705481,4.0
8447,2736124,4.0
22668,2705876,4.0
6012,2715889,4.0
43519,2716186,4.0
31698,2719416,4.0
12850,2716896,4.0
27356,2718454,4.0
23833,2701068,4.0
21255,2717319,4.0
16412,2711854,4.0
7209,2732393,4.0
2120,2696892,4.0
27226,2733009,4.0
18966,2716029,4.0
4315,2728982,4.0
25052,2701078,4.0
45814,2722955,4.0
41693,2719407,4.0
30,2718267,4.0
15839,2715448,4.0
7788,2693643,4.0
1255,2725162,4.0
19984,2720978,4.0
6260,2727998,4.0
802,2701735,4.0
29032,2717106,4.0
6012,2730112,4.0
25704,2686869,4.0
3696,2713557,4.0
21453,2708380,4.0
1561,2706359,4.0
4985,2720124,4.0
11127,2703272,4.0
16290,2705092,4.0
20465,2712612,4.0
10027,2716560,4.0
22512,2720604,4.0
6536,2692440,4.0
2069,2695102,4.0
1217,2688424,4.0
22897,2713936,4.0
3499,2725849,4.0
508,2700899,4.0
17499,2727925,4.0
21,2706696,4.0
5292,2717433,4.0
45814,2732026,4.0
16055,2719503,4.0
62,2707471,4.0
696,2713500,4.0
6533,2704306,4.0
8396,2707764,4.0
30178,2713740,4.0
2197,2722520,4.0
14594,2705873,4.0
27521,2718418,4.0
3447,2717600,4.0
8871,2697181,4.0
22394,2716292,4.0
6260,2734981,4.0
26509,2717519,4.0
2197,2728288,4.0
62,2706879,4.0
13919,2719212,4.0
7106,2719966,4.0
34260,2721936,4.0
12645,2718374,4.0
18484,2706540,4.0
17848,2716685,4.0
439,2700919,4.0
14303,2701151,4.0
18677,2712289,4.0
12053,2712883,4.0
23224,2707142,4.0
29463,2715604,4.0
935,2714712,4.0
11359,2706247,4.0
33838,2713252,4.0
27521,2712271,4.0
23490,2715284,4.0
30092,2715450,4.0
1418,2714471,4.0
6840,2720994,4.0
26322,2693023,4.0
13533,2718110,4.0
4769,2719340,4.0
3917,2734694,4.0
35133,2717542,4.0
21203,2708656,4.0
12166,2701696,4.0
9623,2734694,4.0
43519,2718453,4.0
38488,2709738,4.0
43868,2727470,4.0
39838,2724773,4.0
45320,2732478,4.0
17247,2732676,4.0
1295,2699750,4.0
23042,2715005,4.0
11127,2714953,4.0
38359,2697986,4.0
16381,2716631,4.0
8447,2704245,4.0
10787,2713558,4.0
3003,2722968,4.0
5497,2711638,4.0
26340,2718835,4.0
41791,2715485,4.0
1295,2717633,4.0
8144,2721929,4.0
21608,2716096,4.0
41693,2721062,4.0
21465,2713584,4.0
18966,2709333,4.0
11002,2699909,4.0
2197,2728702,4.0
28619,2719438,4.0
9205,2730430,4.0
25743,2718452,4.0
15137,2728524,4.0
1,2686889,4.0
31161,2713740,4.0
6161,2693454,4.0
7177,2710886,4.0
26134,2717571,4.0
1418,2709264,4.0
10680,2706495,4.0
8074,2701299,4.0
12208,2720043,4.0
12044,2702913,4.0
14024,2724961,4.0
30,2703617,4.0
77,2690448,4.0
16766,2714571,4.0
31040,2713631,4.0
7331,2735570,4.0
44991,2723210,4.0
31860,2718397,4.0
45296,2726186,4.0
34622,2725983,4.0
2254,2705038,4.0
38966,2726573,4.0
40297,2718732,4.0
31331,2719057,4.0
18376,2703781,4.0
8383,2683938,4.0
13346,2716098,4.0
3917,2707328,4.0
696,2715269,4.0
31882,2707968,4.0
16409,2714194,4.0
3424,2734169,4.0
27226,2711742,4.0
2955,2720367,4.0
3791,2710559,4.0
17411,2710669,4.0
35925,2719519,4.0
834,2721895,4.0
31741,2719195,4.0
1295,2720965,4.0
28556,2716810,4.0
26554,2701986,4.0
20465,2695406,4.0
11002,2703920,4.0
19699,2698132,4.0
41791,2724152,4.0
3917,2725619,4.0
5650,2689661,4.0
18880,2710715,4.0
7210,2729119,4.0
45409,2725971,4.0
7206,2704965,4.0
11211,2711252,4.0
756,2705620,4.0
2197,2735546,4.0
32895,2718957,4.0
43152,2723073,4.0
23130,2716509,4.0
8447,2706384,4.0
18833,2704124,4.0
9205,2728960,4.0
6728,2704931,4.0
39503,2708227,4.0
5959,2687832,4.0
1408,2706037,4.0
22232,2727211,4.0
18859,2705992,4.0
7316,2705883,4.0
18859,2710196,4.0
1295,2724606,4.0
18376,2717469,4.0
33646,2709647,4.0
25194,2707023,4.0
36685,2714511,4.0
11874,2732504,4.0
21979,2718218,4.0
31690,2719068,4.0
13043,2718579,4.0
193,2732143,4.0
12746,2688762,4.0
8995,2706460,4.0
1968,2701735,4.0
4540,2706368,4.0
19038,2731877,4.0
1967,2714591,4.0
38870,2717875,4.0
17143,2709481,4.0
30453,2721473,4.0
15101,2707078,4.0
13919,2723176,4.0
19279,2719495,4.0
1703,2679396,4.0
7211,2714094,4.0
30,2727430,4.0
19916,2714834,4.0
43353,2727030,4.0
30,2722308,4.0
9184,2701068,4.0
24483,2717844,4.0
19822,2706594,4.0
46546,2732255,4.0
23437,2728054,4.0
40050,2706666,4.0
29396,2717312,4.0
10027,2716565,4.0
16169,2694069,4.0
62,2715385,4.0
21,2707675,4.0
1295,2718544,4.0
31698,2719567,4.0
10536,2698827,4.0
44853,2718042,4.0
33911,2714519,4.0
45864,2718042,4.0
22105,2734459,4.0
9975,2691383,4.0
977,2712704,4.0
15975,2712623,4.0
47063,2728173,4.0
16450,2706999,4.0
1418,2701326,4.0
30,2710222,4.0
42324,2714754,4.0
834,2736207,4.0
16722,2711739,4.0
834,2728217,4.0
10508,2715848,4.0
14609,2692386,4.0
22668,2703466,4.0
6533,2707082,4.0
2197,2730783,4.0
2991,2701726,4.0
24930,2714420,4.0
17143,2721001,4.0
33719,2703341,4.0
3221,2704277,4.0
16424,2721293,4.0
29727,2720129,4.0
33705,2726247,4.0
1295,2723889,4.0
11667,2692911,4.0
3680,2717238,4.0
2197,2730395,4.0
6584,2702379,4.0
22940,2721593,4.0
8383,2697988,4.0
21680,2705682,4.0
7830,2716329,4.0
11435,2721315,4.0
40878,2724492,4.0
26554,2707613,4.0
16573,2711185,4.0
5571,2733631,4.0
8726,2695908,4.0
18572,2709825,4.0
7586,2707372,4.0
32607,2709788,4.0
28619,2720760,4.0
24483,2717881,4.0
6373,2727579,4.0
2778,2726340,4.0
12191,2708415,4.0
5650,2702619,4.0
8106,2709242,4.0
6536,2694614,4.0
38966,2726430,4.0
29727,2716740,4.0
8658,2690964,4.0
3236,2702657,4.0
3463,2717011,4.0
39693,2713060,4.0
10680,2704841,4.0
19699,2730301,4.0
14840,2705494,4.0
3221,2688520,4.0
17816,2727203,4.0
35886,2719950,4.0
8529,2721373,4.0
35469,2723372,4.0
34574,2719743,4.0
696,2722450,4.0
19074,2729153,4.0
25743,2715864,4.0
43548,2715138,4.0
24314,2698222,4.0
3571,2730155,4.0
14277,2707207,4.0
26439,2711377,4.0
22799,2710377,4.0
6373,2732366,4.0
834,2725865,4.0
20924,2712104,4.0
8487,2728882,4.0
16564,2696016,4.0
12642,2709510,4.0
10430,2695876,4.0
20033,2731063,4.0
29400,2707625,4.0
834,2723950,4.0
10027,2704529,4.0
19017,2696675,4.0
14840,2707261,4.0
19506,2705385,4.0
35060,2714728,4.0
2193,2728580,4.0
29449,2722745,4.0
23,2721200,4.0
2612,2688095,4.0
15052,2712291,4.0
1835,2697067,4.0
19632,2728297,4.0
18966,2708705,4.0
11127,2727244,4.0
8337,2717628,4.0
19699,2705723,4.0
7830,2719119,4.0
3227,2705575,4.0
48195,2726865,4.0
15052,2709458,4.0
8074,2713699,4.0
7241,2698942,4.0
5132,2728644,4.0
166,2706542,4.0
1258,2688492,4.0
23978,2715525,4.0
37595,2723786,4.0
7331,2735689,4.0
21680,2708030,4.0
17863,2715636,4.0
28637,2719339,4.0
19279,2715972,4.0
2368,2695873,4.0
4978,2714673,4.0
15052,2713739,4.0
26509,2717447,4.0
5759,2695608,4.0
19079,2725078,4.0
25194,2705850,4.0
15757,2721732,4.0
28940,2718042,4.0
834,2725460,4.0
1811,2707402,4.0
3003,2691518,4.0
16104,2695127,4.0
5759,2694953,4.0
22854,2716850,4.0
5083,2710534,4.0
32842,2704807,4.0
23135,2726581,4.0
696,2709501,4.0
11479,2703934,4.0
37081,2719497,4.0
30,2711760,4.0
10264,2722862,4.0
8637,2718191,4.0
11055,2723256,4.0
12006,2702930,4.0
1418,2704472,4.0
7406,2722989,4.0
39503,2720441,4.0
29046,2721298,4.0
12850,2711344,4.0
46184,2723129,4.0
8726,2705496,4.0
10473,2707236,4.0
32955,2717398,4.0
166,2717971,4.0
4501,2692461,4.0
16424,2712351,4.0
11002,2732391,4.0
9081,2708203,4.0
7830,2720205,4.0
24478,2726772,4.0
7830,2725657,4.0
45409,2730984,4.0
22467,2720121,4.0
3948,2711346,4.0
6373,2720188,4.0
62,2721606,4.0
7830,2722696,4.0
20924,2714335,4.0
3769,2707100,4.0
22830,2712496,4.0
6012,2717463,4.0
19749,2702650,4.0
2396,2687825,4.0
26013,2712233,4.0
20509,2711345,4.0
12587,2705518,4.0
25704,2717284,4.0
11741,2709477,4.0
41693,2713668,4.0
2197,2726736,4.0
5497,2690560,4.0
26509,2715530,4.0
23401,2722677,4.0
38923,2725095,4.0
43548,2718835,4.0
27184,2713890,4.0
16450,2723752,4.0
10473,2703838,4.0
30260,2708499,4.0
1552,2705434,4.0
2991,2721884,4.0
17584,2721912,4.0
16450,2720365,4.0
16676,2709922,4.0
15160,2705477,4.0
34260,2714522,4.0
7807,2704982,4.0
27012,2714915,4.0
7503,2724290,4.0
23066,2709460,4.0
36770,2712733,4.0
3411,2704362,4.0
2878,2710736,4.0
10314,2698131,4.0
1295,2730971,4.0
4560,2703928,4.0
6394,2728603,4.0
28702,2713475,4.0
48397,2725757,4.0
1379,2717453,4.0
37467,2718875,4.0
7554,2697227,4.0
33193,2715863,4.0
14481,2713811,4.0
9317,2731797,4.0
7586,2709682,4.0
18545,2710589,4.0
10264,2721143,4.0
40050,2719946,4.0
1418,2705201,4.0
21729,2702665,4.0
7910,2707107,4.0
3003,2713936,4.0
696,2716776,4.0
19699,2720156,4.0
21813,2715430,4.0
1689,2707340,4.0
16691,2728552,4.0
17863,2714955,4.0
24062,2711639,4.0
18966,2708642,4.0
7974,2693824,4.0
4698,2710612,4.0
26509,2715495,4.0
1660,2719263,4.0
2197,2710858,4.0
38966,2726363,4.0
29046,2721672,4.0
26470,2710216,4.0
877,2692947,4.0
15397,2713354,4.0
9317,2719420,4.0
20275,2703340,4.0
32758,2720285,4.0
3917,2718041,4.0
1967,2700756,4.0
7280,2708954,4.0
11414,2704918,4.0
6330,2717430,4.0
3653,2719685,4.0
11777,2707715,4.0
4560,2717276,4.0
33725,2721563,4.0
5759,2705217,4.0
27274,2707097,4.0
3923,2722282,4.0
14594,2710375,4.0
40474,2718811,4.0
7897,2720973,4.0
1661,2695579,4.0
39533,2726180,4.0
2197,2705883,4.0
3874,2697256,4.0
17863,2683873,4.0
22956,2714820,4.0
22270,2707983,4.0
21,2714630,4.0
1258,2696288,4.0
186,2706469,4.0
16104,2730255,4.0
21,2723822,4.0
696,2711385,4.0
1399,2700592,4.0
44715,2730142,4.0
2197,2711229,4.0
15899,2725571,4.0
33243,2720039,4.0
17787,2681586,4.0
11430,2707493,4.0
3375,2723458,4.0
16534,2730840,4.0
2489,2701313,4.0
6388,2703838,4.0
34151,2708996,4.0
12484,2686885,4.0
62,2717383,4.0
1206,2703380,4.0
18966,2725165,4.0
2197,2734244,4.0
3917,2729285,4.0
35211,2710336,4.0
2066,2716810,4.0
18376,2729502,4.0
15883,2719974,4.0
3791,2729538,4.0
1295,2710051,4.0
3375,2714799,4.0
696,2710538,4.0
30599,2713963,4.0
779,2688520,4.0
18966,2713057,4.0
43825,2715620,4.0
6622,2707247,4.0
34378,2723133,4.0
38438,2723768,4.0
1423,2704286,4.0
45867,2731812,4.0
3205,2703261,4.0
46242,2714930,4.0
13137,2732371,4.0
11002,2698813,4.0
8995,2696803,4.0
28129,2706728,4.0
17763,2709093,4.0
47114,2734754,4.0
46852,2725442,4.0
8539,2715114,4.0
47773,2733028,4.0
35213,2724415,4.0
16104,2704846,4.0
18214,2713244,4.0
3447,2692044,4.0
18484,2723069,4.0
32089,2715837,4.0
27274,2706054,4.0
10787,2713780,4.0
3917,2711263,4.0
10264,2708254,4.0
11002,2735256,4.0
742,2701906,4.0
25377,2717199,4.0
19593,2705431,4.0
18688,2716868,4.0
14378,2708731,4.0
21936,2713699,4.0
13401,2703427,4.0
11803,2719152,4.0
2236,2706623,4.0
26509,2705361,4.0
29584,2720062,4.0
31040,2711943,4.0
744,2724835,4.0
39122,2720789,4.0
62,2714719,4.0
41065,2725269,4.0
761,2698691,4.0
17113,2729253,4.0
38354,2724943,4.0
406,2702502,4.0
21,2724531,4.0
47799,2732869,4.0
5144,2695845,4.0
35504,2707629,4.0
4052,2704164,4.0
32607,2720927,4.0
7830,2719846,4.0
15329,2711637,4.0
6545,2701970,4.0
17588,2696340,4.0
3635,2693958,4.0
42210,2714891,4.0
26509,2711220,4.0
8705,2724760,4.0
17846,2712992,4.0
24930,2718015,4.0
16104,2719088,4.0
2778,2722518,4.0
17669,2734989,4.0
1158,2726844,4.0
1968,2710216,4.0
3917,2699726,4.0
29078,2717192,4.0
1418,2699865,4.0
15590,2722953,4.0
2254,2724140,4.0
16100,2715248,4.0
14430,2721123,4.0
30,2720585,4.0
11808,2707088,4.0
10769,2706532,4.0
22549,2714259,4.0
40001,2728313,4.0
8075,2695652,4.0
39503,2724278,4.0
18677,2730996,4.0
13404,2720974,4.0
9876,2726721,4.0
298,2702204,4.0
1188,2698449,4.0
18422,2714231,4.0
23074,2705057,4.0
696,2718141,4.0
16417,2729056,4.0
39533,2728531,4.0
25,2714859,4.0
696,2723018,4.0
35189,2706667,4.0
3295,2729784,4.0
10784,2705880,4.0
3446,2694926,4.0
10784,2710607,4.0
23197,2710633,4.0
2778,2729689,4.0
19984,2725514,4.0
19699,2719128,4.0
7406,2717236,4.0
37460,2729718,4.0
7241,2723538,4.0
30,2725336,4.0
14954,2716634,4.0
2197,2734247,4.0
8648,2707303,4.0
31111,2719399,4.0
43900,2722858,4.0
23130,2716506,4.0
14981,2707089,4.0
2449,2686881,4.0
18772,2720761,4.0
935,2711794,4.0
7530,2709540,4.0
4576,2679460,4.0
696,2702878,4.0
21237,2722597,4.0
6619,2706187,4.0
23169,2704315,4.0
25194,2708116,4.0
817,2698834,4.0
10333,2713563,4.0
18262,2697358,4.0
48079,2734329,4.0
776,2710258,4.0
8141,2715012,4.0
25516,2717056,4.0
16104,2705424,4.0
7807,2702930,4.0
193,2706087,4.0
3871,2702310,4.0
10473,2707248,4.0
2991,2705151,4.0
5970,2697933,4.0
12447,2702899,4.0
5759,2696278,4.0
24314,2697980,4.0
116,2708291,4.0
36770,2716812,4.0
16343,2713709,4.0
2885,2719036,4.0
16374,2727614,4.0
26088,2716203,4.0
29907,2720663,4.0
39927,2696056,4.0
11027,2706235,4.0
2257,2734140,4.0
8288,2727576,4.0
2197,2730333,4.0
508,2717998,4.0
22757,2735783,4.0
20013,2705184,4.0
15143,2707005,4.0
8217,2719408,4.0
22940,2718555,4.0
18966,2708366,4.0
3950,2703998,4.0
19066,2731878,4.0
18392,2702733,4.0
10185,2689042,4.0
696,2705928,4.0
11195,2703261,4.0
2885,2705873,4.0
41037,2729211,4.0
19279,2714309,4.0
696,2718631,4.0
41693,2727317,4.0
19552,2714822,4.0
21936,2721348,4.0
121,2714409,4.0
36471,2723594,4.0
40105,2721612,4.0
24381,2710792,4.0
2197,2702577,4.0
6789,2705488,4.0
7568,2722895,4.0
36685,2719953,4.0
1706,2730433,4.0
11430,2707323,4.0
35514,2716220,4.0
12484,2700227,4.0
21,2708855,4.0
45314,2714948,4.0
25516,2718470,4.0
25161,2723678,4.0
8469,2726961,4.0
23206,2700855,4.0
13189,2719990,4.0
2197,2734254,4.0
17592,2713500,4.0
26417,2711098,4.0
3917,2715380,4.0
1295,2706497,4.0
2489,2729405,4.0
23880,2715628,4.0
32117,2719435,4.0
2197,2727176,4.0
18880,2706660,4.0
3424,2695134,4.0
5970,2699847,4.0
6093,2699864,4.0
2197,2735387,4.0
3375,2712575,4.0
6728,2707691,4.0
10107,2717356,4.0
48499,2735143,4.0
18966,2716836,4.0
23978,2715509,4.0
12850,2707092,4.0
1295,2705519,4.0
18966,2734799,4.0
24930,2733240,4.0
39927,2716830,4.0
2257,2706039,4.0
28940,2717395,4.0
18900,2709129,4.0
43519,2718888,4.0
3696,2711983,4.0
17923,2727774,4.0
24837,2702039,4.0
22897,2705075,4.0
15541,2711158,4.0
30,2728051,4.0
30,2726334,4.0
47799,2732526,4.0
41037,2727342,4.0
3917,2703102,4.0
53,2713340,4.0
20869,2708417,4.0
17787,2706402,4.0
16104,2708287,4.0
17758,2702962,4.0
889,2717522,4.0
46988,2731390,4.0
23455,2702906,4.0
19562,2710776,4.0
1295,2724772,4.0
4703,2729494,4.0
11273,2705207,4.0
7054,2705056,4.0
6187,2723449,4.0
834,2729480,4.0
5144,2685878,4.0
18677,2715851,4.0
4769,2707840,4.0
33705,2725807,4.0
18836,2712835,4.0
15757,2727969,4.0
35514,2720153,4.0
4793,2692520,4.0
33004,2704841,4.0
48336,2731587,4.0
31539,2711725,4.0
16191,2712747,4.0
13067,2708930,4.0
25194,2708002,4.0
18859,2726087,4.0
834,2704199,4.0
1848,2691929,4.0
9265,2716810,4.0
25388,2725279,4.0
45296,2724031,4.0
1994,2713123,4.0
258,2705211,4.0
35060,2715863,4.0
8534,2702026,4.0
48133,2721927,4.0
5628,2706809,4.0
17247,2729343,4.0
7645,2712137,4.0
26888,2716810,4.0
7459,2701294,4.0
2495,2711165,4.0
11002,2708413,4.0
6447,2698627,4.0
833,2701671,4.0
11002,2732869,4.0
12497,2705556,4.0
38923,2725084,4.0
12208,2696337,4.0
27484,2723338,4.0
696,2716740,4.0
39093,2726676,4.0
22200,2719857,4.0
16064,2692081,4.0
23770,2707322,4.0
29032,2717591,4.0
15975,2712834,4.0
8074,2719685,4.0
6260,2715127,4.0
7316,2704656,4.0
39855,2723263,4.0
2910,2722686,4.0
9089,2712105,4.0
21275,2696549,4.0
20002,2726076,4.0
11127,2709659,4.0
742,2703210,4.0
44985,2731631,4.0
15871,2707091,4.0
3925,2736166,4.0
43825,2717561,4.0
30209,2714005,4.0
18262,2700911,4.0
62,2695811,4.0
23042,2722421,4.0
7906,2724194,4.0
3127,2698828,4.0
2197,2720718,4.0
33911,2723333,4.0
18697,2710118,4.0
39693,2719097,4.0
2612,2696710,4.0
2405,2706390,4.0
33705,2725517,4.0
15052,2699306,4.0
5075,2704818,4.0
11002,2705570,4.0
1661,2692236,4.0
49711,2734941,4.0
5974,2703909,4.0
23327,2709746,4.0
2778,2691757,4.0
21025,2712346,4.0
16279,2710454,4.0
16450,2727998,4.0
16100,2713084,4.0
8716,2725116,4.0
7568,2721506,4.0
12055,2711851,4.0
10314,2704814,4.0
8726,2690720,4.0
15961,2708856,4.0
35991,2711916,4.0
34699,2707432,4.0
21680,2714929,4.0
40050,2714052,4.0
11619,2692353,4.0
45409,2725950,4.0
16256,2717553,4.0
11345,2692447,4.0
28310,2719323,4.0
33193,2714712,4.0
45409,2730930,4.0
21,2712723,4.0
2066,2718781,4.0
24837,2709006,4.0
8648,2693896,4.0
25,2724173,4.0
8074,2692168,4.0
1418,2707697,4.0
1879,2714905,4.0
22886,2735518,4.0
12850,2711648,4.0
45320,2719125,4.0
37128,2720510,4.0
3102,2699854,4.0
2193,2725537,4.0
22830,2711944,4.0
12850,2706147,4.0
127,2717407,4.0
46075,2716782,4.0
15052,2709510,4.0
20459,2721881,4.0
20062,2708541,4.0
2197,2735415,4.0
20013,2711701,4.0
17848,2724384,4.0
27274,2718146,4.0
22757,2707452,4.0
7241,2733095,4.0
28637,2724726,4.0
43353,2729623,4.0
18571,2736282,4.0
9215,2727886,4.0
26509,2705031,4.0
31111,2728898,4.0
16418,2715225,4.0
211,2721456,4.0
7378,2702657,4.0
10473,2701769,4.0
29109,2707020,4.0
12178,2711352,4.0
35400,2724095,4.0
17905,2716610,4.0
17536,2700064,4.0
15871,2714062,4.0
39503,2712636,4.0
29294,2711453,4.0
18677,2712280,4.0
696,2713506,4.0
1295,2697480,4.0
7830,2710464,4.0
29449,2728588,4.0
745,2706553,4.0
11667,2700964,4.0
13577,2712973,4.0
1967,2729312,4.0
7071,2693228,4.0
9495,2695845,4.0
24837,2715196,4.0
8534,2711902,4.0
45814,2720665,4.0
7974,2680840,4.0
12514,2700326,4.0
498,2716651,4.0
2991,2702874,4.0
39122,2716962,4.0
28310,2720150,4.0
43648,2730478,4.0
22296,2704454,4.0
1295,2731110,4.0
20509,2701060,4.0
28097,2718905,4.0
498,2703335,4.0
164,2697293,4.0
3917,2698181,4.0
13363,2691997,4.0
62,2720036,4.0
23533,2715863,4.0
11808,2705521,4.0
3411,2729966,4.0
31157,2719866,4.0
5650,2710275,4.0
35211,2717941,4.0
17848,2725084,4.0
6782,2711411,4.0
15656,2726176,4.0
31111,2722327,4.0
3493,2709928,4.0
25237,2732285,4.0
29781,2716765,4.0
15883,2712921,4.0
28129,2711665,4.0
1418,2713757,4.0
33911,2717550,4.0
7704,2711542,4.0
41693,2728536,4.0
19699,2709779,4.0
6640,2704951,4.0
11002,2712137,4.0
7316,2705873,4.0
2156,2696775,4.0
43152,2726204,4.0
5802,2704427,4.0
11451,2710617,4.0
32655,2715470,4.0
11002,2705588,4.0
1660,2723631,4.0
2202,2680935,4.0
831,2716810,4.0
9205,2713019,4.0
15590,2713594,4.0
21113,2706476,4.0
12850,2704108,4.0
8539,2692668,4.0
15031,2713901,4.0
834,2723538,4.0
19699,2715926,4.0
21,2707063,4.0
2878,2705944,4.0
46988,2731482,4.0
1295,2726784,4.0
2882,2704935,4.0
17714,2710220,4.0
834,2721277,4.0
19023,2723880,4.0
14981,2699903,4.0
38697,2722289,4.0
30662,2704830,4.0
10680,2706999,4.0
35504,2724705,4.0
17848,2716671,4.0
7665,2707326,4.0
285,2696552,4.0
6782,2702135,4.0
6260,2698038,4.0
17846,2729177,4.0
46059,2722922,4.0
8531,2706707,4.0
26509,2703915,4.0
12208,2694559,4.0
1399,2689584,4.0
21,2713954,4.0
1861,2715242,4.0
20002,2717053,4.0
10680,2728551,4.0
62,2732441,4.0
17923,2706468,4.0
2197,2717058,4.0
1418,2720144,4.0
19256,2705514,4.0
19481,2710741,4.0
49181,2735695,4.0
1614,2704595,4.0
5736,2700285,4.0
3917,2701772,4.0
22222,2711370,4.0
180,2692201,4.0
21332,2727729,4.0
4312,2712150,4.0
29727,2718149,4.0
9157,2695036,4.0
30,2728764,4.0
6902,2699093,4.0
41693,2728370,4.0
7830,2707296,4.0
3917,2708279,4.0
19699,2702877,4.0
41693,2727654,4.0
696,2701954,4.0
10682,2725323,4.0
4468,2690169,4.0
42463,2722900,4.0
11454,2708408,4.0
25908,2712865,4.0
31308,2723771,4.0
834,2715120,4.0
696,2727245,4.0
28725,2713180,4.0
31308,2719098,4.0
9089,2731010,4.0
22668,2713241,4.0
15729,2724018,4.0
1614,2713279,4.0
49006,2722728,4.0
15590,2719813,4.0
31161,2717203,4.0
3917,2707660,4.0
12208,2710898,4.0
2885,2722818,4.0
4624,2714772,4.0
127,2715664,4.0
14375,2732212,4.0
17428,2706827,4.0
4769,2725261,4.0
7809,2705187,4.0
14375,2695946,4.0
11414,2695976,4.0
3997,2695689,4.0
3874,2707047,4.0
7807,2704826,4.0
25760,2709540,4.0
29268,2720206,4.0
935,2707683,4.0
3769,2718096,4.0
22830,2709460,4.0
1158,2725096,4.0
696,2702705,4.0
1865,2705077,4.0
47661,2731619,4.0
2197,2731439,4.0
4695,2698336,4.0
11866,2698315,4.0
1418,2706177,4.0
1809,2696197,4.0
3997,2706978,4.0
30,2713325,4.0
5759,2702786,4.0
11889,2677913,4.0
15427,2725808,4.0
5759,2695555,4.0
47613,2720500,4.0
7910,2720055,4.0
935,2716810,4.0
13533,2726185,4.0
802,2713699,4.0
5350,2711718,4.0
24209,2702468,4.0
39273,2725290,4.0
24381,2709980,4.0
49007,2712489,4.0
834,2726879,4.0
16104,2723644,4.0
2523,2719494,4.0
18966,2725545,4.0
22664,2715647,4.0
34260,2707700,4.0
30,2710827,4.0
30,2722573,4.0
15890,2721323,4.0
28558,2700988,4.0
1706,2713290,4.0
11002,2703926,4.0
5360,2689431,4.0
11273,2697668,4.0
19494,2721332,4.0
28129,2719674,4.0
26509,2723644,4.0
21,2710230,4.0
20692,2722675,4.0
11479,2703005,4.0
13090,2711934,4.0
35469,2717223,4.0
31244,2733744,4.0
11741,2702989,4.0
25194,2714807,4.0
11002,2708187,4.0
23880,2714981,4.0
6215,2711672,4.0
46883,2733221,4.0
1295,2702093,4.0
498,2705759,4.0
43353,2713028,4.0
30,2718835,4.0
28556,2723359,4.0
21015,2713422,4.0
41894,2715271,4.0
7316,2704626,4.0
5170,2701488,4.0
31111,2717069,4.0
1645,2692793,4.0
10664,2709205,4.0
29463,2714894,4.0
30,2709964,4.0
46988,2723689,4.0
23474,2712586,4.0
6313,2687991,4.0
23785,2715620,4.0
1418,2725253,4.0
33718,2712993,4.0
30403,2708742,4.0
1418,2724782,4.0
47685,2720439,4.0
38359,2697984,4.0
11326,2703262,4.0
39093,2707330,4.0
26270,2698739,4.0
27800,2728769,4.0
20053,2698704,4.0
11369,2713347,4.0
8826,2693110,4.0
16260,2725017,4.0
43353,2720032,4.0
16104,2730817,4.0
20207,2711699,4.0
22554,2689150,4.0
2882,2735020,4.0
11002,2700905,4.0
43353,2727358,4.0
30662,2714785,4.0
7568,2706735,4.0
15890,2707268,4.0
8383,2687913,4.0
7479,2692246,4.0
7530,2721674,4.0
8447,2704365,4.0
27297,2719663,4.0
7897,2722082,4.0
37700,2719216,4.0
20135,2720604,4.0
30901,2720856,4.0
33731,2723508,4.0
11326,2734908,4.0
696,2718149,4.0
1150,2729249,4.0
1295,2723278,4.0
10995,2722734,4.0
1295,2734369,4.0
4985,2707252,4.0
11002,2726655,4.0
14928,2707089,4.0
298,2706631,4.0
21,2714799,4.0
48079,2732389,4.0
7912,2694625,4.0
7830,2720885,4.0
11002,2710367,4.0
43825,2713613,4.0
1418,2723174,4.0
20465,2724203,4.0
48434,2723583,4.0
2991,2702712,4.0
23,2712207,4.0
23823,2733034,4.0
15052,2712120,4.0
10664,2711268,4.0
1295,2734487,4.0
1418,2699809,4.0
4501,2708049,4.0
39503,2715387,4.0
5326,2692894,4.0
5185,2696792,4.0
19256,2708412,4.0
7568,2724964,4.0
6373,2708662,4.0
1418,2717602,4.0
30786,2720168,4.0
19699,2715773,4.0
38438,2712425,4.0
696,2701077,4.0
20002,2714953,4.0
23823,2714917,4.0
4985,2722636,4.0
22212,2707222,4.0
3003,2703466,4.0
21332,2728904,4.0
5759,2704195,4.0
18465,2730988,4.0
28828,2719854,4.0
11118,2701558,4.0
17905,2712390,4.0
18966,2729618,4.0
33488,2730167,4.0
39503,2728446,4.0
31040,2720922,4.0
17763,2709108,4.0
16676,2707241,4.0
211,2703938,4.0
7830,2711697,4.0
21,2705811,4.0
17848,2724352,4.0
7830,2726681,4.0
38671,2723071,4.0
1295,2729949,4.0
27354,2716998,4.0
5409,2711376,4.0
7830,2718598,4.0
23689,2713500,4.0
48906,2730258,4.0
27012,2714915,4.0
889,2718436,4.0
3375,2712415,4.0
41693,2726176,4.0
2763,2727864,4.0
7310,2691642,4.0
1295,2716021,4.0
36254,2724314,4.0
3236,2685992,4.0
19632,2729315,4.0
25718,2707477,4.0
425,2717150,4.0
3411,2732374,4.0
18651,2700463,4.0
5650,2712544,4.0
21113,2714475,4.0
8487,2723403,4.0
17120,2731316,4.0
47837,2733533,4.0
12208,2700885,4.0
22933,2706117,4.0
21275,2722820,4.0
25552,2707049,4.0
43477,2714828,4.0
2197,2705421,4.0
15656,2711339,4.0
20033,2719326,4.0
38068,2725089,4.0
6394,2701985,4.0
21980,2725803,4.0
62,2722974,4.0
13394,2722272,4.0
18966,2717618,4.0
15309,2706993,4.0
3167,2698569,4.0
34834,2720487,4.0
5132,2733026,4.0
22757,2716361,4.0
40477,2721918,4.0
164,2684174,4.0
45170,2718171,4.0
26509,2710622,4.0
91,2692090,4.0
17763,2694634,4.0
17863,2715109,4.0
46447,2723296,4.0
49552,2736976,4.0
8288,2727859,4.0
1397,2707646,4.0
9265,2711755,4.0
24056,2707402,4.0
7729,2710100,4.0
8106,2728225,4.0
19632,2726627,4.0
10536,2695964,4.0
23197,2704357,4.0
37100,2725636,4.0
18809,2706488,4.0
13813,2711118,4.0
13919,2719986,4.0
3236,2700174,4.0
508,2706484,4.0
21,2704189,4.0
17049,2712346,4.0
1418,2703059,4.0
3003,2722876,4.0
22942,2727227,4.0
17816,2697448,4.0
48826,2717526,4.0
18997,2726576,4.0
21,2720090,4.0
9218,2699521,4.0
21402,2697433,4.0
25937,2709226,4.0
46530,2732754,4.0
6260,2704518,4.0
7830,2707330,4.0
19458,2714287,4.0
8106,2705917,4.0
16357,2707217,4.0
11002,2696902,4.0
9813,2699396,4.0
46317,2733036,4.0
16888,2706560,4.0
20737,2708566,4.0
7934,2723027,4.0
889,2707225,4.0
30,2726672,4.0
22799,2711851,4.0
33853,2715740,4.0
834,2723761,4.0
2197,2721551,4.0
3917,2725450,4.0
8383,2713056,4.0
45320,2727232,4.0
1239,2713622,4.0
7405,2703383,4.0
43996,2728406,4.0
10664,2707091,4.0
21088,2715829,4.0
2066,2707027,4.0
889,2707224,4.0
34152,2704321,4.0
33705,2717748,4.0
11051,2694527,4.0
6782,2689749,4.0
37336,2724119,4.0
2197,2734249,4.0
42210,2726173,4.0
12324,2710334,4.0
26885,2697713,4.0
42265,2698769,4.0
9089,2724984,4.0
18545,2685886,4.0
7568,2722851,4.0
33705,2726658,4.0
10664,2723420,4.0
30786,2719944,4.0
7704,2701687,4.0
17547,2718731,4.0
3917,2712314,4.0
22348,2697953,4.0
35395,2718635,4.0
7589,2692624,4.0
34841,2726357,4.0
6402,2723359,4.0
22232,2722341,4.0
41233,2709840,4.0
39533,2709630,4.0
40050,2725167,4.0
33193,2730984,4.0
48336,2721994,4.0
40001,2714712,4.0
24295,2716551,4.0
10137,2704907,4.0
696,2707255,4.0
21352,2700504,4.0
17247,2732756,4.0
2386,2698579,4.0
935,2712555,4.0
32488,2720441,4.0
43257,2716376,4.0
30,2722855,4.0
889,2712580,4.0
1967,2694580,4.0
25908,2703353,4.0
10264,2710583,4.0
17136,2715633,4.0
834,2733346,4.0
12850,2719722,4.0
23862,2730280,4.0
9541,2716504,4.0
17567,2725330,4.0
30,2708818,4.0
5650,2682714,4.0
41693,2728028,4.0
43548,2707798,4.0
7830,2722660,4.0
32544,2719668,4.0
5645,2688101,4.0
27462,2719502,4.0
21322,2713964,4.0
8731,2713011,4.0
12675,2700908,4.0
24837,2714715,4.0
26509,2736282,4.0
11584,2730154,4.0
25516,2716301,4.0
8637,2728585,4.0
3003,2707313,4.0
7241,2701165,4.0
4953,2721522,4.0
20647,2710137,4.0
18966,2719128,4.0
32899,2719502,4.0
12044,2703841,4.0
9205,2729937,4.0
3791,2729223,4.0
1652,2733297,4.0
6420,2698033,4.0
11002,2707112,4.0
24209,2713272,4.0
1295,2715571,4.0
14093,2709291,4.0
32490,2714073,4.0
14594,2704532,4.0
21080,2696032,4.0
29347,2716905,4.0
9770,2690038,4.0
3424,2704674,4.0
46988,2729762,4.0
2806,2719481,4.0
6260,2716491,4.0
14081,2713480,4.0
43353,2719092,4.0
3950,2728756,4.0
46184,2722728,4.0
29109,2714137,4.0
127,2703341,4.0
7406,2705502,4.0
8032,2712942,4.0
11435,2736178,4.0
23813,2714866,4.0
15569,2725041,4.0
6313,2694929,4.0
23,2715576,4.0
5409,2733145,4.0
7210,2722179,4.0
8032,2695017,4.0
2778,2708266,4.0
25,2719235,4.0
18396,2712898,4.0
10664,2713409,4.0
17869,2707577,4.0
7729,2710310,4.0
37001,2715447,4.0
2778,2727966,4.0
437,2734808,4.0
30209,2708714,4.0
20758,2720821,4.0
23586,2713335,4.0
12191,2711273,4.0
696,2711731,4.0
2368,2702741,4.0
23412,2716414,4.0
9265,2723359,4.0
15599,2715934,4.0
39158,2725151,4.0
696,2713420,4.0
1967,2710442,4.0
2585,2693950,4.0
62,2711370,4.0
2687,2689822,4.0
696,2707239,4.0
3768,2710297,4.0
35253,2710612,4.0
3375,2714796,4.0
11866,2705314,4.0
5433,2694694,4.0
35942,2715048,4.0
1418,2704729,4.0
2964,2705428,4.0
1399,2710797,4.0
1967,2706372,4.0
25937,2710748,4.0
20465,2711528,4.0
53,2709445,4.0
38199,2714138,4.0
696,2718143,4.0
10473,2707137,4.0
44072,2729105,4.0
33193,2723142,4.0
37803,2725646,4.0
16567,2706388,4.0
26509,2718137,4.0
15924,2711230,4.0
16243,2712284,4.0
17557,2699872,4.0
3917,2715664,4.0
5070,2724609,4.0
1335,2694553,4.0
834,2722504,4.0
46530,2722383,4.0
24468,2720841,4.0
8288,2709922,4.0
3003,2734683,4.0
32001,2715357,4.0
18966,2716999,4.0
29046,2713954,4.0
7807,2731273,4.0
15023,2710150,4.0
13329,2726698,4.0
11118,2694088,4.0
3175,2688879,4.0
7719,2712060,4.0
7830,2724008,4.0
17905,2708307,4.0
6619,2713093,4.0
43307,2719685,4.0
3917,2711697,4.0
1295,2724665,4.0
1689,2707637,4.0
17295,2705170,4.0
26509,2717485,4.0
3375,2703830,4.0
10921,2718549,4.0
18376,2703348,4.0
11002,2722697,4.0
26340,2712762,4.0
11717,2693409,4.0
6545,2733399,4.0
7830,2715650,4.0
48397,2721001,4.0
3003,2723822,4.0
45814,2716852,4.0
2197,2726379,4.0
10333,2723538,4.0
1418,2711522,4.0
16450,2716943,4.0
17186,2725254,4.0
29046,2715303,4.0
7241,2732926,4.0
21608,2715103,4.0
2396,2690941,4.0
166,2703290,4.0
18677,2718418,4.0
15116,2698172,4.0
25052,2698656,4.0
5633,2706099,4.0
19699,2716104,4.0
25473,2716953,4.0
17567,2699726,4.0
6260,2716517,4.0
12738,2711795,4.0
23464,2724394,4.0
8246,2704002,4.0
45409,2723880,4.0
19279,2697364,4.0
11874,2705462,4.0
47773,2717725,4.0
39953,2714113,4.0
15975,2707711,4.0
20213,2708952,4.0
9506,2731890,4.0
17567,2703082,4.0
8125,2712701,4.0
23169,2721166,4.0
6373,2717667,4.0
24628,2707406,4.0
35173,2723823,4.0
6447,2709654,4.0
2197,2731500,4.0
40050,2714590,4.0
7814,2707564,4.0
7378,2691582,4.0
11323,2704645,4.0
14081,2719328,4.0
5541,2693416,4.0
4480,2713034,4.0
7241,2699350,4.0
22348,2700925,4.0
23978,2715539,4.0
18447,2714398,4.0
1861,2694926,4.0
26416,2709904,4.0
8302,2730957,4.0
27163,2710925,4.0
167,2706656,4.0
696,2713495,4.0
20213,2701957,4.0
42210,2714280,4.0
15975,2713449,4.0
25516,2712659,4.0
2983,2724550,4.0
24837,2695993,4.0
7897,2720912,4.0
29865,2721291,4.0
6373,2712916,4.0
20062,2710986,4.0
7830,2720203,4.0
15101,2701138,4.0
25745,2697287,4.0
62,2708609,4.0
7206,2704417,4.0
7719,2720442,4.0
6260,2728198,4.0
18704,2711095,4.0
21608,2722419,4.0
10333,2713478,4.0
48195,2734263,4.0
4558,2707224,4.0
5650,2708956,4.0
18412,2704933,4.0
901,2703195,4.0
508,2715294,4.0
39503,2722552,4.0
28805,2697973,4.0
3387,2706890,4.0
12791,2704772,4.0
4624,2718379,4.0
21382,2708408,4.0
16104,2699759,4.0
18050,2712347,4.0
3696,2702001,4.0
24006,2708978,4.0
34860,2715635,4.0
39420,2722603,4.0
1418,2715128,4.0
18447,2712787,4.0
11387,2701513,4.0
24849,2726834,4.0
3455,2706819,4.0
18966,2734954,4.0
24930,2705118,4.0
3923,2722191,4.0
18396,2727211,4.0
834,2732351,4.0
2197,2706219,4.0
1418,2714469,4.0
29316,2715733,4.0
696,2732167,4.0
17049,2731121,4.0
23042,2725293,4.0
7910,2723636,4.0
1158,2708502,4.0
6545,2702997,4.0
6313,2683827,4.0
22668,2707477,4.0
11715,2706677,4.0
696,2711795,4.0
16374,2711894,4.0
9597,2708917,4.0
127,2718890,4.0
11808,2702949,4.0
46883,2724836,4.0
29849,2705723,4.0
39093,2726108,4.0
43407,2717428,4.0
22365,2720750,4.0
28940,2720599,4.0
7851,2717852,4.0
901,2701748,4.0
696,2714080,4.0
34051,2715898,4.0
7568,2711427,4.0
9943,2699190,4.0
20737,2719308,4.0
11479,2703841,4.0
11002,2708365,4.0
62,2733725,4.0
19668,2707323,4.0
1418,2712449,4.0
2902,2711585,4.0
3173,2708186,4.0
16766,2713415,4.0
45409,2724898,4.0
39503,2723311,4.0
38068,2725071,4.0
12197,2695895,4.0
62,2699858,4.0
7347,2702980,4.0
14154,2711870,4.0
19494,2720221,4.0
5551,2718137,4.0
30365,2719600,4.0
62,2722964,4.0
3768,2697278,4.0
4985,2722626,4.0
11430,2699644,4.0
21453,2711090,4.0
34246,2709092,4.0
23224,2724398,4.0
44188,2724556,4.0
33705,2719990,4.0
3923,2689163,4.0
8106,2702596,4.0
6563,2704186,4.0
37081,2713820,4.0
31308,2705860,4.0
16463,2710982,4.0
48397,2734807,4.0
45409,2715877,4.0
7347,2696170,4.0
43152,2720014,4.0
10682,2725620,4.0
19699,2715791,4.0
27356,2713112,4.0
30,2709805,4.0
11619,2694694,4.0
9205,2696624,4.0
3203,2704164,4.0
30,2709980,4.0
6447,2698735,4.0
15061,2712075,4.0
3191,2706489,4.0
24508,2715369,4.0
6398,2706815,4.0
2197,2722230,4.0
25102,2706532,4.0
22559,2714929,4.0
6093,2693121,4.0
19749,2709168,4.0
16722,2711755,4.0
25552,2714846,4.0
16718,2716733,4.0
33911,2719672,4.0
7897,2698038,4.0
6313,2706075,4.0
38199,2716757,4.0
62,2716607,4.0
15568,2715688,4.0
47063,2719092,4.0
18214,2723158,4.0
19494,2718381,4.0
23604,2705937,4.0
5759,2701691,4.0
31111,2719399,4.0
9059,2724020,4.0
4769,2723071,4.0
18966,2719397,4.0
14840,2718671,4.0
696,2718622,4.0
21332,2721833,4.0
834,2702154,4.0
498,2705891,4.0
15587,2721337,4.0
10263,2698147,4.0
16450,2723321,4.0
18875,2710808,4.0
40872,2716631,4.0
6420,2703766,4.0
12850,2721966,4.0
19364,2703107,4.0
28793,2724014,4.0
9623,2723583,4.0
11777,2699216,4.0
33297,2717016,4.0
47999,2734451,4.0
7075,2691765,4.0
19494,2717260,4.0
22668,2704834,4.0
31889,2712391,4.0
14375,2699569,4.0
1256,2703498,4.0
5426,2711957,4.0
2991,2731485,4.0
24930,2732845,4.0
3917,2705114,4.0
25480,2714841,4.0
6250,2714123,4.0
16450,2720807,4.0
30,2724268,4.0
11961,2731198,4.0
39503,2717989,4.0
16417,2702621,4.0
16238,2725802,4.0
498,2703101,4.0
2502,2712200,4.0
7586,2707396,4.0
43555,2709688,4.0
9714,2698783,4.0
18050,2697980,4.0
19948,2719345,4.0
39158,2718662,4.0
35991,2713513,4.0
21680,2716669,4.0
29371,2705219,4.0
10664,2730081,4.0
290,2698078,4.0
9856,2714266,4.0
23880,2715138,4.0
15052,2710281,4.0
5315,2689148,4.0
2585,2693832,4.0
17848,2724390,4.0
7378,2706105,4.0
31513,2715521,4.0
12862,2701056,4.0
3917,2712307,4.0
21,2707685,4.0
7807,2723638,4.0
17848,2715252,4.0
7830,2730090,4.0
1660,2720289,4.0
24295,2716333,4.0
45320,2728033,4.0
9081,2718169,4.0
2991,2699621,4.0
2197,2725376,4.0
3917,2710966,4.0
20002,2699822,4.0
32967,2714239,4.0
7568,2694793,4.0
6373,2716887,4.0
29584,2719880,4.0
1295,2721331,4.0
186,2698872,4.0
22269,2704403,4.0
12514,2724092,4.0
2991,2702236,4.0
7932,2716621,4.0
11002,2705518,4.0
12178,2690751,4.0
935,2731156,4.0
18966,2736496,4.0
30,2713132,4.0
13093,2691136,4.0
24478,2725278,4.0
39953,2726713,4.0
43866,2730193,4.0
16104,2730950,4.0
16269,2712284,4.0
6619,2714270,4.0
3874,2710091,4.0
8534,2721692,4.0
12497,2700998,4.0
25664,2707244,4.0
8534,2694962,4.0
14303,2692395,4.0
1994,2710896,4.0
36162,2711392,4.0
1399,2717906,4.0
15813,2709743,4.0
19300,2719492,4.0
3724,2722025,4.0
45905,2716869,4.0
7910,2733820,4.0
23604,2712748,4.0
11002,2732432,4.0
42870,2730418,4.0
6093,2704825,4.0
8288,2727633,4.0
7830,2725734,4.0
19074,2728443,4.0
22897,2713663,4.0
40756,2725323,4.0
12191,2709501,4.0
43825,2721335,4.0
4297,2718132,4.0
1967,2728050,4.0
18050,2687920,4.0
27521,2717199,4.0
7241,2696257,4.0
40050,2715732,4.0
11943,2706120,4.0
25743,2721465,4.0
8534,2716687,4.0
11127,2733895,4.0
1418,2724198,4.0
30982,2721725,4.0
23042,2722895,4.0
18841,2702092,4.0
30158,2713653,4.0
2236,2734244,4.0
46988,2721966,4.0
10333,2734876,4.0
2778,2707059,4.0
834,2712917,4.0
40050,2719185,4.0
3696,2703207,4.0
10118,2702659,4.0
3212,2702974,4.0
7851,2712977,4.0
3455,2705763,4.0
25516,2711664,4.0
41037,2728830,4.0
29488,2717395,4.0
3730,2701219,4.0
46015,2717688,4.0
2354,2711687,4.0
7851,2712191,4.0
6619,2699871,4.0
1295,2704978,4.0
47848,2734408,4.0
29347,2708481,4.0
17739,2717793,4.0
12805,2705537,4.0
26340,2708380,4.0
15890,2717088,4.0
41693,2721625,4.0
23796,2715477,4.0
11127,2731245,4.0
21457,2701833,4.0
28725,2723527,4.0
6730,2718667,4.0
19279,2696353,4.0
19494,2719494,4.0
8447,2706617,4.0
21128,2723201,4.0
834,2710576,4.0
31152,2721365,4.0
10430,2687903,4.0
1418,2720401,4.0
24837,2713185,4.0
2197,2700179,4.0
27163,2709392,4.0
27226,2708971,4.0
15568,2707019,4.0
7910,2691901,4.0
18875,2711908,4.0
22212,2710522,4.0
22757,2719601,4.0
2368,2693364,4.0
696,2717433,4.0
16450,2717017,4.0
18257,2714708,4.0
37750,2717674,4.0
4297,2708047,4.0
21720,2713308,4.0
7161,2727954,4.0
18841,2711822,4.0
31371,2714551,4.0
4297,2703927,4.0
40050,2714912,4.0
9156,2725699,4.0
13518,2723508,4.0
12324,2706980,4.0
30,2716541,4.0
12208,2704422,4.0
40050,2719941,4.0
22854,2717433,4.0
10481,2705472,4.0
22559,2706168,4.0
6345,2703994,4.0
5125,2714260,4.0
7011,2693995,4.0
10995,2707340,4.0
10848,2706021,4.0
30,2731614,4.0
31152,2721051,4.0
10787,2722208,4.0
15877,2698696,4.0
11889,2730318,4.0
22467,2720113,4.0
13533,2707398,4.0
8519,2702036,4.0
116,2703215,4.0
24314,2712349,4.0
30,2710028,4.0
17428,2715498,4.0
23796,2713629,4.0
2792,2686538,4.0
696,2707052,4.0
42938,2729499,4.0
18966,2726220,4.0
31513,2708041,4.0
14375,2734614,4.0
5481,2707189,4.0
180,2701088,4.0
834,2707532,4.0
28033,2704975,4.0
49628,2730873,4.0
31674,2716011,4.0
7979,2723371,4.0
10508,2716333,4.0
7643,2707996,4.0
30,2731611,4.0
22668,2708859,4.0
45697,2726109,4.0
29488,2715851,4.0
2044,2729059,4.0
22967,2716752,4.0
17863,2730135,4.0
7851,2714121,4.0
2983,2704715,4.0
17758,2713887,4.0
21015,2700982,4.0
15656,2697410,4.0
18966,2725167,4.0
3917,2706664,4.0
35799,2715286,4.0
834,2727542,4.0
10333,2715372,4.0
1497,2705334,4.0
27163,2712980,4.0
35155,2719667,4.0
6307,2714829,4.0
16104,2723645,4.0
11127,2731183,4.0
11352,2704521,4.0
40878,2726929,4.0
12250,2696744,4.0
20465,2710707,4.0
28764,2719514,4.0
24837,2714250,4.0
36913,2731631,4.0
7897,2714929,4.0
1256,2703864,4.0
19038,2724313,4.0
3976,2704588,4.0
62,2713841,4.0
32567,2717016,4.0
2991,2712401,4.0
15590,2696337,4.0
12746,2707987,4.0
36028,2720070,4.0
12280,2702882,4.0
2778,2729147,4.0
11387,2710364,4.0
42870,2732876,4.0
3917,2701719,4.0
18677,2714696,4.0
40477,2729307,4.0
1652,2717514,4.0
16374,2696016,4.0
1968,2713690,4.0
40050,2729618,4.0
7241,2727242,4.0
5241,2723560,4.0
23130,2716516,4.0
2197,2710965,4.0
44329,2729304,4.0
18499,2712668,4.0
30,2728954,4.0
18966,2717661,4.0
696,2697828,4.0
1168,2707740,4.0
1418,2716181,4.0
8572,2729253,4.0
2799,2706726,4.0
13137,2707078,4.0
24468,2723538,4.0
39158,2725567,4.0
32955,2715875,4.0
831,2726737,4.0
25439,2709148,4.0
23130,2707697,4.0
26088,2718306,4.0
8705,2724847,4.0
9081,2701886,4.0
32855,2721387,4.0
48975,2734808,4.0
39503,2723260,4.0
13813,2706838,4.0
35430,2714558,4.0
38780,2726371,4.0
44715,2725175,4.0
1252,2725301,4.0
10664,2702114,4.0
14107,2717215,4.0
11002,2710945,4.0
13209,2705037,4.0
43353,2718180,4.0
7568,2715132,4.0
28738,2730194,4.0
8678,2722522,4.0
41233,2722239,4.0
30,2712355,4.0
2386,2714313,4.0
19927,2719965,4.0
11431,2719450,4.0
3003,2715862,4.0
16343,2732685,4.0
1295,2712275,4.0
22897,2707115,4.0
10430,2708656,4.0
13043,2711730,4.0
15877,2704269,4.0
24930,2733388,4.0
32895,2707033,4.0
47047,2731452,4.0
30,2731436,4.0
17869,2710430,4.0
834,2720826,4.0
23091,2711300,4.0
33853,2709766,4.0
5759,2706714,4.0
41693,2721475,4.0
22232,2710573,4.0
127,2711357,4.0
889,2711751,4.0
15331,2693480,4.0
18966,2720153,4.0
26176,2710297,4.0
36225,2720543,4.0
2778,2705530,4.0
25516,2710928,4.0
30,2716062,4.0
21980,2721634,4.0
14277,2714879,4.0
19362,2680840,4.0
32488,2707410,4.0
46015,2730976,4.0
4769,2712662,4.0
40477,2726782,4.0
24437,2709769,4.0
17428,2700949,4.0
4596,2686000,4.0
29109,2706481,4.0
2910,2722688,4.0
18966,2714999,4.0
40050,2721033,4.0
211,2686870,4.0
36466,2713528,4.0
4576,2701439,4.0
9385,2705488,4.0
34834,2724104,4.0
3447,2687950,4.0
10784,2706555,4.0
6773,2702048,4.0
46988,2729745,4.0
29046,2710582,4.0
43509,2729735,4.0
2197,2717011,4.0
20797,2728008,4.0
32590,2718658,4.0
27356,2713141,4.0
15899,2703021,4.0
7910,2723640,4.0
11253,2709748,4.0
10183,2732509,4.0
21,2706253,4.0
31111,2719399,4.0
13644,2695936,4.0
5759,2700880,4.0
9714,2719341,4.0
23395,2726815,4.0
17846,2715093,4.0
35504,2707853,4.0
7643,2705558,4.0
14303,2700707,4.0
1660,2721437,4.0
22668,2714415,4.0
2778,2704845,4.0
834,2735355,4.0
91,2690785,4.0
17247,2714557,4.0
2375,2716570,4.0
18900,2710581,4.0
13919,2719972,4.0
15495,2705504,4.0
16104,2728600,4.0
21979,2721197,4.0
6260,2717022,4.0
41791,2720020,4.0
285,2692301,4.0
193,2704805,4.0
11475,2718727,4.0
7241,2704019,4.0
38792,2725099,4.0
15590,2716414,4.0
3917,2715173,4.0
1295,2725907,4.0
39533,2713613,4.0
46447,2729744,4.0
1255,2724701,4.0
43257,2727651,4.0
6260,2704134,4.0
33159,2712822,4.0
39638,2718751,4.0
20033,2714215,4.0
744,2706488,4.0
5144,2705588,4.0
11387,2696463,4.0
34260,2701043,4.0
19494,2728072,4.0
38923,2726536,4.0
8288,2721188,4.0
27274,2722942,4.0
11584,2729064,4.0
1418,2724977,4.0
22394,2715177,4.0
7897,2728188,4.0
29463,2707566,4.0
35314,2730997,4.0
47473,2720225,4.0
17143,2727622,4.0
4381,2708273,4.0
3724,2722606,4.0
7830,2716633,4.0
2866,2702136,4.0
7719,2733434,4.0
2197,2733785,4.0
8074,2706698,4.0
3917,2704225,4.0
935,2699805,4.0
834,2714623,4.0
14594,2707313,4.0
7241,2728711,4.0
3621,2700194,4.0
38671,2718860,4.0
15137,2714128,4.0
1418,2692472,4.0
17574,2707104,4.0
33911,2719569,4.0
19256,2703396,4.0
3003,2734234,4.0
3003,2717146,4.0
2910,2728755,4.0
33731,2718752,4.0
30,2718308,4.0
37460,2718390,4.0
3917,2719705,4.0
43152,2716789,4.0
13922,2681674,4.0
6394,2710617,4.0
38664,2721606,4.0
12044,2706310,4.0
8383,2707713,4.0
18997,2706920,4.0
28846,2707255,4.0
1418,2709016,4.0
13643,2710155,4.0
9228,2729091,4.0
31665,2703774,4.0
8678,2707205,4.0
10787,2705523,4.0
1418,2725711,4.0
22235,2699821,4.0
7568,2724924,4.0
25194,2708157,4.0
9317,2735115,4.0
62,2724321,4.0
22322,2705104,4.0
22512,2711090,4.0
7830,2708484,4.0
12324,2704470,4.0
6625,2710617,4.0
15883,2720907,4.0
24640,2700895,4.0
3925,2705481,4.0
32308,2719493,4.0
8617,2699943,4.0
1228,2702958,4.0
6054,2700043,4.0
41955,2722007,4.0
33297,2708603,4.0
1295,2725861,4.0
20013,2715099,4.0
7206,2723604,4.0
15069,2697625,4.0
1295,2706178,4.0
1217,2688388,4.0
32544,2721373,4.0
5759,2698040,4.0
35400,2731098,4.0
8531,2706460,4.0
1418,2714412,4.0
6373,2718123,4.0
6619,2711821,4.0
5050,2691725,4.0
10333,2728636,4.0
1893,2703104,4.0
17411,2701253,4.0
31720,2716932,4.0
8534,2707055,4.0
18296,2733069,4.0
46059,2719123,4.0
18997,2710236,4.0
18966,2716031,4.0
4769,2688912,4.0
20551,2706926,4.0
7830,2718606,4.0
2340,2689577,4.0
23169,2714914,4.0
36299,2717800,4.0
39953,2724829,4.0
32490,2726504,4.0
2585,2713616,4.0
2506,2698625,4.0
18880,2722848,4.0
34841,2727921,4.0
23482,2702037,4.0
11326,2726230,4.0
12116,2692555,4.0
15599,2723203,4.0
23130,2707322,4.0
6250,2704380,4.0
15474,2707350,4.0
16191,2720562,4.0
21491,2720044,4.0
1418,2728478,4.0
46212,2731677,4.0
18955,2702803,4.0
20640,2712760,4.0
19300,2713947,4.0
8012,2702092,4.0
3227,2693118,4.0
12791,2705893,4.0
7241,2720958,4.0
45409,2720659,4.0
2197,2717467,4.0
40756,2729285,4.0
696,2711910,4.0
17391,2699706,4.0
1252,2729366,4.0
3493,2692563,4.0
41791,2724047,4.0
10911,2679477,4.0
28702,2714219,4.0
30,2710453,4.0
30,2711743,4.0
24006,2699726,4.0
17186,2711169,4.0
28090,2715429,4.0
21517,2703369,4.0
508,2710275,4.0
49711,2729992,4.0
1994,2705346,4.0
11590,2697469,4.0
47691,2720439,4.0
25,2713501,4.0
6773,2692125,4.0
696,2706888,4.0
5650,2712215,4.0
34051,2715934,4.0
16567,2690990,4.0
5759,2693611,4.0
5571,2701653,4.0
30165,2718928,4.0
1408,2704532,4.0
30,2726344,4.0
10921,2732371,4.0
23494,2719762,4.0
7830,2723643,4.0
10673,2690756,4.0
21,2704177,4.0
30,2731515,4.0
4297,2714957,4.0
29430,2717476,4.0
16904,2727752,4.0
6307,2680801,4.0
2939,2710083,4.0
11808,2677947,4.0
18677,2718379,4.0
26803,2719507,4.0
7830,2720869,4.0
16418,2713993,4.0
14981,2699783,4.0
26509,2715539,4.0
12280,2725089,4.0
7241,2733894,4.0
28558,2716146,4.0
8063,2707065,4.0
26509,2728600,4.0
14126,2703216,4.0
47114,2734490,4.0
28090,2718109,4.0
761,2715518,4.0
19751,2713159,4.0
18760,2720570,4.0
14954,2719165,4.0
29316,2720180,4.0
21048,2715581,4.0
22886,2702402,4.0
19017,2715846,4.0
2495,2696041,4.0
24209,2702650,4.0
5144,2720491,4.0
33977,2715629,4.0
7974,2707562,4.0
25194,2711371,4.0
17832,2698744,4.0
4560,2715061,4.0
4501,2726722,4.0
19494,2721611,4.0
9080,2710641,4.0
30,2697686,4.0
2489,2708542,4.0
38438,2716042,4.0
14928,2731856,4.0
17758,2712120,4.0
31690,2714276,4.0
29560,2710732,4.0
9303,2704705,4.0
5134,2699931,4.0
14430,2703845,4.0
27484,2699845,4.0
7586,2706737,4.0
28846,2703609,4.0
6004,2705203,4.0
25196,2702108,4.0
22668,2715531,4.0
9081,2699765,4.0
696,2733757,4.0
9089,2714846,4.0
41075,2711375,4.0
62,2733194,4.0
7897,2705429,4.0
32890,2714712,4.0
25,2719313,4.0
38482,2716911,4.0
39503,2711693,4.0
34260,2719074,4.0
10673,2706871,4.0
25286,2705104,4.0
11866,2706466,4.0
22232,2705506,4.0
41893,2718733,4.0
1423,2704279,4.0
23176,2710580,4.0
5729,2698829,4.0
4748,2730586,4.0
11803,2726971,4.0
48428,2719265,4.0
2826,2699836,4.0
25473,2715143,4.0
21980,2727432,4.0
186,2702985,4.0
5650,2718486,4.0
7990,2700919,4.0
23455,2701747,4.0
18966,2725563,4.0
9156,2725405,4.0
14463,2703262,4.0
8550,2709693,4.0
10680,2714173,4.0
20078,2730917,4.0
8246,2691193,4.0
1399,2704671,4.0
40050,2717981,4.0
4505,2702796,4.0
23833,2710622,4.0
167,2722029,4.0
6584,2705375,4.0
8030,2705316,4.0
3917,2707673,4.0
27419,2710360,4.0
16104,2704895,4.0
29347,2710033,4.0
6260,2728013,4.0
7830,2716347,4.0
1418,2717705,4.0
38870,2709903,4.0
7011,2725702,4.0
7568,2705195,4.0
10880,2709270,4.0
2955,2727994,4.0
17479,2725109,4.0
508,2700917,4.0
2778,2691396,4.0
8769,2699774,4.0
12675,2706171,4.0
8063,2716717,4.0
9205,2717753,4.0
6373,2720164,4.0
16573,2716810,4.0
41190,2713385,4.0
37727,2717915,4.0
2991,2692006,4.0
45811,2722842,4.0
10921,2702946,4.0
30,2729658,4.0
15452,2713926,4.0
25908,2711635,4.0
21,2707350,4.0
2197,2707634,4.0
3647,2716692,4.0
1295,2709722,4.0
17049,2709572,4.0
7430,2729549,4.0
17922,2712260,4.0
16374,2721745,4.0
47658,2718514,4.0
36466,2711902,4.0
2940,2706635,4.0
1980,2718192,4.0
49254,2723613,4.0
30,2710591,4.0
7990,2696927,4.0
30,2727710,4.0
3950,2704004,4.0
8074,2707798,4.0
9255,2690892,4.0
43925,2719369,4.0
9205,2729700,4.0
12208,2698131,4.0
6789,2723644,4.0
44072,2728834,4.0
2964,2685923,4.0
25102,2710602,4.0
5360,2703432,4.0
1728,2708624,4.0
28763,2705147,4.0
38697,2710045,4.0
18966,2715758,4.0
47047,2718850,4.0
18884,2702479,4.0
13137,2711844,4.0
8074,2711453,4.0
24209,2717294,4.0
39273,2718194,4.0
508,2721510,4.0
11619,2702467,4.0
18677,2715849,4.0
1158,2717348,4.0
7206,2725774,4.0
34364,2722982,4.0
8716,2715981,4.0
48397,2725186,4.0
8637,2697782,4.0
25196,2712458,4.0
36335,2712808,4.0
193,2731088,4.0
1418,2712056,4.0
1869,2704709,4.0
6394,2714785,4.0
19948,2733443,4.0
5650,2712735,4.0
27677,2712438,4.0
5650,2698813,4.0
6115,2693356,4.0
62,2713914,4.0
40878,2728505,4.0
2362,2684866,4.0
29109,2709581,4.0
11145,2704674,4.0
39693,2719110,4.0
45869,2716911,4.0
18966,2713038,4.0
40050,2718646,4.0
17755,2734712,4.0
30,2727276,4.0
25,2714892,4.0
26427,2699805,4.0
8637,2718200,4.0
19364,2705875,4.0
889,2692420,4.0
36471,2721517,4.0
30209,2713740,4.0
27661,2717199,4.0
945,2707312,4.0
40050,2718600,4.0
8534,2712798,4.0
7347,2696263,4.0
11808,2677913,4.0
13209,2703038,4.0
25069,2718432,4.0
6394,2706091,4.0
186,2691957,4.0
1418,2707196,4.0
25194,2718803,4.0
17035,2712726,4.0
19335,2693969,4.0
33911,2721955,4.0
16191,2722859,4.0
25388,2733166,4.0
27168,2718374,4.0
13854,2713050,4.0
8658,2697965,4.0
3724,2706024,4.0
12739,2707676,4.0
8217,2715812,4.0
39503,2725299,4.0
2864,2703973,4.0
8383,2696026,4.0
1706,2724798,4.0
834,2704935,4.0
10680,2711943,4.0
11231,2718508,4.0
22394,2716308,4.0
3917,2703345,4.0
10473,2698180,4.0
19699,2713059,4.0
23,2719137,4.0
3003,2704608,4.0
91,2685708,4.0
834,2731301,4.0
10680,2698426,4.0
11451,2704908,4.0
43353,2720122,4.0
31698,2720152,4.0
3428,2698671,4.0
6373,2700556,4.0
22854,2715503,4.0
15568,2723189,4.0
7910,2723638,4.0
23857,2708379,4.0
6373,2720579,4.0
48656,2735341,4.0
5551,2729495,4.0
16684,2696642,4.0
29488,2720272,4.0
4501,2713566,4.0
4953,2716000,4.0
16417,2727945,4.0
28129,2704072,4.0
34217,2733797,4.0
16450,2720780,4.0
9506,2725198,4.0
36335,2711248,4.0
25552,2716810,4.0
19843,2708219,4.0
8609,2719691,4.0
19074,2706581,4.0
3295,2707798,4.0
10858,2727123,4.0
9856,2702882,4.0
11127,2709201,4.0
38923,2724707,4.0
696,2704244,4.0
23435,2724690,4.0
23823,2723619,4.0
7807,2732420,4.0
10787,2729323,4.0
22967,2734681,4.0
4865,2685551,4.0
16279,2703341,4.0
29109,2725512,4.0
49190,2732071,4.0
6373,2722065,4.0
2778,2706454,4.0
14375,2687899,4.0
14840,2681676,4.0
7934,2721006,4.0
17714,2696944,4.0
27521,2718452,4.0
16856,2712762,4.0
8637,2718185,4.0
17113,2722878,4.0
6789,2698738,4.0
7208,2706142,4.0
20797,2727777,4.0
32895,2719144,4.0
7974,2717727,4.0
3925,2720716,4.0
31889,2714998,4.0
7830,2716376,4.0
21741,2712782,4.0
43353,2720029,4.0
12498,2691747,4.0
6260,2720821,4.0
43026,2726255,4.0
28253,2715752,4.0
1399,2702438,4.0
14948,2695895,4.0
425,2708388,4.0
2991,2729710,4.0
1206,2703399,4.0
3455,2706638,4.0
3917,2701820,4.0
16009,2706719,4.0
29316,2721890,4.0
7503,2706075,4.0
21491,2705525,4.0
877,2719217,4.0
29781,2724156,4.0
696,2726769,4.0
1418,2710282,4.0
34260,2720089,4.0
21,2700934,4.0
22269,2708101,4.0
1335,2687873,4.0
18419,2712448,4.0
5832,2704892,4.0
30,2702221,4.0
44530,2730220,4.0
21491,2705501,4.0
20692,2715998,4.0
46118,2723518,4.0
17592,2711901,4.0
3917,2725039,4.0
3791,2706147,4.0
10784,2710570,4.0
26416,2718351,4.0
18214,2712289,4.0
2197,2733717,4.0
10680,2707629,4.0
14609,2701928,4.0
15839,2716688,4.0
40325,2724451,4.0
3375,2711434,4.0
10333,2712885,4.0
21720,2709038,4.0
21936,2713949,4.0
36299,2711145,4.0
22549,2707396,4.0
14954,2715693,4.0
8534,2713496,4.0
11002,2719981,4.0
290,2685656,4.0
3254,2718418,4.0
9265,2707004,4.0
12862,2732513,4.0
10673,2705248,4.0
37100,2715445,4.0
1994,2705326,4.0
11002,2734924,4.0
62,2706532,4.0
43353,2718673,4.0
4865,2698381,4.0
2988,2698207,4.0
4017,2707029,4.0
2991,2702670,4.0
8519,2704997,4.0
10673,2705292,4.0
9675,2707987,4.0
3768,2697278,4.0
33911,2712461,4.0
23224,2716094,4.0
11002,2713974,4.0
42239,2728085,4.0
1295,2692524,4.0
45705,2723431,4.0
14578,2707567,4.0
8609,2706532,4.0
17104,2713339,4.0
7719,2688968,4.0
17911,2713244,4.0
5759,2689609,4.0
3446,2712829,4.0
38870,2708534,4.0
3874,2722964,4.0
18412,2695956,4.0
19699,2703399,4.0
16450,2708097,4.0
41791,2723604,4.0
46307,2730418,4.0
14167,2711782,4.0
15675,2726048,4.0
22799,2711844,4.0
8529,2718852,4.0
1418,2733744,4.0
3003,2713932,4.0
42265,2724737,4.0
1960,2722809,4.0
11127,2703031,4.0
834,2715898,4.0
180,2729772,4.0
11475,2709314,4.0
22365,2714674,4.0
3455,2698162,4.0
19023,2724361,4.0
5541,2706147,4.0
8288,2727944,4.0
8032,2705023,4.0
47063,2731157,4.0
26262,2707889,4.0
2045,2690483,4.0
16104,2734830,4.0
7478,2699822,4.0
28702,2716704,4.0
5759,2707349,4.0
5650,2722927,4.0
26509,2716833,4.0
4540,2693968,4.0
2193,2698676,4.0
11345,2695015,4.0
23224,2707489,4.0
508,2714481,4.0
19751,2707822,4.0
17669,2708381,4.0
38199,2711943,4.0
13401,2712483,4.0
19279,2696338,4.0
13643,2708692,4.0
31111,2719928,4.0
18086,2723036,4.0
696,2726770,4.0
4430,2707626,4.0
33705,2722738,4.0
4703,2729763,4.0
12447,2713513,4.0
25552,2710681,4.0
29488,2705244,4.0
16104,2720223,4.0
33004,2712973,4.0
2840,2714431,4.0
4560,2696754,4.0
987,2720417,4.0
26195,2720618,4.0
18572,2716167,4.0
7830,2737188,4.0
46075,2723995,4.0
17846,2716329,4.0
25743,2722553,4.0
26792,2716762,4.0
19668,2712202,4.0
17247,2733379,4.0
16244,2726679,4.0
831,2705974,4.0
19481,2712584,4.0
834,2712185,4.0
14375,2729006,4.0
36225,2727175,4.0
1418,2719541,4.0
10842,2698129,4.0
10333,2720834,4.0
25473,2716935,4.0
756,2692366,4.0
16412,2716536,4.0
298,2691093,4.0
186,2703384,4.0
127,2707071,4.0
17411,2711530,4.0
12850,2682638,4.0
62,2698885,4.0
11195,2706601,4.0
11051,2704298,4.0
10118,2706739,4.0
47799,2733071,4.0
5119,2695102,4.0
10376,2700299,4.0
21518,2707308,4.0
17428,2705513,4.0
39533,2709615,4.0
7241,2707565,4.0
40517,2722038,4.0
7645,2688886,4.0
3221,2696016,4.0
17550,2716187,4.0
3950,2719141,4.0
25,2725569,4.0
16722,2711375,4.0
3917,2707320,4.0
834,2720578,4.0
11002,2711191,4.0
8447,2703587,4.0
31244,2724146,4.0
3973,2693788,4.0
10473,2703934,4.0
3375,2718258,4.0
16037,2697358,4.0
41663,2724903,4.0
32308,2708547,4.0
20202,2707298,4.0
7830,2716348,4.0
49007,2710919,4.0
2257,2700285,4.0
7316,2705146,4.0
19494,2721349,4.0
9495,2697429,4.0
970,2704176,4.0
19005,2690751,4.0
4983,2704303,4.0
24853,2717255,4.0
30,2710201,4.0
12166,2705888,4.0
12166,2704595,4.0
25516,2718975,4.0
2197,2721637,4.0
20465,2708146,4.0
5809,2710784,4.0
10797,2714785,4.0
18966,2717900,4.0
1967,2710846,4.0
33622,2718536,4.0
25388,2734409,4.0
25378,2710456,4.0
4793,2688443,4.0
15329,2707084,4.0
19164,2722714,4.0
4865,2702053,4.0
27163,2707626,4.0
2778,2727841,4.0
21729,2706895,4.0
10425,2705172,4.0
19074,2700804,4.0
14481,2713180,4.0
35133,2712000,4.0
10087,2733488,4.0
46481,2732556,4.0
1418,2712914,4.0
14430,2725191,4.0
6398,2707180,4.0
8534,2703335,4.0
6373,2717658,4.0
5650,2723426,4.0
4560,2701774,4.0
1840,2706750,4.0
8063,2707761,4.0
7719,2735082,4.0
18880,2719460,4.0
22940,2714879,4.0
17808,2713510,4.0
1188,2705854,4.0
5650,2724018,4.0
7807,2714907,4.0
21,2705749,4.0
32368,2715387,4.0
17247,2730370,4.0
3917,2703197,4.0
2792,2707794,4.0
5759,2694767,4.0
27356,2713988,4.0
19699,2714956,4.0
7643,2707020,4.0
9089,2718228,4.0
16463,2723199,4.0
1645,2704144,4.0
20758,2716580,4.0
1295,2717688,4.0
46988,2724710,4.0
11002,2707887,4.0
10784,2706533,4.0
37663,2711357,4.0
7568,2719684,4.0
24647,2706526,4.0
6533,2710317,4.0
14980,2728123,4.0
1418,2715806,4.0
7457,2695811,4.0
5879,2715182,4.0
2197,2736242,4.0
7643,2704992,4.0
6840,2717450,4.0
802,2698449,4.0
31758,2719040,4.0
7378,2703442,4.0
1418,2693868,4.0
1660,2704792,4.0
2489,2723623,4.0
13853,2725088,4.0
30,2719802,4.0
2341,2693478,4.0
7643,2702877,4.0
1295,2712010,4.0
13854,2713052,4.0
696,2716537,4.0
696,2718153,4.0
27226,2695374,4.0
1689,2723738,4.0
508,2704901,4.0
30,2719743,4.0
6619,2711384,4.0
62,2730961,4.0
2197,2716828,4.0
1418,2732526,4.0
6330,2729146,4.0
5650,2716749,4.0
19038,2732357,4.0
38322,2716646,4.0
11575,2712917,4.0
39892,2722697,4.0
17734,2719155,4.0
26470,2717552,4.0
35133,2709619,4.0
6533,2718124,4.0
21457,2715413,4.0
11002,2719238,4.0
6373,2716835,4.0
8454,2712735,4.0
11002,2710278,4.0
6689,2709387,4.0
696,2732491,4.0
314,2692267,4.0
2585,2707700,4.0
7908,2702047,4.0
1158,2707481,4.0
3003,2703470,4.0
12105,2727223,4.0
3263,2698779,4.0
8648,2707342,4.0
696,2702899,4.0
20797,2715143,4.0
7788,2707984,4.0
11294,2705226,4.0
834,2711532,4.0
1418,2712681,4.0
36787,2697312,4.0
18966,2720184,4.0
8125,2723852,4.0
21518,2707439,4.0
5043,2707199,4.0
16238,2728024,4.0
28339,2719130,4.0
2254,2702958,4.0
13346,2720968,4.0
5759,2699763,4.0
27800,2734570,4.0
17588,2704919,4.0
62,2713318,4.0
6420,2733098,4.0
834,2708646,4.0
15106,2713133,4.0
43648,2727415,4.0
11127,2723637,4.0
19023,2719965,4.0
9495,2714869,4.0
10024,2721050,4.0
8074,2696042,4.0
25,2714879,4.0
24314,2695984,4.0
14931,2716374,4.0
6533,2718254,4.0
37750,2709905,4.0
12044,2698632,4.0
9317,2726232,4.0
10520,2703279,4.0
4540,2704408,4.0
17143,2711457,4.0
1295,2734591,4.0
39533,2729536,4.0
3446,2704778,4.0
7912,2686561,4.0
24436,2707115,4.0
18966,2720151,4.0
6563,2704188,4.0
37336,2698091,4.0
29046,2715354,4.0
164,2697447,4.0
15495,2711739,4.0
6622,2706897,4.0
15452,2705974,4.0
24837,2706490,4.0
25937,2710154,4.0
38671,2709818,4.0
2523,2698834,4.0
37546,2717422,4.0
27356,2717202,4.0
5645,2718318,4.0
8075,2706268,4.0
43152,2721022,4.0
14303,2711773,4.0
30,2722282,4.0
2236,2722285,4.0
17758,2711848,4.0
26509,2720974,4.0
28339,2719129,4.0
27199,2702103,4.0
1158,2725084,4.0
17464,2714653,4.0
2116,2684445,4.0
1430,2719258,4.0
6394,2728635,4.0
10911,2707074,4.0
5426,2710220,4.0
6373,2715582,4.0
21332,2729405,4.0
11955,2708734,4.0
10784,2717876,4.0
12675,2706520,4.0
6789,2728647,4.0
1418,2710051,4.0
2197,2719055,4.0
2197,2715453,4.0
14479,2699763,4.0
6261,2695605,4.0
2257,2713862,4.0
7897,2718200,4.0
10995,2698612,4.0
696,2709493,4.0
24613,2707467,4.0
3904,2702946,4.0
1295,2723446,4.0
20465,2725175,4.0
696,2736246,4.0
5209,2701033,4.0
27661,2718374,4.0
16417,2726602,4.0
23376,2696915,4.0
2197,2685810,4.0
30,2712425,4.0
25194,2720130,4.0
9714,2719097,4.0
5106,2690482,4.0
25194,2715297,4.0
2066,2702930,4.0
33705,2726500,4.0
39503,2723404,4.0
10880,2676762,4.0
18839,2712951,4.0
2992,2719926,4.0
12863,2724420,4.0
2197,2718064,4.0
37021,2725647,4.0
36335,2731344,4.0
1295,2726804,4.0
180,2695376,4.0
8002,2705063,4.0
1295,2714977,4.0
33004,2711340,4.0
32895,2719143,4.0
13518,2710978,4.0
5083,2687503,4.0
4985,2720029,4.0
43353,2724105,4.0
28702,2717443,4.0
16104,2705458,4.0
30158,2718405,4.0
9317,2727534,4.0
20731,2708404,4.0
16450,2727768,4.0
40207,2725717,4.0
33705,2726500,4.0
12850,2722080,4.0
16573,2702930,4.0
5210,2713226,4.0
8032,2707237,4.0
21,2707676,4.0
11803,2716422,4.0
9495,2693400,4.0
696,2717430,4.0
3203,2704713,4.0
1706,2728522,4.0
7430,2733026,4.0
7316,2696598,4.0
20758,2716516,4.0
8447,2705625,4.0
19177,2708885,4.0
37036,2725005,4.0
9265,2713652,4.0
46530,2729623,4.0
5759,2691833,4.0
17758,2709518,4.0
25590,2722813,4.0
13853,2713469,4.0
46988,2731721,4.0
1295,2715898,4.0
5650,2706055,4.0
1295,2718616,4.0
15590,2714929,4.0
7934,2695230,4.0
8534,2723890,4.0
17863,2714967,4.0
13394,2723062,4.0
498,2718450,4.0
26416,2713692,4.0
2368,2703313,4.0
406,2715085,4.0
7830,2717400,4.0
20521,2715527,4.0
31758,2697311,4.0
5292,2699484,4.0
3874,2719982,4.0
2858,2705528,4.0
1660,2708656,4.0
15590,2713028,4.0
12329,2710711,4.0
7851,2706403,4.0
28156,2703366,4.0
4961,2714103,4.0
1500,2696655,4.0
16463,2715100,4.0
23862,2730811,4.0
22830,2713647,4.0
6619,2724137,4.0
11777,2707589,4.0
18880,2711615,4.0
2992,2730817,4.0
27661,2717190,4.0
16104,2703292,4.0
22232,2704862,4.0
23786,2713585,4.0
1835,2706495,4.0
8572,2699185,4.0
945,2702972,4.0
32955,2717413,4.0
30,2710973,4.0
11002,2719908,4.0
26134,2716114,4.0
406,2695053,4.0
5809,2716749,4.0
6012,2722631,4.0
17816,2710590,4.0
41319,2697990,4.0
11575,2716727,4.0
7830,2720873,4.0
8383,2697987,4.0
7080,2731030,4.0
6545,2711375,4.0
21,2705472,4.0
4985,2699919,4.0
17846,2725748,4.0
1295,2703422,4.0
20033,2719324,4.0
21113,2711915,4.0
37750,2719685,4.0
186,2705145,4.0
10472,2716810,4.0
21080,2704711,4.0
30,2727707,4.0
12805,2704972,4.0
3917,2708013,4.0
17251,2714899,4.0
25516,2710021,4.0
41024,2698215,4.0
47759,2725732,4.0
18966,2726227,4.0
12764,2701259,4.0
5650,2713330,4.0
2197,2728567,4.0
16882,2712057,4.0
26509,2717483,4.0
12178,2688924,4.0
11866,2701928,4.0
21382,2727758,4.0
38697,2717760,4.0
8716,2708885,4.0
834,2734871,4.0
3917,2708236,4.0
3923,2729967,4.0
36685,2712996,4.0
43353,2721022,4.0
9303,2703799,4.0
7830,2720202,4.0
3791,2695288,4.0
15931,2735115,4.0
37021,2719982,4.0
1418,2710767,4.0
8678,2723800,4.0
62,2730114,4.0
23918,2717185,4.0
34266,2714813,4.0
21517,2711094,4.0
7830,2722663,4.0
39503,2727080,4.0
18946,2713437,4.0
17680,2712519,4.0
25,2721929,4.0
24837,2717993,4.0
43353,2724622,4.0
14081,2733033,4.0
25745,2719187,4.0
32758,2720483,4.0
25552,2716756,4.0
7044,2713138,4.0
35504,2719100,4.0
1418,2717042,4.0
2368,2702934,4.0
7054,2706839,4.0
22757,2705057,4.0
7513,2710489,4.0
6789,2697352,4.0
41707,2727137,4.0
11808,2705506,4.0
3696,2713460,4.0
831,2719596,4.0
22668,2714885,4.0
37128,2725725,4.0
696,2721184,4.0
1418,2716893,4.0
5759,2693234,4.0
166,2705575,4.0
39503,2725419,4.0
16009,2708011,4.0
14981,2699945,4.0
696,2723612,4.0
35469,2723700,4.0
1418,2714504,4.0
14954,2715724,4.0
1991,2704711,4.0
18484,2713257,4.0
3874,2706381,4.0
14479,2697234,4.0
24314,2698220,4.0
18829,2707449,4.0
33787,2712042,4.0
38923,2722816,4.0
6619,2720203,4.0
25161,2715515,4.0
21,2714280,4.0
1418,2706347,4.0
41791,2723607,4.0
30,2720154,4.0
28556,2702765,4.0
12324,2703413,4.0
16856,2707800,4.0
23085,2700454,4.0
12850,2693819,4.0
7430,2722657,4.0
3499,2709911,4.0
8648,2707553,4.0
18833,2698769,4.0
6260,2728055,4.0
24882,2709443,4.0
23130,2716513,4.0
24314,2715094,4.0
40756,2715974,4.0
8074,2714592,4.0
34246,2715246,4.0
2695,2698502,4.0
10784,2717967,4.0
7586,2718550,4.0
1835,2719146,4.0
298,2705242,4.0
18966,2719919,4.0
1848,2704858,4.0
46795,2725210,4.0
9205,2726681,4.0
6789,2696839,4.0
17018,2706235,4.0
7830,2713093,4.0
18966,2717665,4.0
696,2699855,4.0
47759,2724898,4.0
35189,2722661,4.0
7586,2706689,4.0
1562,2725462,4.0
12055,2702710,4.0
11803,2724593,4.0
16572,2706199,4.0
12740,2708932,4.0
43353,2729223,4.0
26509,2707078,4.0
696,2736097,4.0
41233,2721766,4.0
2658,2713643,4.0
1683,2705827,4.0
15839,2715480,4.0
19699,2719042,4.0
17763,2709816,4.0
3167,2705806,4.0
834,2734876,4.0
15106,2717248,4.0
2991,2714057,4.0
10107,2733172,4.0
1418,2710662,4.0
30,2720618,4.0
27163,2711371,4.0
16009,2710686,4.0
27354,2719566,4.0
41791,2722341,4.0
25092,2707117,4.0
18042,2711095,4.0
15052,2705172,4.0
26803,2707796,4.0
11803,2708912,4.0
30,2710606,4.0
6260,2716972,4.0
8519,2705571,4.0
38488,2719771,4.0
11961,2704957,4.0
25516,2710764,4.0
22668,2712638,4.0
16009,2695049,4.0
22871,2724183,4.0
7310,2721547,4.0
10359,2717672,4.0
1239,2696954,4.0
22365,2696032,4.0
30,2708565,4.0
19751,2713666,4.0
7568,2706699,4.0
2902,2702101,4.0
43353,2723038,4.0
44530,2730921,4.0
39503,2723288,4.0
6614,2705901,4.0
35253,2698569,4.0
14348,2711182,4.0
17848,2716679,4.0
16279,2720709,4.0
2585,2718135,4.0
34699,2709009,4.0
62,2724820,4.0
12447,2713500,4.0
11955,2703640,4.0
1418,2725922,4.0
11741,2707701,4.0
2624,2707646,4.0
7241,2704008,4.0
3594,2726936,4.0
156,2703703,4.0
15656,2714273,4.0
45296,2719167,4.0
48656,2722714,4.0
24903,2723129,4.0
7719,2723020,4.0
3680,2714912,4.0
1418,2715827,4.0
7241,2703869,4.0
2368,2703758,4.0
29488,2698577,4.0
28637,2724729,4.0
26416,2728595,4.0
49628,2734692,4.0
11002,2710477,4.0
13105,2692923,4.0
5959,2695083,4.0
834,2706970,4.0
10784,2709709,4.0
16104,2717485,4.0
25182,2728014,4.0
11741,2714889,4.0
16888,2701507,4.0
889,2711746,4.0
35942,2719951,4.0
8758,2718979,4.0
9089,2711724,4.0
1683,2708673,4.0
2840,2713893,4.0
27521,2715882,4.0
22757,2707438,4.0
36335,2731291,4.0
6187,2707656,4.0
31089,2720245,4.0
8551,2720006,4.0
1295,2712153,4.0
16104,2724545,4.0
13093,2689003,4.0
18214,2712284,4.0
21980,2719318,4.0
2197,2704810,4.0
39503,2726688,4.0
7209,2726750,4.0
3236,2703521,4.0
16037,2712107,4.0
43548,2720610,4.0
44716,2731073,4.0
9218,2710444,4.0
22757,2710226,4.0
1399,2720300,4.0
16104,2709520,4.0
23042,2706740,4.0
8086,2726760,4.0
29046,2722422,4.0
17006,2710473,4.0
24837,2702951,4.0
1418,2723993,4.0
5650,2704854,4.0
7830,2710407,4.0
26509,2715537,4.0
945,2724652,4.0
24125,2709502,4.0
1295,2725751,4.0
18545,2707408,4.0
33719,2715863,4.0
20138,2708919,4.0
2882,2712370,4.0
1295,2692919,4.0
43825,2730294,4.0
15541,2707438,4.0
26095,2714154,4.0
1683,2713521,4.0
14154,2710137,4.0
11127,2710573,4.0
9338,2694077,4.0
14481,2725369,4.0
834,2734873,4.0
13043,2719123,4.0
38068,2725071,4.0
696,2720118,4.0
15493,2701078,4.0
6012,2731208,4.0
33193,2720481,4.0
18167,2715083,4.0
8217,2725737,4.0
7934,2702114,4.0
25515,2717817,4.0
6330,2713092,4.0
35795,2709071,4.0
696,2705938,4.0
5759,2696279,4.0
696,2721339,4.0
22269,2715745,4.0
18966,2716018,4.0
46530,2719279,4.0
11127,2695447,4.0
19079,2715330,4.0
27186,2710009,4.0
7719,2735086,4.0
31690,2720015,4.0
17018,2704946,4.0
10165,2697918,4.0
10183,2731237,4.0
10183,2702035,4.0
17428,2707651,4.0
7280,2692923,4.0
696,2695710,4.0
62,2710612,4.0
3212,2705395,4.0
2197,2713554,4.0
40050,2713038,4.0
2197,2693459,4.0
1168,2722754,4.0
9495,2697209,4.0
9255,2680840,4.0
1256,2693605,4.0
18966,2728810,4.0
2197,2730066,4.0
47658,2732875,4.0
15675,2719474,4.0
22635,2715871,4.0
7807,2734421,4.0
17411,2712550,4.0
46530,2719975,4.0
49552,2735115,4.0
29109,2708407,4.0
23978,2708829,4.0
18833,2704306,4.0
9080,2697430,4.0
12740,2710515,4.0
6004,2704635,4.0
11002,2705501,4.0
5119,2699604,4.0
45339,2720389,4.0
11002,2703021,4.0
20053,2712169,4.0
10784,2706537,4.0
10797,2713082,4.0
166,2718086,4.0
22235,2712839,4.0
10872,2720869,4.0
16691,2726651,4.0
2882,2736132,4.0
10921,2718390,4.0
16064,2722236,4.0
22854,2702030,4.0
19003,2707756,4.0
19005,2713594,4.0
39533,2717557,4.0
41738,2726427,4.0
25745,2718568,4.0
31239,2720672,4.0
45170,2725499,4.0
21491,2707376,4.0
3621,2694068,4.0
8519,2706219,4.0
17848,2716701,4.0
11619,2702322,4.0
23552,2702067,4.0
18697,2711173,4.0
27356,2729265,4.0
62,2714561,4.0
10784,2710582,4.0
17739,2717551,4.0
16587,2706869,4.0
6730,2719941,4.0
12742,2718452,4.0
1418,2711131,4.0
16888,2719443,4.0
3175,2705256,4.0
22673,2707690,4.0
45409,2725891,4.0
41693,2727426,4.0
9019,2691739,4.0
31349,2722471,4.0
5409,2718629,4.0
18376,2725051,4.0
25194,2719108,4.0
19279,2719692,4.0
3455,2715851,4.0
4769,2712325,4.0
45409,2726620,4.0
20465,2710717,4.0
3446,2704785,4.0
3107,2698449,4.0
16463,2712119,4.0
15576,2713825,4.0
7568,2721590,4.0
6373,2727721,4.0
6328,2704185,4.0
12105,2707736,4.0
23420,2696866,4.0
10787,2727496,4.0
11051,2702089,4.0
77,2691547,4.0
2197,2714026,4.0
18572,2716074,4.0
22059,2707467,4.0
18966,2716011,4.0
3571,2691712,4.0
11127,2703209,4.0
35231,2720257,4.0
3917,2718527,4.0
25092,2707406,4.0
22512,2717879,4.0
39143,2725311,4.0
834,2737079,4.0
49374,2732496,4.0
18966,2730237,4.0
33705,2718664,4.0
26515,2715470,4.0
41037,2729173,4.0
46988,2731364,4.0
4501,2698656,4.0
25069,2713107,4.0
3917,2704795,4.0
7897,2726206,4.0
696,2701889,4.0
20889,2717549,4.0
37081,2725263,4.0
4674,2689755,4.0
7479,2711421,4.0
33243,2703402,4.0
23,2712128,4.0
17758,2698165,4.0
1197,2716810,4.0
8396,2718707,4.0
11002,2718112,4.0
3621,2701310,4.0
45033,2714902,4.0
19279,2698835,4.0
32899,2712748,4.0
11584,2720925,4.0
3006,2721794,4.0
8002,2700087,4.0
12055,2704772,4.0
4769,2712858,4.0
18412,2702079,4.0
18289,2712986,4.0
11127,2698269,4.0
25516,2716502,4.0
25194,2706481,4.0
35925,2719521,4.0
11874,2690038,4.0
9019,2697358,4.0
45409,2727910,4.0
2991,2727532,4.0
9081,2707866,4.0
1295,2712058,4.0
10370,2694222,4.0
6619,2729154,4.0
10880,2709205,4.0
11273,2706658,4.0
23130,2714682,4.0
17049,2726330,4.0
11002,2718056,4.0
38923,2712345,4.0
23412,2714964,4.0
45814,2728237,4.0
1562,2717468,4.0
23796,2704900,4.0
26509,2710601,4.0
15437,2718223,4.0
26397,2721804,4.0
15452,2722317,4.0
5650,2715316,4.0
25092,2707117,4.0
26950,2709000,4.0
18396,2721898,4.0
2840,2723106,4.0
9495,2711357,4.0
3111,2721189,4.0
3571,2728110,4.0
23823,2726801,4.0
21,2725149,4.0
10118,2702621,4.0
3455,2717413,4.0
11866,2694077,4.0
6619,2703072,4.0
5650,2705501,4.0
39503,2708268,4.0
34152,2702052,4.0
1158,2705410,4.0
23395,2719118,4.0
30,2721224,4.0
41319,2719829,4.0
1809,2693948,4.0
12191,2711869,4.0
43519,2720655,4.0
36435,2723097,4.0
8383,2716762,4.0
6902,2690581,4.0
91,2695026,4.0
36685,2719008,4.0
23066,2709513,4.0
24293,2706787,4.0
10118,2701765,4.0
1430,2712386,4.0
10444,2725569,4.0
41894,2725293,4.0
29127,2718432,4.0
36335,2714968,4.0
6250,2706257,4.0
6958,2707306,4.0
33646,2732496,4.0
1652,2717458,4.0
7979,2707622,4.0
9265,2726851,4.0
29046,2720091,4.0
10183,2707087,4.0
12289,2692464,4.0
20028,2698747,4.0
498,2700518,4.0
1914,2722509,4.0
38671,2696040,4.0
17136,2707006,4.0
889,2725290,4.0
23224,2720173,4.0
29032,2720313,4.0
11479,2703934,4.0
47999,2720570,4.0
30,2710867,4.0
7568,2715629,4.0
9089,2705019,4.0
22109,2703645,4.0
27206,2710205,4.0
62,2719276,4.0
3917,2707013,4.0
14594,2711325,4.0
36787,2714138,4.0
5650,2706091,4.0
1893,2712299,4.0
11027,2705565,4.0
22230,2719933,4.0
24062,2719797,4.0
6394,2706475,4.0
48397,2723360,4.0
11414,2696965,4.0
28129,2706733,4.0
3455,2704710,4.0
3174,2704370,4.0
7719,2724690,4.0
28805,2720076,4.0
4847,2724880,4.0
19593,2706800,4.0
22990,2704808,4.0
186,2695636,4.0
23978,2715231,4.0
36345,2721049,4.0
18839,2712950,4.0
7316,2692791,4.0
41693,2727100,4.0
6257,2698649,4.0
11667,2709609,4.0
10333,2714555,4.0
7830,2719634,4.0
2340,2702577,4.0
5809,2705788,4.0
10270,2729495,4.0
25092,2707390,4.0
38697,2722227,4.0
2202,2706895,4.0
6420,2710538,4.0
7974,2723697,4.0
696,2721945,4.0
18966,2718234,4.0
39503,2722597,4.0
39855,2713590,4.0
2885,2715515,4.0
23880,2715099,4.0
10011,2695996,4.0
7503,2702683,4.0
21705,2723637,4.0
6260,2728009,4.0
19279,2698455,4.0
12740,2711885,4.0
12863,2711393,4.0
5650,2704095,4.0
21113,2708270,4.0
696,2737327,4.0
18966,2709956,4.0
18677,2715879,4.0
16417,2688444,4.0
33355,2732407,4.0
16110,2713639,4.0
12460,2704253,4.0
22830,2714121,4.0
42893,2706516,4.0
10995,2707049,4.0
11741,2697926,4.0
37036,2719817,4.0
45814,2726270,4.0
45814,2728191,4.0
15839,2699782,4.0
11302,2720215,4.0
18484,2722274,4.0
977,2694648,4.0
15061,2704011,4.0
36335,2715418,4.0
2489,2701053,4.0
44882,2731366,4.0
3440,2695227,4.0
4698,2695902,4.0
21680,2716409,4.0
4394,2694006,4.0
47848,2734775,4.0
10264,2701989,4.0
28558,2716741,4.0
21378,2723613,4.0
22391,2726917,4.0
186,2705048,4.0
10680,2689158,4.0
6345,2694479,4.0
11002,2710411,4.0
22296,2704434,4.0
13873,2730717,4.0
1994,2719596,4.0
10787,2726610,4.0
2866,2700943,4.0
3917,2732243,4.0
27521,2715851,4.0
12706,2712748,4.0
4137,2707175,4.0
193,2714856,4.0
21741,2730976,4.0
7974,2718746,4.0
4501,2702088,4.0
36685,2719278,4.0
38400,2718197,4.0
48499,2723528,4.0
4964,2702852,4.0
5759,2696280,4.0
6373,2722267,4.0
22668,2713992,4.0
11027,2701264,4.0
23130,2715149,4.0
4769,2727128,4.0
19699,2696009,4.0
25516,2718522,4.0
37128,2735438,4.0
20465,2699619,4.0
29046,2722460,4.0
696,2713496,4.0
41233,2721751,4.0
834,2724133,4.0
18396,2704277,4.0
10508,2716326,4.0
10264,2726112,4.0
25516,2710822,4.0
39503,2723147,4.0
37845,2720972,4.0
8370,2689100,4.0
7807,2710325,4.0
4847,2726455,4.0
29328,2708114,4.0
20135,2719494,4.0
20465,2698815,4.0
35796,2720096,4.0
1418,2706976,4.0
16104,2712284,4.0
36466,2713526,4.0
19279,2696078,4.0
43555,2714771,4.0
8106,2702770,4.0
11414,2711347,4.0
62,2726504,4.0
16632,2705487,4.0
28539,2718214,4.0
38652,2720665,4.0
41693,2715306,4.0
11002,2705487,4.0
21457,2711357,4.0
20758,2716491,4.0
8406,2709926,4.0
16290,2709523,4.0
26417,2713639,4.0
13401,2712083,4.0
3950,2728682,4.0
834,2718672,4.0
5433,2691535,4.0
26416,2715533,4.0
46988,2719335,4.0
18651,2717550,4.0
22668,2709424,4.0
12280,2686811,4.0
1301,2710658,4.0
8539,2713243,4.0
39503,2712791,4.0
12862,2707400,4.0
3428,2698627,4.0
48932,2728339,4.0
696,2712880,4.0
3625,2697423,4.0
1295,2708572,4.0
7830,2726558,4.0
11253,2712207,4.0
1418,2724774,4.0
2197,2728729,4.0
9080,2713544,4.0
9205,2723157,4.0
17111,2726426,4.0
20207,2705864,4.0
3440,2706034,4.0
26509,2715499,4.0
41693,2729186,4.0
12324,2731433,4.0
28784,2707330,4.0
834,2705131,4.0
31665,2708940,4.0
7830,2714702,4.0
6625,2696286,4.0
30,2726317,4.0
10787,2729104,4.0
37081,2723784,4.0
36299,2712089,4.0
15587,2712073,4.0
11302,2711809,4.0
30,2713165,4.0
5400,2701859,4.0
33705,2719060,4.0
9541,2728029,4.0
2335,2705042,4.0
27274,2722813,4.0
27297,2709772,4.0
35469,2713773,4.0
23401,2712874,4.0
285,2696117,4.0
7241,2729197,4.0
13363,2708376,4.0
24478,2712140,4.0
33258,2718751,4.0
21491,2706496,4.0
7241,2726955,4.0
16191,2712830,4.0
18966,2717656,4.0
45409,2715866,4.0
19038,2728937,4.0
180,2690591,4.0
25080,2705938,4.0
49262,2732249,4.0
13137,2710078,4.0
831,2726715,4.0
5759,2695604,4.0
498,2698182,4.0
4985,2686224,4.0
30,2728067,4.0
35227,2718391,4.0
834,2706893,4.0
3145,2700754,4.0
2951,2703956,4.0
19002,2711352,4.0
41693,2728906,4.0
9495,2692440,4.0
43152,2715469,4.0
49192,2723307,4.0
21080,2706608,4.0
31513,2719354,4.0
1226,2706358,4.0
831,2714785,4.0
40963,2728368,4.0
24274,2715780,4.0
285,2695592,4.0
7910,2694588,4.0
21048,2711538,4.0
1418,2702241,4.0
945,2714887,4.0
32758,2719738,4.0
1994,2711834,4.0
2197,2719610,4.0
62,2703293,4.0
28670,2710571,4.0
11027,2703023,4.0
5209,2686875,4.0
24478,2708445,4.0
13873,2716492,4.0
30511,2715919,4.0
1255,2707091,4.0
16357,2702637,4.0
8002,2702295,4.0
12324,2703288,4.0
7897,2732706,4.0
2792,2688300,4.0
945,2706124,4.0
23412,2713654,4.0
24849,2718285,4.0
33705,2723264,4.0
6789,2696370,4.0
11002,2705421,4.0
16722,2724505,4.0
2991,2729491,4.0
3876,2705482,4.0
35925,2722889,4.0
10787,2724776,4.0
2778,2706708,4.0
11127,2728541,4.0
45905,2721929,4.0
2193,2721936,4.0
20053,2699481,4.0
26175,2712104,4.0
29985,2720656,4.0
26509,2718603,4.0
16104,2728592,4.0
11027,2708129,4.0
9767,2723583,4.0
29449,2727907,4.0
9205,2731478,4.0
16632,2705491,4.0
14167,2695044,4.0
10872,2727181,4.0
30,2729968,4.0
2866,2702913,4.0
11002,2706800,4.0
42265,2724174,4.0
2193,2705111,4.0
16104,2722922,4.0
439,2685137,4.0
16104,2732321,4.0
5759,2690639,4.0
27226,2723053,4.0
834,2713515,4.0
2991,2699834,4.0
16463,2711681,4.0
10995,2719073,4.0
39273,2723178,4.0
14277,2699859,4.0
28637,2719335,4.0
11387,2709380,4.0
39503,2723289,4.0
6579,2705316,4.0
16450,2720828,4.0
16450,2720683,4.0
3917,2704239,4.0
696,2732488,4.0
45409,2730090,4.0
14375,2687925,4.0
46530,2730993,4.0
45170,2725503,4.0
26509,2704917,4.0
26803,2706888,4.0
33705,2714551,4.0
8658,2701094,4.0
48133,2733508,4.0
5119,2725069,4.0
11741,2711931,4.0
5650,2703283,4.0
7890,2692001,4.0
13922,2705900,4.0
19279,2698830,4.0
17186,2724247,4.0
36162,2714735,4.0
15839,2705408,4.0
2593,2711345,4.0
1399,2708440,4.0
16904,2720557,4.0
10270,2720039,4.0
12289,2688320,4.0
6012,2699826,4.0
22668,2714229,4.0
7851,2715185,4.0
4646,2706153,4.0
13529,2716919,4.0
35231,2716176,4.0
12324,2730671,4.0
9205,2731668,4.0
46530,2730989,4.0
45409,2730943,4.0
18887,2698735,4.0
6019,2699491,4.0
6373,2718794,4.0
16409,2716607,4.0
166,2693172,4.0
35504,2721141,4.0
15331,2705410,4.0
11302,2707996,4.0
31111,2727671,4.0
11002,2710278,4.0
35430,2708307,4.0
166,2701044,4.0
43825,2723951,4.0
1158,2711755,4.0
28638,2718152,4.0
33488,2731307,4.0
4400,2706030,4.0
18966,2716831,4.0
17247,2721437,4.0
6640,2693459,4.0
15877,2705496,4.0
2489,2721930,4.0
21,2711182,4.0
30,2721529,4.0
11326,2719248,4.0
2197,2703213,4.0
41893,2726103,4.0
34574,2715837,4.0
2156,2725043,4.0
29280,2718844,4.0
46242,2726904,4.0
23,2705567,4.0
8086,2691779,4.0
31264,2713720,4.0
19699,2703261,4.0
36299,2718166,4.0
3659,2699199,4.0
7807,2713536,4.0
44072,2727264,4.0
4985,2700843,4.0
11002,2710398,4.0
21,2703195,4.0
27186,2713481,4.0
21813,2712881,4.0
4468,2696861,4.0
3463,2694579,4.0
7897,2727601,4.0
834,2729194,4.0
41075,2723475,4.0
7830,2716379,4.0
12208,2710033,4.0
33159,2714800,4.0
35133,2718610,4.0
3871,2690044,4.0
27274,2729549,4.0
193,2707342,4.0
36335,2712819,4.0
1809,2693964,4.0
39503,2708263,4.0
4769,2708681,4.0
25,2719314,4.0
24613,2708405,4.0
10370,2709323,4.0
5326,2705391,4.0
2368,2703377,4.0
45409,2722558,4.0
7814,2722964,4.0
3003,2701900,4.0
21025,2711015,4.0
45409,2730917,4.0
5759,2699025,4.0
1703,2679451,4.0
37956,2726153,4.0
290,2704438,4.0
6730,2723267,4.0
11479,2730323,4.0
2866,2701947,4.0
4501,2696359,4.0
37546,2717541,4.0
16489,2709539,4.0
10333,2732124,4.0
35253,2710671,4.0
21332,2729440,4.0
17786,2711645,4.0
23130,2715158,4.0
17536,2710582,4.0
17567,2715406,4.0
26397,2716830,4.0
43548,2726305,4.0
32855,2731838,4.0
6803,2703640,4.0
5050,2692962,4.0
14081,2718599,4.0
8302,2717943,4.0
25092,2714874,4.0
8529,2694106,4.0
834,2703261,4.0
696,2737334,4.0
11231,2707308,4.0
48249,2732424,4.0
20202,2707212,4.0
2197,2729066,4.0
39503,2721382,4.0
48826,2734479,4.0
11889,2703361,4.0
20002,2732267,4.0
3283,2723610,4.0
18571,2734939,4.0
5209,2686847,4.0
1706,2707788,4.0
8074,2703386,4.0
23483,2716377,4.0
15143,2713142,4.0
8609,2715373,4.0
186,2685816,4.0
34772,2710627,4.0
10359,2705150,4.0
7241,2705865,4.0
45339,2730972,4.0
7890,2706134,4.0
16684,2686885,4.0
4769,2723648,4.0
23474,2733151,4.0
26195,2722282,4.0
2658,2719400,4.0
1206,2703380,4.0
43353,2722691,4.0
1399,2720361,4.0
1399,2703993,4.0
1399,2710883,4.0
27356,2720655,4.0
8534,2717976,4.0
12862,2707715,4.0
7026,2710159,4.0
889,2711758,4.0
31665,2719129,4.0
20033,2703878,4.0
7316,2693786,4.0
2368,2705943,4.0
7814,2703794,4.0
2193,2725096,4.0
16343,2728592,4.0
2778,2729434,4.0
31161,2714005,4.0
48856,2734171,4.0
1418,2725885,4.0
2955,2736664,4.0
44072,2729977,4.0
12642,2698161,4.0
9317,2721041,4.0
696,2733098,4.0
33032,2714580,4.0
25069,2706922,4.0
43353,2714911,4.0
32955,2717387,4.0
43477,2718584,4.0
11458,2713140,4.0
18308,2722917,4.0
6958,2706838,4.0
21,2696220,4.0
16857,2713451,4.0
46118,2723522,4.0
7209,2723994,4.0
33705,2718171,4.0
7934,2701033,4.0
5326,2702914,4.0
10787,2712169,4.0
9714,2697985,4.0
7974,2717699,4.0
20135,2721333,4.0
22601,2711943,4.0
4985,2707254,4.0
6394,2702946,4.0
13464,2711229,4.0
16104,2720024,4.0
35042,2709494,4.0
13643,2700521,4.0
11118,2714460,4.0
28556,2718432,4.0
46988,2723666,4.0
1155,2720959,4.0
5650,2707636,4.0
30453,2720665,4.0
13394,2723328,4.0
10430,2695729,4.0
8539,2714361,4.0
9080,2710644,4.0
25552,2719324,4.0
10787,2712012,4.0
2806,2706134,4.0
28763,2714728,4.0
37700,2710737,4.0
29739,2705081,4.0
439,2684255,4.0
12447,2709532,4.0
4480,2694661,4.0
10107,2727018,4.0
1418,2707366,4.0
2612,2704811,4.0
498,2702771,4.0
35991,2719076,4.0
7530,2698035,4.0
2763,2718602,4.0
33297,2728813,4.0
25774,2717579,4.0
11062,2708409,4.0
23880,2715095,4.0
29347,2721577,4.0
22668,2704423,4.0
7830,2717304,4.0
5811,2702457,4.0
7830,2720860,4.0
33622,2723315,4.0
62,2715880,4.0
22463,2716468,4.0
8529,2715150,4.0
834,2712631,4.0
5326,2687123,4.0
2066,2735638,4.0
5360,2703676,4.0
5106,2707131,4.0
30,2722851,4.0
19562,2709699,4.0
12827,2712277,4.0
8534,2715308,4.0
41633,2715355,4.0
18966,2716106,4.0
34217,2733056,4.0
9151,2706649,4.0
31513,2718552,4.0
19679,2707424,4.0
29849,2720981,4.0
22200,2697571,4.0
49181,2719539,4.0
11002,2710958,4.0
1646,2734507,4.0
4137,2706809,4.0
933,2714566,4.0
48397,2724690,4.0
46820,2732804,4.0
11758,2717435,4.0
696,2706966,4.0
43353,2716789,4.0
11002,2699909,4.0
7830,2725106,4.0
35155,2718391,4.0
10921,2707819,4.0
16534,2710253,4.0
5572,2702504,4.0
6012,2723064,4.0
2563,2698739,4.0
8086,2699903,4.0
696,2713503,4.0
17035,2713867,4.0
29488,2721495,4.0
696,2710555,4.0
3917,2719290,4.0
31111,2727325,4.0
24339,2693040,4.0
6012,2722664,4.0
28033,2711087,4.0
1968,2686030,4.0
34260,2721934,4.0
22348,2702044,4.0
17295,2711220,4.0
3107,2696398,4.0
9876,2726793,4.0
8217,2705410,4.0
7979,2710694,4.0
49628,2736612,4.0
314,2701726,4.0
46795,2731915,4.0
26803,2693487,4.0
40050,2704792,4.0
11055,2708092,4.0
17547,2718718,4.0
17574,2705507,4.0
16632,2695122,4.0
17120,2711346,4.0
9714,2721385,4.0
7934,2723010,4.0
39503,2719590,4.0
12850,2716839,4.0
7934,2707068,4.0
1660,2722714,4.0
29727,2704383,4.0
16856,2717553,4.0
6420,2732170,4.0
29396,2720620,4.0
36466,2712916,4.0
31665,2705661,4.0
19279,2713822,4.0
8454,2733588,4.0
35504,2719115,4.0
5729,2698832,4.0
18376,2711711,4.0
40050,2726807,4.0
49181,2721334,4.0
23,2719241,4.0
10797,2698628,4.0
8731,2730047,4.0
7513,2715734,4.0
9228,2702134,4.0
2197,2734266,4.0
156,2708491,4.0
10341,2698659,4.0
6330,2727182,4.0
11002,2710740,4.0
26509,2718606,4.0
24314,2703991,4.0
9597,2698180,4.0
8406,2730116,4.0
7109,2723341,4.0
18911,2698739,4.0
7210,2728796,4.0
1418,2709907,4.0
26769,2714877,4.0
2585,2692474,4.0
696,2713518,4.0
26509,2710604,4.0
2658,2724542,4.0
1239,2698461,4.0
17846,2711942,4.0
2828,2676433,4.0
39503,2717789,4.0
11369,2721686,4.0
22668,2706815,4.0
14609,2696661,4.0
696,2712887,4.0
20138,2701981,4.0
2593,2701310,4.0
48975,2733875,4.0
22365,2693037,4.0
1960,2716664,4.0
29371,2712608,4.0
26509,2726230,4.0
21,2692590,4.0
46447,2733218,4.0
62,2699221,4.0
1418,2706350,4.0
19948,2714373,4.0
1158,2711375,4.0
4560,2714989,4.0
1991,2686882,4.0
10087,2723001,4.0
10473,2707912,4.0
16718,2713017,4.0
31814,2709720,4.0
16450,2708408,4.0
11118,2694694,4.0
21680,2714883,4.0
17905,2695012,4.0
23435,2722681,4.0
30,2714597,4.0
19552,2733059,4.0
46118,2712299,4.0
4505,2704966,4.0
125,2701719,4.0
6782,2700655,4.0
10784,2710593,4.0
11575,2729303,4.0
18900,2694600,4.0
6447,2691904,4.0
18966,2712403,4.0
28988,2706879,4.0
1295,2715667,4.0
11002,2702665,4.0
7830,2722714,4.0
7814,2705458,4.0
164,2696288,4.0
27751,2709788,4.0
41296,2728541,4.0
1967,2729191,4.0
43868,2728843,4.0
8911,2723497,4.0
31690,2728645,4.0
23130,2716530,4.0
6533,2712948,4.0
18884,2706071,4.0
7724,2710570,4.0
43353,2718182,4.0
40050,2714925,4.0
818,2705244,4.0
18308,2730671,4.0
35925,2722904,4.0
10370,2705248,4.0
21457,2711359,4.0
6388,2699903,4.0
3950,2728162,4.0
17848,2716669,4.0
5551,2698063,4.0
15495,2711755,4.0
6619,2720051,4.0
3411,2711349,4.0
41693,2728671,4.0
77,2704785,4.0
25664,2708539,4.0
45409,2728038,4.0
1226,2717353,4.0
41037,2722156,4.0
8534,2715304,4.0
1418,2709464,4.0
42463,2725866,4.0
36028,2721898,4.0
11002,2710958,4.0
1418,2705109,4.0
6261,2690942,4.0
4697,2685763,4.0
28129,2714985,4.0
8658,2693154,4.0
19267,2704870,4.0
11002,2674620,4.0
16904,2703404,4.0
8716,2714224,4.0
2197,2686746,4.0
16104,2724216,4.0
4964,2720024,4.0
24849,2726713,4.0
17584,2720901,4.0
4468,2702521,4.0
9495,2725070,4.0
7966,2700199,4.0
21901,2708043,4.0
27484,2720645,4.0
7830,2715495,4.0
17574,2707316,4.0
41955,2727901,4.0
38392,2697410,4.0
13854,2726715,4.0
4769,2715430,4.0
3447,2727347,4.0
27462,2707801,4.0
41693,2729234,4.0
9205,2729096,4.0
6012,2725384,4.0
22668,2710999,4.0
40050,2726215,4.0
1430,2712373,4.0
36298,2721366,4.0
31111,2716892,4.0
309,2723639,4.0
10341,2704984,4.0
31758,2715875,4.0
26888,2712762,4.0
16238,2730014,4.0
23130,2716556,4.0
1295,2715426,4.0
16009,2707720,4.0
42239,2726774,4.0
18859,2710324,4.0
508,2724202,4.0
18412,2696924,4.0
19074,2722099,4.0
15116,2715791,4.0
16290,2711086,4.0
48397,2725164,4.0
2197,2723404,4.0
21421,2703340,4.0
22830,2709918,4.0
36225,2730619,4.0
18545,2725034,4.0
23130,2715127,4.0
36685,2707784,4.0
25194,2719114,4.0
24647,2710588,4.0
19481,2712535,4.0
40094,2714914,4.0
12044,2703838,4.0
35925,2722896,4.0
11027,2710629,4.0
38664,2716810,4.0
38664,2714424,4.0
17397,2714602,4.0
5811,2700555,4.0
16346,2715381,4.0
19538,2714464,4.0
4097,2693952,4.0
7660,2710127,4.0
32899,2691415,4.0
17479,2727305,4.0
18465,2714124,4.0
696,2716535,4.0
31161,2715539,4.0
5759,2695690,4.0
16104,2731156,4.0
7897,2710622,4.0
1519,2695946,4.0
49467,2734333,4.0
25704,2715244,4.0
22222,2711362,4.0
3785,2718555,4.0
4114,2714218,4.0
19494,2721608,4.0
18422,2709997,4.0
13067,2699778,4.0
47302,2715520,4.0
3003,2708750,4.0
25,2725503,4.0
21,2726837,4.0
834,2728898,4.0
38671,2695391,4.0
8376,2710185,4.0
6260,2716966,4.0
6394,2702025,4.0
15599,2710622,4.0
11715,2689251,4.0
26417,2718738,4.0
834,2713991,4.0
36471,2704820,4.0
39892,2727381,4.0
2340,2706621,4.0
24849,2718967,4.0
817,2709905,4.0
31910,2715527,4.0
32532,2712773,4.0
34596,2723862,4.0
6619,2711375,4.0
18651,2711987,4.0
18760,2715851,4.0
23130,2716477,4.0
12850,2702996,4.0
6420,2689808,4.0
17111,2726747,4.0
18966,2715582,4.0
22549,2704414,4.0
22289,2708101,4.0
2197,2717969,4.0
5970,2697383,4.0
21943,2712748,4.0
5759,2687846,4.0
24647,2710606,4.0
7290,2706527,4.0
24837,2704939,4.0
43257,2695373,4.0
1430,2719126,4.0
19017,2684726,4.0
23091,2712854,4.0
10752,2708615,4.0
8106,2727287,4.0
43064,2727323,4.0
29032,2716530,4.0
834,2725550,4.0
1228,2694630,4.0
2341,2686049,4.0
62,2713407,4.0
6250,2693941,4.0
33718,2723277,4.0
7241,2734523,4.0
834,2707306,4.0
23224,2713822,4.0
39503,2723218,4.0
19494,2716352,4.0
1562,2694614,4.0
10673,2708039,4.0
37970,2711371,4.0
834,2697939,4.0
25562,2711701,4.0
21936,2708553,4.0
9714,2712341,4.0
18966,2712028,4.0
32567,2718731,4.0
761,2704386,4.0
32955,2715855,4.0
17567,2734340,4.0
9223,2703371,4.0
23,2713018,4.0
5125,2687784,4.0
164,2704363,4.0
11808,2696309,4.0
7990,2701225,4.0
14154,2713239,4.0
22467,2720088,4.0
6640,2712003,4.0
6902,2704600,4.0
18966,2719649,4.0
19593,2707013,4.0
17411,2706555,4.0
17758,2704710,4.0
7897,2723712,4.0
7934,2721117,4.0
25552,2713501,4.0
42132,2721070,4.0
11002,2705238,4.0
27274,2722938,4.0
8074,2709920,4.0
19481,2710752,4.0
32393,2719727,4.0
19699,2713072,4.0
180,2685252,4.0
37970,2723475,4.0
8534,2694938,4.0
39838,2718389,4.0
15309,2696392,4.0
16104,2711384,4.0
19632,2729341,4.0
7241,2707580,4.0
1660,2719946,4.0
39855,2722836,4.0
34217,2722922,4.0
13611,2679166,4.0
30,2709966,4.0
2991,2702606,4.0
10787,2713080,4.0
31349,2711395,4.0
12044,2698608,4.0
41693,2726673,4.0
12105,2688322,4.0
37467,2719312,4.0
46118,2719291,4.0
3917,2707018,4.0
62,2702962,4.0
16279,2720707,4.0
28603,2713110,4.0
7830,2722703,4.0
18966,2713668,4.0
43353,2727308,4.0
39733,2714634,4.0
30365,2719995,4.0
1295,2704401,4.0
37001,2708533,4.0
25439,2706389,4.0
21113,2716475,4.0
6803,2698605,4.0
29727,2704417,4.0
2360,2716810,4.0
33297,2707352,4.0
1295,2719418,4.0
7830,2732175,4.0
2799,2706734,4.0
25,2723671,4.0
18966,2719263,4.0
43265,2724153,4.0
7316,2698381,4.0
16104,2708386,4.0
30599,2714971,4.0
1295,2724089,4.0
18050,2683873,4.0
30,2710366,4.0
30,2721901,4.0
11231,2710297,4.0
11479,2714956,4.0
21275,2721265,4.0
38923,2726500,4.0
186,2689970,4.0
4394,2696117,4.0
151,2695305,4.0
7830,2721769,4.0
23135,2701701,4.0
6330,2720330,4.0
39503,2714634,4.0
10473,2703103,4.0
818,2688280,4.0
17787,2692557,4.0
48348,2722533,4.0
7704,2717251,4.0
21255,2710153,4.0
28556,2725077,4.0
17295,2708501,4.0
6394,2720954,4.0
8383,2720085,4.0
3174,2687827,4.0
19935,2711649,4.0
43825,2721456,4.0
9945,2706612,4.0
16104,2708158,4.0
1423,2698075,4.0
3917,2704819,4.0
30,2712713,4.0
3594,2693410,4.0
2778,2727618,4.0
889,2704709,4.0
3006,2712409,4.0
3950,2696846,4.0
7280,2698116,4.0
10682,2725330,4.0
8074,2713954,4.0
15729,2713010,4.0
2778,2727581,4.0
11127,2715464,4.0
16691,2713310,4.0
42191,2729754,4.0
38359,2712339,4.0
19494,2720223,4.0
8106,2706671,4.0
62,2713069,4.0
7719,2687380,4.0
9205,2725105,4.0
4669,2704164,4.0
8288,2727600,4.0
2197,2715971,4.0
10159,2690809,4.0
6988,2695819,4.0
696,2708556,4.0
7210,2703332,4.0
9184,2713034,4.0
25354,2706140,4.0
10508,2716347,4.0
3499,2708124,4.0
19481,2716041,4.0
24853,2715120,4.0
10784,2710589,4.0
2197,2712768,4.0
16450,2727779,4.0
14126,2732952,4.0
2335,2733224,4.0
23813,2703234,4.0
9100,2699103,4.0
2197,2713332,4.0
20033,2719095,4.0
6260,2720811,4.0
6313,2706013,4.0
16489,2707987,4.0
16269,2712289,4.0
9059,2707643,4.0
8074,2705292,4.0
22232,2696808,4.0
21453,2703450,4.0
18308,2714333,4.0
6054,2702191,4.0
16064,2731462,4.0
6215,2706728,4.0
27490,2720097,4.0
38792,2721936,4.0
2257,2718273,4.0
23712,2701183,4.0
29046,2711440,4.0
779,2696079,4.0
9770,2702930,4.0
12105,2711339,4.0
19494,2721610,4.0
945,2698725,4.0
8648,2702760,4.0
30158,2711098,4.0
1295,2710024,4.0
14303,2712173,4.0
4540,2689524,4.0
26950,2716604,4.0
6330,2706911,4.0
696,2713504,4.0
41693,2714644,4.0
11387,2707206,4.0
48455,2733885,4.0
23823,2723081,4.0
62,2705486,4.0
8217,2710137,4.0
6619,2714765,4.0
9184,2701074,4.0
2585,2724136,4.0
9080,2707993,4.0
1809,2693896,4.0
17739,2719491,4.0
20053,2718655,4.0
15839,2697336,4.0
12324,2711500,4.0
10911,2709229,4.0
37128,2717758,4.0
25743,2723140,4.0
31349,2722473,4.0
16238,2730011,4.0
696,2736100,4.0
2197,2713649,4.0
7724,2703920,4.0
18809,2722863,4.0
9495,2704023,4.0
3003,2708638,4.0
7080,2695036,4.0
11479,2704966,4.0
9205,2703193,4.0
7660,2730968,4.0
2502,2696810,4.0
25,2724674,4.0
10107,2714229,4.0
3003,2729226,4.0
40050,2713632,4.0
14981,2707100,4.0
3446,2693563,4.0
7934,2692923,4.0
3107,2708882,4.0
11889,2734895,4.0
8534,2715302,4.0
36685,2715420,4.0
2197,2732225,4.0
31665,2712490,4.0
11002,2712252,4.0
309,2718254,4.0
1660,2723167,4.0
22010,2703789,4.0
19749,2716249,4.0
15437,2730337,4.0
40756,2704239,4.0
43519,2723519,4.0
14928,2727148,4.0
41037,2728946,4.0
5119,2725067,4.0
2885,2721346,4.0
10784,2708378,4.0
31513,2715527,4.0
3976,2706699,4.0
4698,2716810,4.0
25760,2704772,4.0
696,2718116,4.0
20647,2730327,4.0
22109,2715580,4.0
39638,2721804,4.0
39093,2697191,4.0
2290,2704635,4.0
48729,2732825,4.0
30,2703803,4.0
2569,2734675,4.0
20758,2720813,4.0
22668,2703943,4.0
46075,2733747,4.0
23,2734567,4.0
1295,2704377,4.0
17428,2702943,4.0
1295,2713551,4.0
12742,2704776,4.0
13105,2695874,4.0
28702,2702068,4.0
41693,2716604,4.0
14390,2729174,4.0
62,2726818,4.0
4052,2705203,4.0
10107,2728652,4.0
2197,2720874,4.0
3006,2698054,4.0
7280,2701033,4.0
1418,2710540,4.0
40050,2717982,4.0
3107,2707796,4.0
23,2703879,4.0
10784,2706558,4.0
47837,2727267,4.0
3997,2691318,4.0
36466,2707326,4.0
2905,2712083,4.0
25290,2704975,4.0
6388,2690129,4.0
7830,2722693,4.0
12006,2690038,4.0
696,2721651,4.0
1418,2708354,4.0
834,2723583,4.0
5541,2695314,4.0
27206,2701957,4.0
18955,2704059,4.0
13464,2706707,4.0
46307,2726815,4.0
14965,2704011,4.0
7934,2711882,4.0
1879,2718249,4.0
7830,2711179,4.0
1706,2726520,4.0
7814,2700950,4.0
696,2713422,4.0
2446,2706824,4.0
15331,2718678,4.0
29727,2718580,4.0
1418,2714498,4.0
12579,2687922,4.0
8531,2703570,4.0
17006,2723923,4.0
31698,2720158,4.0
16564,2702124,4.0
23130,2715143,4.0
15329,2717323,4.0
62,2710595,4.0
8651,2719567,4.0
35227,2717543,4.0
10680,2725014,4.0
18214,2715532,4.0
6373,2727806,4.0
18884,2706013,4.0
32758,2706896,4.0
31328,2709215,4.0
3917,2715406,4.0
21457,2713514,4.0
10903,2703470,4.0
1399,2717618,4.0
25473,2716972,4.0
1301,2699903,4.0
6019,2703430,4.0
62,2723072,4.0
696,2684945,4.0
889,2701299,4.0
7979,2706818,4.0
3236,2692364,4.0
3455,2717398,4.0
11323,2722296,4.0
31111,2730003,4.0
3917,2705936,4.0
30,2727815,4.0
834,2727773,4.0
14594,2699701,4.0
24006,2717091,4.0
7830,2724887,4.0
11127,2727139,4.0
24613,2717222,4.0
3455,2702208,4.0
34260,2722465,4.0
62,2713938,4.0
1295,2695898,4.0
13209,2697668,4.0
3003,2722738,4.0
1295,2723200,4.0
16104,2719975,4.0
20509,2707746,4.0
18257,2702717,4.0
9080,2696813,4.0
2197,2726058,4.0
21936,2722461,4.0
31239,2709466,4.0
10680,2711375,4.0
24849,2712662,4.0
2824,2705575,4.0
1660,2715139,4.0
11127,2732401,4.0
44853,2715703,4.0
28451,2724543,4.0
26884,2715525,4.0
45339,2713590,4.0
696,2712761,4.0
2197,2709848,4.0
19538,2715093,4.0
2341,2687102,4.0
42332,2714920,4.0
17428,2704297,4.0
121,2714952,4.0
8726,2704352,4.0
17006,2726402,4.0
21948,2712921,4.0
6330,2717967,4.0
31698,2717713,4.0
1295,2705028,4.0
29280,2718818,4.0
19017,2697039,4.0
13329,2715579,4.0
5083,2713469,4.0
696,2714868,4.0
23401,2722693,4.0
6330,2719965,4.0
20207,2702035,4.0
28611,2720575,4.0
12579,2707149,4.0
47908,2731402,4.0
26657,2719361,4.0
13957,2713226,4.0
8534,2697832,4.0
19855,2714843,4.0
34152,2703134,4.0
185,2706506,4.0
10341,2702037,4.0
10087,2735509,4.0
406,2706120,4.0
9495,2711152,4.0
8106,2706671,4.0
11955,2704711,4.0
33032,2714599,4.0
9495,2719831,4.0
24339,2714384,4.0
1430,2720146,4.0
3003,2702349,4.0
6789,2714287,4.0
22467,2712535,4.0
7479,2692265,4.0
4910,2704385,4.0
7052,2705165,4.0
1418,2710206,4.0
15590,2714828,4.0
45409,2715821,4.0
27286,2708089,4.0
8790,2707450,4.0
15069,2709032,4.0
13394,2697143,4.0
13071,2722697,4.0
11127,2723994,4.0
15568,2701754,4.0
2687,2699572,4.0
8758,2707235,4.0
10333,2722768,4.0
22668,2711776,4.0
34051,2710956,4.0
32899,2716380,4.0
7830,2708486,4.0
2585,2691718,4.0
46855,2732120,4.0
19699,2715427,4.0
23,2706183,4.0
1418,2698016,4.0
19699,2703906,4.0
19335,2703734,4.0
41693,2728382,4.0
30,2702142,4.0
11027,2705238,4.0
15792,2697974,4.0
21,2707665,4.0
696,2735308,4.0
9255,2708770,4.0
10137,2704921,4.0
3173,2733729,4.0
18050,2688464,4.0
10489,2707532,4.0
34217,2733799,4.0
5650,2693213,4.0
21066,2710540,4.0
4964,2705439,4.0
7643,2690038,4.0
18880,2711661,4.0
3493,2716121,4.0
30,2730369,4.0
12116,2719331,4.0
17848,2716675,4.0
7966,2718600,4.0
2197,2703454,4.0
46955,2730229,4.0
10021,2699934,4.0
1715,2712017,4.0
3455,2704665,4.0
18465,2724482,4.0
6531,2699873,4.0
6373,2720431,4.0
5759,2706470,4.0
7241,2703157,4.0
40050,2722691,4.0
32356,2722812,4.0
18887,2712899,4.0
8911,2725264,4.0
1379,2719236,4.0
7910,2699800,4.0
39503,2727955,4.0
19494,2714624,4.0
4595,2681692,4.0
23066,2709506,4.0
16450,2714807,4.0
33193,2717398,4.0
3976,2702392,4.0
3006,2695164,4.0
2197,2728374,4.0
32680,2718168,4.0
49628,2722765,4.0
7530,2732490,4.0
5292,2714778,4.0
1399,2720246,4.0
35886,2712207,4.0
10430,2696618,4.0
7830,2716338,4.0
37128,2729894,4.0
48975,2734903,4.0
7807,2730006,4.0
959,2705497,4.0
91,2697897,4.0
9205,2730932,4.0
32680,2694039,4.0
46633,2721954,4.0
11127,2732540,4.0
4703,2694069,4.0
39279,2715297,4.0
22877,2706511,4.0
6789,2708998,4.0
10087,2712213,4.0
2197,2730782,4.0
25760,2711244,4.0
33705,2722505,4.0
1408,2723513,4.0
18966,2720287,4.0
19017,2715430,4.0
46141,2714721,4.0
16343,2726494,4.0
48397,2733820,4.0
13919,2728596,4.0
22765,2713980,4.0
6093,2706901,4.0
5541,2711924,4.0
21113,2725295,4.0
4501,2697998,4.0
1861,2705848,4.0
41633,2723229,4.0
18900,2714129,4.0
21457,2706359,4.0
30,2722142,4.0
744,2705444,4.0
1295,2704960,4.0
2045,2695330,4.0
3625,2701993,4.0
7503,2695213,4.0
3917,2715194,4.0
7809,2691247,4.0
23483,2730063,4.0
8074,2696039,4.0
49628,2736386,4.0
6093,2707438,4.0
34364,2723302,4.0
38068,2718197,4.0
14292,2711567,4.0
19107,2719225,4.0
16104,2708292,4.0
10752,2704609,4.0
5210,2710978,4.0
1960,2734510,4.0
45409,2724903,4.0
6373,2720431,4.0
126,2712119,4.0
7908,2707101,4.0
3221,2727232,4.0
46075,2731300,4.0
30,2719505,4.0
6307,2725097,4.0
43152,2728641,4.0
20275,2714313,4.0
7378,2703344,4.0
37838,2714712,4.0
19017,2712289,4.0
1295,2725150,4.0
47992,2718680,4.0
16857,2713464,4.0
37081,2717243,4.0
33705,2726401,4.0
696,2720129,4.0
35253,2710674,4.0
35796,2722808,4.0
11127,2709010,4.0
22269,2725764,4.0
6373,2716110,4.0
13919,2733040,4.0
7643,2703192,4.0
49414,2734061,4.0
34622,2717209,4.0
36471,2713629,4.0
22668,2715547,4.0
8074,2711447,4.0
16191,2722858,4.0
23857,2710216,4.0
7280,2692925,4.0
7908,2702087,4.0
1418,2709886,4.0
48195,2727087,4.0
19593,2712992,4.0
12191,2703368,4.0
14375,2729921,4.0
6012,2696579,4.0
26888,2706187,4.0
22232,2707059,4.0
19373,2699850,4.0
21705,2713569,4.0
26657,2719341,4.0
49181,2731877,4.0
3917,2718521,4.0
7503,2724448,4.0
8288,2727655,4.0
35395,2719072,4.0
21,2708856,4.0
11002,2710679,4.0
27578,2718630,4.0
6447,2693968,4.0
18305,2709881,4.0
35400,2731097,4.0
48499,2725318,4.0
22289,2714779,4.0
29032,2720551,4.0
38482,2722905,4.0
2375,2707316,4.0
7830,2708506,4.0
6533,2708038,4.0
31157,2716389,4.0
15069,2724195,4.0
29444,2717521,4.0
5241,2725282,4.0
2197,2730393,4.0
14840,2707033,4.0
10664,2710568,4.0
298,2705056,4.0
17808,2714194,4.0
5083,2687065,4.0
2585,2709682,4.0
20465,2698212,4.0
22990,2703195,4.0
4983,2688098,4.0
13518,2724361,4.0
834,2713348,4.0
17111,2722974,4.0
43353,2719087,4.0
7241,2720732,4.0
2197,2716801,4.0
9714,2721051,4.0
1879,2711821,4.0
10995,2717521,4.0
2585,2693868,4.0
1552,2710519,4.0
5409,2707100,4.0
19699,2705075,4.0
12250,2711787,4.0
14594,2698481,4.0
7830,2724120,4.0
6622,2687926,4.0
13330,2703340,4.0
44882,2721929,4.0
166,2692471,4.0
25622,2713653,4.0
16684,2681321,4.0
39503,2721547,4.0
8531,2703396,4.0
20551,2707851,4.0
3375,2719374,4.0
39503,2723929,4.0
3696,2695945,4.0
9210,2707267,4.0
9089,2699858,4.0
7530,2689980,4.0
127,2732139,4.0
25251,2721333,4.0
8302,2722841,4.0
4501,2694566,4.0
5970,2696340,4.0
45409,2728239,4.0
9205,2731637,4.0
17247,2728290,4.0
186,2702143,4.0
8658,2707818,4.0
5083,2724533,4.0
1728,2723910,4.0
186,2705194,4.0
8716,2727228,4.0
32992,2715668,4.0
11127,2703924,4.0
19279,2701741,4.0
13644,2708449,4.0
15568,2707330,4.0
8217,2716711,4.0
11002,2700946,4.0
6012,2713613,4.0
21604,2716308,4.0
5759,2686561,4.0
20797,2727756,4.0
25,2724682,4.0
62,2702180,4.0
18966,2709094,4.0
7897,2707110,4.0
8313,2703767,4.0
7897,2699888,4.0
26792,2717012,4.0
21453,2713545,4.0
11777,2703267,4.0
44716,2724189,4.0
42324,2722110,4.0
19164,2732816,4.0
16343,2716638,4.0
14428,2713239,4.0
26932,2715968,4.0
25552,2713756,4.0
4097,2723822,4.0
62,2719269,4.0
8074,2717551,4.0
7589,2690040,4.0
16463,2727308,4.0
17592,2709536,4.0
5970,2706886,4.0
23689,2710556,4.0
5650,2703005,4.0
20692,2715983,4.0
16244,2726698,4.0
38792,2713890,4.0
45516,2727229,4.0
4052,2705215,4.0
8370,2705252,4.0
1514,2690981,4.0
10341,2699804,4.0
40050,2727088,4.0
21629,2714265,4.0
19632,2727100,4.0
17584,2724018,4.0
12324,2731689,4.0
309,2715807,4.0
27184,2710710,4.0
31328,2720155,4.0
22757,2711102,4.0
26509,2730318,4.0
38576,2723428,4.0
18677,2698165,4.0
62,2684726,4.0
18289,2715628,4.0
46307,2732970,4.0
3191,2707023,4.0
8651,2716542,4.0
11955,2711075,4.0
41024,2729303,4.0
5144,2715497,4.0
40105,2714634,4.0
2760,2690044,4.0
7807,2731217,4.0
7554,2697231,4.0
14277,2712280,4.0
43996,2723814,4.0
10995,2698591,4.0
11174,2695429,4.0
35799,2715317,4.0
12572,2696211,4.0
33243,2721522,4.0
6373,2708263,4.0
34622,2725006,4.0
41233,2721749,4.0
7478,2694604,4.0
33193,2720570,4.0
23327,2714496,4.0
6054,2702379,4.0
16691,2705832,4.0
30450,2706534,4.0
12166,2704612,4.0
11002,2709489,4.0
17118,2729819,4.0
6373,2721392,4.0
2992,2715380,4.0
18966,2717667,4.0
15331,2707049,4.0
20053,2713860,4.0
8086,2704329,4.0
40297,2726732,4.0
47658,2734305,4.0
25194,2707629,4.0
6640,2699781,4.0
37406,2707326,4.0
30,2722241,4.0
1706,2721238,4.0
11808,2690038,4.0
29046,2711477,4.0
25194,2707020,4.0
11667,2701278,4.0
18902,2716078,4.0
11002,2706231,4.0
32992,2698656,4.0
834,2718555,4.0
12226,2711891,4.0
23130,2707399,4.0
1706,2705210,4.0
46075,2720942,4.0
11353,2722890,4.0
47220,2732424,4.0
22322,2722485,4.0
5360,2704786,4.0
15061,2706231,4.0
29449,2720064,4.0
21352,2730249,4.0
31698,2719740,4.0
696,2713512,4.0
24274,2714919,4.0
13957,2713233,4.0
4918,2706655,4.0
1660,2717957,4.0
3375,2719369,4.0
15590,2720127,4.0
39503,2722996,4.0
2356,2697726,4.0
11027,2708118,4.0
23689,2699741,4.0
22668,2707180,4.0
3455,2688675,4.0
31152,2720139,4.0
3571,2697583,4.0
1295,2698867,4.0
23224,2708540,4.0
40050,2719954,4.0
15474,2704764,4.0
5070,2722678,4.0
32967,2714771,4.0
4596,2688423,4.0
40050,2706664,4.0
9080,2708041,4.0
7897,2716746,4.0
47220,2720008,4.0
33911,2716873,4.0
3917,2707350,4.0
23689,2713440,4.0
834,2722386,4.0
7093,2709040,4.0
23,2718686,4.0
10264,2726651,4.0
1861,2711230,4.0
26417,2698780,4.0
21128,2696833,4.0
24295,2712608,4.0
4674,2711722,4.0
32955,2718042,4.0
2257,2705136,4.0
18067,2688438,4.0
21568,2708301,4.0
41530,2724015,4.0
22394,2713222,4.0
6730,2729811,4.0
18398,2708566,4.0
3917,2704801,4.0
8302,2723458,4.0
26801,2729694,4.0
1418,2729024,4.0
9506,2730104,4.0
24613,2718017,4.0
166,2715921,4.0
1879,2707125,4.0
15656,2714904,4.0
16104,2707312,4.0
43825,2725591,4.0
15961,2722017,4.0
19843,2703892,4.0
28090,2707709,4.0
13817,2707390,4.0
19494,2707798,4.0
12447,2699825,4.0
16450,2720684,4.0
10995,2697847,4.0
7809,2707849,4.0
38671,2723666,4.0
10921,2707426,4.0
10087,2710025,4.0
3175,2704944,4.0
43509,2721613,4.0
24628,2707117,4.0
19984,2701068,4.0
2991,2703752,4.0
7660,2704713,4.0
10508,2716344,4.0
46988,2708463,4.0
5185,2705465,4.0
2489,2728617,4.0
11195,2698083,4.0
24478,2713668,4.0
19494,2719493,4.0
16191,2709294,4.0
18966,2715793,4.0
21289,2733836,4.0
11002,2733759,4.0
28556,2718452,4.0
11866,2691136,4.0
33705,2728206,4.0
696,2705839,4.0
5650,2699768,4.0
25052,2698792,4.0
16450,2706372,4.0
22830,2711949,4.0
6789,2710551,4.0
12226,2704218,4.0
38015,2698783,4.0
43257,2718298,4.0
16104,2726789,4.0
834,2720820,4.0
39445,2724047,4.0
1155,2720048,4.0
23437,2720570,4.0
5405,2703414,4.0
2882,2736142,4.0
17143,2723637,4.0
5759,2702617,4.0
29046,2707260,4.0
22617,2703758,4.0
46141,2731565,4.0
20465,2733934,4.0
12447,2711358,4.0
11127,2709702,4.0
31698,2716874,4.0
16718,2727257,4.0
10333,2720912,4.0
17574,2713488,4.0
2007,2696512,4.0
29032,2703330,4.0
11302,2728033,4.0
696,2735430,4.0
6012,2722762,4.0
5551,2706315,4.0
21518,2708555,4.0
3424,2688827,4.0
298,2685453,4.0
16534,2709307,4.0
11612,2708331,4.0
10680,2716592,4.0
43548,2720590,4.0
25516,2716396,4.0
6597,2697212,4.0
8074,2720443,4.0
11127,2702036,4.0
9317,2722735,4.0
30599,2720531,4.0
11100,2707222,4.0
6012,2717458,4.0
12329,2711890,4.0
19699,2718224,4.0
1418,2707854,4.0
3375,2699740,4.0
31513,2716723,4.0
498,2703762,4.0
3107,2690526,4.0
22933,2703466,4.0
38780,2717255,4.0
25760,2707595,4.0
17574,2723178,4.0
25194,2725131,4.0
2368,2699773,4.0
6420,2716542,4.0
18859,2726119,4.0
8106,2721713,4.0
12514,2702016,4.0
2792,2707797,4.0
7807,2692899,4.0
14609,2713280,4.0
15792,2719497,4.0
20053,2712362,4.0
22668,2707470,4.0
43925,2717522,4.0
29127,2717190,4.0
48549,2718328,4.0
8086,2677947,4.0
36685,2724536,4.0
7430,2719084,4.0
19279,2698832,4.0
10264,2700937,4.0
6754,2679451,4.0
1158,2704183,4.0
30083,2706441,4.0
10473,2704766,4.0
8534,2689822,4.0
833,2679086,4.0
25552,2707319,4.0
8469,2724198,4.0
6447,2697755,4.0
26262,2705252,4.0
16191,2716305,4.0
21040,2711649,4.0
38966,2726371,4.0
28129,2706659,4.0
62,2711848,4.0
18067,2687991,4.0
2446,2694238,4.0
40050,2726818,4.0
38870,2719308,4.0
16381,2709460,4.0
18859,2723936,4.0
1430,2719417,4.0
17680,2711801,4.0
2799,2713318,4.0
22212,2699158,4.0
16104,2722655,4.0
17758,2714697,4.0
40050,2713609,4.0
7830,2719400,4.0
30,2728705,4.0
23689,2704315,4.0
12740,2700743,4.0
31513,2710605,4.0
12941,2693942,4.0
2134,2701011,4.0
16104,2705170,4.0
6728,2714145,4.0
11174,2679451,4.0
7830,2727308,4.0
9317,2734835,4.0
11002,2710454,4.0
16418,2709674,4.0
3003,2726967,4.0
16104,2721418,4.0
16244,2711292,4.0
6447,2696624,4.0
5628,2694421,4.0
45864,2730996,4.0
13518,2707683,4.0
6447,2698608,4.0
11174,2717338,4.0
1285,2718096,4.0
18003,2706688,4.0
6373,2711540,4.0
17739,2709920,4.0
2991,2699438,4.0
7075,2702209,4.0
30260,2720255,4.0
11211,2713620,4.0
13919,2734773,4.0
834,2728517,4.0
18900,2703223,4.0
35400,2724033,4.0
8074,2722837,4.0
13533,2699878,4.0
45336,2730743,4.0
18836,2710442,4.0
18997,2714611,4.0
42210,2714217,4.0
1660,2719121,4.0
15839,2714850,4.0
24640,2703203,4.0
5759,2694493,4.0
28,2704151,4.0
2563,2694690,4.0
5832,2724114,4.0
25194,2701314,4.0
2193,2725089,4.0
6958,2709922,4.0
11002,2704440,4.0
46988,2721123,4.0
10333,2716765,4.0
696,2728067,4.0
49414,2731417,4.0
18396,2695908,4.0
211,2715533,4.0
24837,2714967,4.0
1689,2705437,4.0
5160,2695922,4.0
34051,2715939,4.0
1168,2710561,4.0
1295,2733134,4.0
1500,2674620,4.0
3917,2704798,4.0
31814,2716896,4.0
6373,2730716,4.0
37336,2723672,4.0
21491,2714134,4.0
45409,2720461,4.0
41065,2722964,4.0
1879,2696803,4.0
7211,2705857,4.0
1811,2718168,4.0
3594,2693269,4.0
9265,2729312,4.0
15061,2711851,4.0
10784,2706553,4.0
1335,2688239,4.0
17905,2680840,4.0
9255,2693536,4.0
44853,2732186,4.0
7241,2707897,4.0
17786,2710225,4.0
23130,2716567,4.0
7934,2719340,4.0
2585,2691904,4.0
14825,2713809,4.0
1158,2699745,4.0
1418,2701832,4.0
31690,2710552,4.0
3227,2700905,4.0
21,2704153,4.0
28539,2715092,4.0
6622,2707248,4.0
8658,2689148,4.0
3127,2701727,4.0
7814,2706041,4.0
6803,2697337,4.0
41480,2720973,4.0
4469,2696303,4.0
45814,2731079,4.0
22898,2714206,4.0
4097,2695887,4.0
834,2720841,4.0
42579,2728903,4.0
14430,2703851,4.0
45409,2722384,4.0
834,2719381,4.0
19279,2702594,4.0
5650,2687900,4.0
11889,2694957,4.0
16564,2696896,4.0
8871,2679124,4.0
4769,2734327,4.0
10865,2708763,4.0
34260,2698060,4.0
7241,2701661,4.0
3003,2726465,4.0
23712,2717348,4.0
23,2708114,4.0
6902,2705140,4.0
28097,2717084,4.0
11584,2713105,4.0
20345,2691194,4.0
8648,2707365,4.0
45409,2714845,4.0
43509,2708533,4.0
41693,2725278,4.0
15590,2713632,4.0
23406,2708008,4.0
23767,2723163,4.0
28916,2717487,4.0
11127,2724169,4.0
6545,2710601,4.0
17739,2719503,4.0
22549,2719990,4.0
22997,2702092,4.0
41663,2722517,4.0
11889,2702824,4.0
22109,2708690,4.0
36685,2719216,4.0
23395,2726852,4.0
18966,2716825,4.0
7503,2716455,4.0
23401,2713508,4.0
30599,2719078,4.0
2390,2698598,4.0
3917,2716714,4.0
18966,2708495,4.0
12208,2717672,4.0
15590,2718979,4.0
23607,2710481,4.0
40050,2719933,4.0
23,2712024,4.0
21322,2710233,4.0
29968,2686873,4.0
945,2720965,4.0
15309,2707247,4.0
2197,2711222,4.0
1418,2720151,4.0
5292,2721651,4.0
25552,2713092,4.0
831,2715916,4.0
12671,2700064,4.0
33646,2723995,4.0
45409,2724814,4.0
38392,2722433,4.0
11002,2723247,4.0
21936,2717675,4.0
14980,2698808,4.0
28846,2719308,4.0
7811,2706695,4.0
1295,2726765,4.0
36299,2708223,4.0
5360,2685969,4.0
11889,2731496,4.0
36685,2715825,4.0
24006,2708382,4.0
7568,2705864,4.0
5481,2710282,4.0
7161,2696675,4.0
1295,2729864,4.0
5759,2693786,4.0
18966,2708687,4.0
25664,2717552,4.0
3917,2703066,4.0
21352,2703663,4.0
12941,2687053,4.0
40050,2725852,4.0
4315,2702486,4.0
5400,2702565,4.0
16009,2708572,4.0
2197,2698579,4.0
21,2707659,4.0
14770,2706482,4.0
24274,2712047,4.0
33258,2708566,4.0
13644,2712155,4.0
15590,2710618,4.0
2193,2711359,4.0
26416,2715537,4.0
1158,2713091,4.0
11612,2708136,4.0
39503,2718404,4.0
2290,2706656,4.0
20078,2736175,4.0
28129,2719743,4.0
9205,2730110,4.0
16104,2718612,4.0
28988,2707277,4.0
17816,2711336,4.0
24882,2716973,4.0
19699,2715795,4.0
25473,2717040,4.0
10430,2701317,4.0
18809,2711797,4.0
11127,2713029,4.0
29032,2714996,4.0
30,2723872,4.0
39503,2721654,4.0
27751,2701747,4.0
20595,2716274,4.0
15839,2724688,4.0
29328,2719246,4.0
8288,2727741,4.0
2193,2713785,4.0
6369,2715507,4.0
9495,2723963,4.0
12197,2705395,4.0
37455,2719962,4.0
8086,2690038,4.0
17428,2725105,4.0
43555,2723663,4.0
10087,2698574,4.0
2197,2736225,4.0
13037,2712841,4.0
7568,2714958,4.0
18966,2734915,4.0
14430,2703846,4.0
16279,2726675,4.0
26791,2717097,4.0
7830,2718042,4.0
21979,2730585,4.0
43064,2724603,4.0
11027,2708627,4.0
3917,2716655,4.0
1967,2715074,4.0
23689,2714813,4.0
12417,2711234,4.0
40756,2704792,4.0
498,2692818,4.0
23224,2701717,4.0
11430,2724850,4.0
16104,2724702,4.0
21,2692865,4.0
3003,2705410,4.0
9034,2718218,4.0
1418,2719934,4.0
12514,2712839,4.0
23823,2717516,4.0
32233,2715851,4.0
13404,2706347,4.0
15568,2717212,4.0
2126,2687309,4.0
5543,2708544,4.0
33705,2720143,4.0
21680,2707439,4.0
16766,2714540,4.0
10165,2707956,4.0
2446,2704675,4.0
186,2705985,4.0
22235,2714135,4.0
6818,2705244,4.0
18946,2715546,4.0
21491,2725059,4.0
27349,2712438,4.0
3917,2704199,4.0
26961,2711419,4.0
7897,2718621,4.0
40872,2721684,4.0
15143,2701264,4.0
45339,2723188,4.0
2193,2688757,4.0
26791,2719558,4.0
47999,2720011,4.0
43084,2724608,4.0
19699,2698734,4.0
11002,2712163,4.0
16316,2709437,4.0
834,2702118,4.0
11127,2719211,4.0
28488,2707024,4.0
35504,2722788,4.0
889,2714632,4.0
16343,2718351,4.0
48656,2718606,4.0
12850,2714169,4.0
17808,2713512,4.0
2489,2711947,4.0
11002,2706776,4.0
28603,2692246,4.0
25136,2717675,4.0
19699,2718982,4.0
11027,2705590,4.0
22757,2710986,4.0
2197,2715247,4.0
12324,2707127,4.0
24468,2723822,4.0
15437,2721036,4.0
22635,2709586,4.0
7310,2714621,4.0
32488,2713481,4.0
7586,2706209,4.0
17848,2714796,4.0
834,2711950,4.0
11127,2697888,4.0
3552,2695920,4.0
7210,2727278,4.0
3375,2723757,4.0
30,2722325,4.0
21936,2709906,4.0
15568,2712295,4.0
31910,2722706,4.0
15655,2720024,4.0
26175,2709506,4.0
5879,2704000,4.0
14609,2697787,4.0
4824,2723673,4.0
32488,2711370,4.0
22590,2714361,4.0
1335,2694643,4.0
17911,2712284,4.0
11741,2715922,4.0
6012,2713385,4.0
45409,2722544,4.0
8002,2702297,4.0
15961,2707659,4.0
19074,2708791,4.0
31757,2722369,4.0
9089,2733799,4.0
1295,2696432,4.0
9205,2707357,4.0
156,2704204,4.0
834,2734584,4.0
1418,2707867,4.0
15061,2716239,4.0
6584,2690027,4.0
41738,2726174,4.0
508,2725404,4.0
2197,2722472,4.0
1418,2703021,4.0
2197,2720171,4.0
62,2698942,4.0
1295,2709957,4.0
2193,2710616,4.0
1660,2716186,4.0
7974,2719107,4.0
35253,2711375,4.0
744,2706514,4.0
9197,2725709,4.0
49074,2734164,4.0
1418,2703950,4.0
39015,2719960,4.0
22554,2689357,4.0
834,2705586,4.0
10784,2707238,4.0
1660,2724097,4.0
16422,2721301,4.0
25664,2714580,4.0
16121,2708092,4.0
33705,2716810,4.0
43353,2718188,4.0
38870,2712753,4.0
10314,2720203,4.0
7405,2704674,4.0
33736,2720991,4.0
16238,2722278,4.0
16279,2711259,4.0
11027,2698295,4.0
1706,2721811,4.0
21382,2717032,4.0
41693,2728046,4.0
1158,2707659,4.0
21048,2691978,4.0
7719,2687339,4.0
22212,2730210,4.0
46184,2721923,4.0
15729,2729294,4.0
6093,2696392,4.0
12208,2688730,4.0
38923,2726685,4.0
834,2710663,4.0
18902,2714303,4.0
13394,2711867,4.0
14348,2713337,4.0
46212,2720403,4.0
696,2728590,4.0
26741,2718316,4.0
15086,2713310,4.0
24613,2717454,4.0
7241,2719743,4.0
30,2709203,4.0
6373,2727266,4.0
2197,2710969,4.0
4646,2697944,4.0
22897,2715531,4.0
23978,2706300,4.0
33112,2680840,4.0
40474,2715632,4.0
20002,2716185,4.0
834,2729241,4.0
18966,2725834,4.0
11253,2733056,4.0
18407,2712021,4.0
12850,2723607,4.0
6330,2720196,4.0
12116,2696004,4.0
22668,2705373,4.0
10087,2709720,4.0
40754,2720074,4.0
22956,2707996,4.0
10995,2713347,4.0
18966,2717578,4.0
13518,2711394,4.0
970,2700317,4.0
935,2720756,4.0
36787,2724579,4.0
30,2709949,4.0
32001,2734223,4.0
33731,2723531,4.0
1418,2707805,4.0
23401,2707041,4.0
6545,2720734,4.0
19699,2726233,4.0
12324,2711561,4.0
6083,2705170,4.0
31111,2716011,4.0
4312,2699903,4.0
29430,2717522,4.0
19164,2722655,4.0
30,2708588,4.0
6260,2715170,4.0
22222,2718594,4.0
38438,2711705,4.0
1383,2720036,4.0
1960,2718130,4.0
3917,2704811,4.0
21088,2706501,4.0
43509,2722283,4.0
11479,2712393,4.0
15331,2706084,4.0
7208,2690779,4.0
20465,2724739,4.0
62,2724840,4.0
41738,2698776,4.0
11127,2724694,4.0
2991,2731648,4.0
5650,2690296,4.0
39093,2706664,4.0
29629,2719041,4.0
2197,2728710,4.0
15942,2710606,4.0
24930,2715479,4.0
2197,2712027,4.0
10098,2703132,4.0
24436,2716810,4.0
7897,2710619,4.0
19279,2731069,4.0
31157,2721442,4.0
8074,2708553,4.0
17923,2720919,4.0
834,2731189,4.0
26439,2714216,4.0
20459,2698592,4.0
126,2730028,4.0
40477,2712931,4.0
10264,2712748,4.0
45170,2715736,4.0
10784,2706654,4.0
10341,2703184,4.0
2197,2716447,4.0
43825,2729620,4.0
10680,2707236,4.0
39503,2722453,4.0
5572,2695807,4.0
37750,2708534,4.0
31758,2729880,4.0
33718,2708009,4.0
21936,2705830,4.0
22365,2727178,4.0
26509,2719038,4.0
6773,2723381,4.0
26013,2715013,4.0
11002,2707754,4.0
761,2705215,4.0
15331,2713959,4.0
36478,2711406,4.0
1661,2695017,4.0
17680,2709312,4.0
15331,2706084,4.0
11002,2695960,4.0
48826,2732556,4.0
2489,2709630,4.0
696,2707445,4.0
19003,2712507,4.0
43555,2726767,4.0
29907,2707251,4.0
127,2698477,4.0
30,2708544,4.0
10197,2710549,4.0
3375,2718090,4.0
10784,2710669,4.0
17595,2709478,4.0
756,2698846,4.0
42210,2714335,4.0
10473,2674600,4.0
3874,2705103,4.0
7830,2707953,4.0
16722,2720124,4.0
7830,2721765,4.0
33597,2719036,4.0
30,2705615,4.0
28556,2717199,4.0
6313,2704363,4.0
11127,2706315,4.0
1968,2688524,4.0
5209,2727091,4.0
18966,2715961,4.0
5119,2732095,4.0
3107,2706995,4.0
23437,2714965,4.0
7177,2708404,4.0
22898,2707060,4.0
26417,2706528,4.0
2778,2708814,4.0
23,2712366,4.0
32956,2707396,4.0
25182,2716459,4.0
1418,2703045,4.0
10472,2695012,4.0
127,2724888,4.0
22348,2696833,4.0
16450,2720411,4.0
27785,2707088,4.0
22668,2711285,4.0
8074,2728599,4.0
945,2720928,4.0
1706,2724791,4.0
8339,2729302,4.0
8534,2699769,4.0
16104,2705392,4.0
22322,2714302,4.0
2864,2710323,4.0
16104,2708126,4.0
22830,2714185,4.0
11352,2722621,4.0
24293,2707111,4.0
19699,2715756,4.0
3571,2706529,4.0
1295,2703020,4.0
16450,2720811,4.0
10107,2726104,4.0
11051,2721881,4.0
25080,2705937,4.0
45814,2702599,4.0
7530,2690790,4.0
10264,2707509,4.0
12324,2722160,4.0
14375,2732540,4.0
46855,2732089,4.0
2612,2705533,4.0
127,2709572,4.0
9714,2697993,4.0
27800,2722109,4.0
47992,2723252,4.0
8469,2707673,4.0
3973,2695812,4.0
45814,2727767,4.0
12850,2693400,4.0
34051,2723109,4.0
11002,2709159,4.0
13848,2711899,4.0
27349,2706970,4.0
127,2711845,4.0
7241,2732522,4.0
29078,2719838,4.0
18697,2713681,4.0
13043,2705533,4.0
18412,2697998,4.0
20924,2715517,4.0
6640,2706126,4.0
18966,2716226,4.0
5650,2702353,4.0
22235,2703368,4.0
8074,2719505,4.0
4646,2705540,4.0
33911,2717375,4.0
62,2717232,4.0
10473,2702566,4.0
4918,2706706,4.0
13854,2713068,4.0
7195,2707234,4.0
11584,2731502,4.0
945,2704889,4.0
36335,2721200,4.0
23224,2717105,4.0
11387,2704429,4.0
22765,2720665,4.0
21,2702878,4.0
22230,2717449,4.0
2197,2733734,4.0
1397,2723081,4.0
28828,2721645,4.0
9205,2731182,4.0
45867,2726239,4.0
2585,2718613,4.0
498,2721813,4.0
23169,2714914,4.0
24508,2716696,4.0
13643,2710158,4.0
45336,2724741,4.0
39855,2722509,4.0
18966,2708577,4.0
3950,2703966,4.0
45339,2724093,4.0
9317,2718160,4.0
1967,2699752,4.0
40050,2718584,4.0
9205,2724666,4.0
18997,2713412,4.0
13854,2712406,4.0
8529,2717015,4.0
1418,2713973,4.0
18396,2718732,4.0
25052,2701999,4.0
25812,2723583,4.0
4501,2706478,4.0
3917,2704803,4.0
3411,2721882,4.0
62,2707585,4.0
39093,2720750,4.0
14375,2701809,4.0
21,2712050,4.0
33049,2713587,4.0
2885,2720038,4.0
20595,2713397,4.0
21237,2725429,4.0
34260,2714866,4.0
17136,2703952,4.0
7923,2705075,4.0
13209,2707255,4.0
696,2733631,4.0
20213,2719477,4.0
40050,2724304,4.0
21705,2723604,4.0
7830,2720709,4.0
19279,2696081,4.0
23376,2701967,4.0
21236,2712393,4.0
16422,2719378,4.0
15052,2703097,4.0
23,2712428,4.0
46307,2716379,4.0
24339,2698211,4.0
3917,2706662,4.0
2878,2716877,4.0
28619,2713219,4.0
15813,2721338,4.0
17411,2706935,4.0
14348,2696724,4.0
18966,2716073,4.0
36471,2720092,4.0
29347,2714795,4.0
33093,2704092,4.0
6754,2706988,4.0
53,2711238,4.0
12642,2710150,4.0
10333,2724654,4.0
8383,2698754,4.0
18697,2711213,4.0
19256,2706103,4.0
5409,2731274,4.0
29488,2716612,4.0
1514,2723178,4.0
5551,2713092,4.0
16346,2720901,4.0
12514,2703706,4.0
10587,2694696,4.0
11002,2710457,4.0
164,2704816,4.0
12740,2698131,4.0
46114,2718061,4.0
30,2724246,4.0
1256,2704642,4.0
62,2723074,4.0
12919,2712024,4.0
8678,2723008,4.0
10159,2710971,4.0
6260,2702239,4.0
26039,2719027,4.0
18776,2715551,4.0
35042,2719367,4.0
31308,2723737,4.0
7809,2705628,4.0
7310,2705796,4.0
20135,2718351,4.0
2939,2703705,4.0
35925,2718294,4.0
45705,2726097,4.0
12208,2713773,4.0
26416,2720223,4.0
7814,2697965,4.0
27661,2718397,4.0
13529,2721476,4.0
19458,2711613,4.0
5326,2717487,4.0
23,2715983,4.0
10787,2709085,4.0
33112,2719748,4.0
6789,2703222,4.0
25503,2717680,4.0
16244,2720750,4.0
25069,2715181,4.0
22232,2709659,4.0
36299,2708175,4.0
27800,2728680,4.0
17816,2692414,4.0
20410,2715884,4.0
39093,2726687,4.0
30092,2718565,4.0
34772,2723097,4.0
1967,2728231,4.0
25718,2708750,4.0
46376,2729631,4.0
15590,2718119,4.0
18900,2708292,4.0
696,2710539,4.0
11414,2702018,4.0
25664,2717674,4.0
15590,2718087,4.0
28310,2720330,4.0
6373,2716226,4.0
9495,2715683,4.0
30,2726598,4.0
3040,2705894,4.0
3917,2708901,4.0
4097,2720708,4.0
19855,2708267,4.0
39143,2722438,4.0
23482,2723638,4.0
33646,2711102,4.0
45409,2723140,4.0
19656,2703314,4.0
4793,2692524,4.0
17272,2711429,4.0
22668,2711031,4.0
285,2696423,4.0
47613,2728973,4.0
22554,2689370,4.0
11145,2707197,4.0
22296,2703922,4.0
49007,2717495,4.0
10784,2696081,4.0
9215,2708815,4.0
14594,2713418,4.0
41633,2723267,4.0
43439,2727018,4.0
16343,2719576,4.0
18966,2719129,4.0
17550,2696051,4.0
19538,2715120,4.0
3768,2705539,4.0
26470,2711092,4.0
17739,2707438,4.0
30083,2715977,4.0
14770,2700937,4.0
39830,2723604,4.0
31758,2721324,4.0
4769,2704108,4.0
7910,2720978,4.0
46852,2733049,4.0
7378,2698671,4.0
27226,2706323,4.0
28556,2707312,4.0
1706,2723154,4.0
6619,2707089,4.0
17714,2707801,4.0
8074,2706652,4.0
8217,2725733,4.0
8288,2721240,4.0
28638,2718151,4.0
43353,2721944,4.0
5759,2706471,4.0
889,2708664,4.0
38652,2695995,4.0
24647,2710674,4.0
12514,2710009,4.0
4985,2722953,4.0
39093,2725027,4.0
42132,2727556,4.0
25745,2707377,4.0
1660,2686892,4.0
62,2717269,4.0
5811,2690027,4.0
40050,2726228,4.0
6563,2704804,4.0
46855,2723431,4.0
19699,2705058,4.0
42290,2724337,4.0
10087,2714665,4.0
6330,2720113,4.0
26416,2712762,4.0
8489,2728908,4.0
10898,2702930,4.0
14430,2729657,4.0
31758,2724577,4.0
18966,2712373,4.0
7643,2693901,4.0
26270,2706823,4.0
16055,2717793,4.0
10995,2715417,4.0
23455,2714005,4.0
18966,2719659,4.0
2257,2726529,4.0
4540,2704408,4.0
14154,2712284,4.0
3107,2706832,4.0
47384,2723638,4.0
5729,2698827,4.0
9317,2733923,4.0
13330,2703199,4.0
41693,2725277,4.0
696,2699650,4.0
11808,2701016,4.0
11002,2719195,4.0
6388,2706234,4.0
2193,2708556,4.0
25388,2730956,4.0
17186,2710433,4.0
17411,2706534,4.0
22365,2707919,4.0
26696,2706534,4.0
11294,2730004,4.0
35764,2702065,4.0
24849,2702793,4.0
6117,2690756,4.0
7530,2699411,4.0
1217,2683884,4.0
1158,2693992,4.0
40050,2728825,4.0
13977,2711809,4.0
45705,2725621,4.0
31513,2705661,4.0
15106,2716374,4.0
22830,2711902,4.0
670,2704635,4.0
10333,2727303,4.0
13813,2706863,4.0
32842,2723025,4.0
20002,2733835,4.0
47384,2723636,4.0
35514,2719914,4.0
31698,2717132,4.0
19632,2728533,4.0
19769,2708884,4.0
14375,2681559,4.0
3917,2732315,4.0
23042,2715640,4.0
62,2720801,4.0
5650,2712460,4.0
889,2694029,4.0
24322,2703851,4.0
745,2688969,4.0
45409,2718500,4.0
46447,2728644,4.0
7109,2727001,4.0
8339,2715267,4.0
30,2711739,4.0
39830,2727233,4.0
742,2705431,4.0
14594,2704889,4.0
11002,2710964,4.0
8489,2689136,4.0
23197,2698237,4.0
11777,2697494,4.0
22668,2711725,4.0
23978,2708268,4.0
8002,2703868,4.0
8534,2715451,4.0
36254,2708595,4.0
1137,2724411,4.0
7934,2719109,4.0
696,2713509,4.0
48397,2714953,4.0
696,2721692,4.0
5637,2716810,4.0
35514,2719441,4.0
7272,2710654,4.0
8074,2703611,4.0
23130,2715168,4.0
2368,2704371,4.0
46114,2732094,4.0
8758,2694886,4.0
33112,2719794,4.0
25388,2720926,4.0
41233,2728942,4.0
11002,2707742,4.0
23464,2727458,4.0
4017,2690481,4.0
18641,2712564,4.0
11414,2707049,4.0
2197,2721570,4.0
21,2719336,4.0
14430,2721114,4.0
7830,2722734,4.0
9714,2719110,4.0
4847,2696693,4.0
7932,2732862,4.0
834,2726184,4.0
1158,2718183,4.0
10769,2706527,4.0
1715,2704385,4.0
48455,2723074,4.0
21066,2706596,4.0
36345,2716746,4.0
11575,2710535,4.0
16279,2695290,4.0
9081,2705888,4.0
7026,2704443,4.0
9205,2713015,4.0
40050,2707330,4.0
41791,2725161,4.0
43825,2731241,4.0
4468,2696308,4.0
2197,2710566,4.0
19552,2715686,4.0
10995,2719071,4.0
1960,2734484,4.0
5209,2722939,4.0
17466,2726603,4.0
2858,2706538,4.0
15931,2712280,4.0
29556,2715302,4.0
1893,2692555,4.0
696,2711273,4.0
4985,2720032,4.0
7830,2713098,4.0
15655,2713451,4.0
17758,2698570,4.0
26509,2719071,4.0
9714,2721297,4.0
18677,2731906,4.0
15407,2706880,4.0
10165,2704640,4.0
285,2696486,4.0
20889,2713305,4.0
2197,2729499,4.0
10682,2719705,4.0
14303,2701742,4.0
15599,2704909,4.0
6447,2693868,4.0
38923,2717400,4.0
42463,2722909,4.0
43519,2721353,4.0
17499,2729461,4.0
10098,2715631,4.0
8106,2709139,4.0
935,2695027,4.0
6471,2713286,4.0
18296,2732445,4.0
834,2727167,4.0
3624,2709680,4.0
40050,2718117,4.0
12645,2718452,4.0
40872,2709546,4.0
17567,2710917,4.0
22109,2704679,4.0
6912,2705454,4.0
15397,2700060,4.0
18833,2707082,4.0
33718,2716711,4.0
25516,2718529,4.0
14948,2723078,4.0
9317,2722113,4.0
24613,2714204,4.0
28738,2716863,4.0
7851,2706544,4.0
40050,2716733,4.0
10137,2702082,4.0
4769,2734872,4.0
7241,2703836,4.0
18966,2718710,4.0
41791,2724695,4.0
10587,2696108,4.0
18829,2709647,4.0
5315,2702330,4.0
16191,2708712,4.0
696,2726779,4.0
18772,2727775,4.0
8520,2687036,4.0
508,2716810,4.0
18003,2701310,4.0
2778,2727481,4.0
20410,2713332,4.0
7830,2717209,4.0
696,2711906,4.0
834,2697306,4.0
26888,2721614,4.0
23918,2711233,4.0
696,2711900,4.0
8520,2703034,4.0
9945,2705607,4.0
39980,2719946,4.0
9100,2704604,4.0
696,2733745,4.0
16564,2702912,4.0
25830,2714204,4.0
20758,2720811,4.0
22670,2717680,4.0
20889,2721581,4.0
2368,2694960,4.0
28125,2709811,4.0
11055,2709611,4.0
21,2702001,4.0
11302,2708408,4.0
45461,2730956,4.0
17588,2710647,4.0
1430,2713054,4.0
8356,2721617,4.0
16450,2708107,4.0
3191,2705414,4.0
8288,2721766,4.0
20521,2711972,4.0
889,2716810,4.0
24849,2707486,4.0
834,2697852,4.0
23224,2711904,4.0
27297,2711441,4.0
39273,2725163,4.0
23689,2702892,4.0
22668,2696924,4.0
1418,2713666,4.0
498,2719562,4.0
19038,2730257,4.0
25704,2709350,4.0
19425,2709191,4.0
19552,2712313,4.0
15397,2724723,4.0
28556,2714847,4.0
1660,2720306,4.0
17247,2706833,4.0
25,2732526,4.0
30,2706420,4.0
29316,2718232,4.0
13659,2710127,4.0
834,2717315,4.0
26270,2712506,4.0
25194,2727628,4.0
3127,2698829,4.0
11002,2712102,4.0
16009,2709204,4.0
42324,2727460,4.0
11612,2716149,4.0
18214,2707402,4.0
18833,2712371,4.0
14902,2707023,4.0
834,2718751,4.0
3917,2704792,4.0
19538,2712662,4.0
1418,2710534,4.0
6373,2716029,4.0
12447,2699852,4.0
38400,2725163,4.0
5650,2720112,4.0
40325,2709215,4.0
33193,2720650,4.0
8447,2706555,4.0
18651,2709261,4.0
24436,2712981,4.0
7934,2697761,4.0
2991,2690257,4.0
16357,2704781,4.0
6789,2703986,4.0
17905,2702930,4.0
9241,2707023,4.0
6012,2729568,4.0
6260,2709492,4.0
23978,2706366,4.0
4560,2691875,4.0
12498,2711993,4.0
3440,2704060,4.0
38359,2697990,4.0
22269,2714942,4.0
5210,2713233,4.0
9218,2719911,4.0
2624,2727242,4.0
7910,2733851,4.0
19910,2708422,4.0
5759,2685672,4.0
37467,2715350,4.0
2193,2707201,4.0
24882,2730484,4.0
11002,2712133,4.0
5650,2705428,4.0
21936,2717879,4.0
42870,2725812,4.0
62,2727091,4.0
20797,2715163,4.0
5292,2725015,4.0
48716,2717057,4.0
6789,2715257,4.0
2257,2728107,4.0
27226,2723494,4.0
1295,2722133,4.0
29032,2709731,4.0
41707,2716833,4.0
23130,2716493,4.0
7729,2710343,4.0
39279,2706735,4.0
1869,2686382,4.0
45461,2730999,4.0
6782,2717028,4.0
7908,2701229,4.0
14277,2718168,4.0
12498,2689518,4.0
49192,2735074,4.0
834,2714990,4.0
19494,2720225,4.0
6130,2699037,4.0
11068,2713564,4.0
5119,2706359,4.0
12197,2704957,4.0
8074,2706870,4.0
25473,2716938,4.0
8550,2720391,4.0
17049,2725356,4.0
16290,2711482,4.0
7290,2706917,4.0
7897,2730855,4.0
2763,2697358,4.0
2197,2722168,4.0
2368,2702712,4.0
13313,2699238,4.0
35764,2697865,4.0
3917,2701725,4.0
3175,2711881,4.0
47908,2734575,4.0
7974,2694869,4.0
18966,2717060,4.0
1399,2689418,4.0
12484,2707222,4.0
1418,2707399,4.0
1399,2699544,4.0
7910,2721031,4.0
7568,2715630,4.0
8086,2691792,4.0
8074,2706877,4.0
1399,2709309,4.0
8125,2706449,4.0
41693,2716535,4.0
23327,2713482,4.0
16104,2722564,4.0
19699,2729618,4.0
7503,2703792,4.0
47047,2730445,4.0
498,2703778,4.0
19699,2705735,4.0
2202,2691610,4.0
33355,2722651,4.0
24628,2707396,4.0
7568,2706658,4.0
9089,2707369,4.0
3917,2717151,4.0
39927,2719743,4.0
1158,2707679,4.0
25194,2728283,4.0
3917,2707315,4.0
2197,2713624,4.0
27049,2714985,4.0
32089,2718239,4.0
10995,2715722,4.0
11758,2729589,4.0
29109,2722681,4.0
14928,2712713,4.0
28764,2719489,4.0
1255,2726184,4.0
42191,2727173,4.0
23176,2716513,4.0
48195,2725421,4.0
1418,2706341,4.0
834,2708417,4.0
10865,2720353,4.0
314,2717372,4.0
30,2700300,4.0
12324,2731802,4.0
4312,2701985,4.0
1527,2706011,4.0
2489,2701313,4.0
37750,2710216,4.0
48249,2733750,4.0
40754,2727197,4.0
35253,2719982,4.0
13394,2704081,4.0
37081,2722896,4.0
7568,2693649,4.0
7478,2704884,4.0
17272,2710590,4.0
2197,2710488,4.0
22668,2713804,4.0
3440,2697913,4.0
16279,2712314,4.0
16191,2723017,4.0
17816,2698236,4.0
1295,2724921,4.0
2193,2701648,4.0
18880,2706702,4.0
37750,2716363,4.0
183,2706021,4.0
21943,2707130,4.0
24006,2717010,4.0
17592,2703844,4.0
5970,2693753,4.0
25193,2707993,4.0
19164,2699876,4.0
3997,2698331,4.0
1295,2701285,4.0
15655,2713974,4.0
7897,2726808,4.0
13919,2723160,4.0
5759,2696801,4.0
35795,2718542,4.0
4480,2697911,4.0
11002,2705677,4.0
17428,2722300,4.0
1418,2698867,4.0
3145,2722918,4.0
1660,2708306,4.0
6161,2695217,4.0
24339,2712839,4.0
28129,2706690,4.0
2335,2724214,4.0
9080,2695890,4.0
29849,2719265,4.0
7704,2712425,4.0
21255,2727597,4.0
7378,2706413,4.0
31758,2720884,4.0
21948,2714219,4.0
17848,2716645,4.0
27199,2734871,4.0
19279,2699204,4.0
48656,2735435,4.0
5400,2704002,4.0
12514,2710367,4.0
7776,2700964,4.0
10880,2688453,4.0
35504,2708003,4.0
3221,2695889,4.0
10098,2708385,4.0
20758,2728174,4.0
19699,2714972,4.0
18911,2711447,4.0
3205,2695806,4.0
1660,2711370,4.0
1660,2706221,4.0
32758,2721375,4.0
27274,2723178,4.0
32067,2722706,4.0
2193,2723383,4.0
16173,2699926,4.0
7897,2728204,4.0
4381,2709779,4.0
40756,2725620,4.0
696,2735331,4.0
15590,2714914,4.0
47499,2721033,4.0
3003,2719328,4.0
18887,2712494,4.0
5409,2690038,4.0
25,2732508,4.0
15861,2729279,4.0
151,2716810,4.0
11127,2723638,4.0
10270,2726208,4.0
11808,2705000,4.0
32899,2715008,4.0
30,2707257,4.0
23483,2717054,4.0
4793,2688135,4.0
12484,2705582,4.0
6260,2723752,4.0
35314,2727368,4.0
12764,2703986,4.0
1418,2709135,4.0
7719,2720436,4.0
18308,2730664,4.0
25251,2707449,4.0
7349,2690814,4.0
1967,2696841,4.0
834,2729226,4.0
30453,2720676,4.0
12587,2704401,4.0
4595,2696785,4.0
696,2712903,4.0
21,2694017,4.0
2778,2708942,4.0
29400,2709617,4.0
1418,2707110,4.0
39503,2723415,4.0
10784,2699204,4.0
10880,2701139,4.0
29316,2707055,4.0
10865,2723321,4.0
19927,2707312,4.0
48729,2728566,4.0
11002,2704362,4.0
30,2731806,4.0
3948,2718602,4.0
10333,2725047,4.0
38392,2718388,4.0
6373,2730048,4.0
44882,2715302,4.0
13401,2705172,4.0
27349,2703514,4.0
6447,2695819,4.0
2658,2723469,4.0
10270,2702937,4.0
1967,2711652,4.0
20459,2701275,4.0
17911,2707135,4.0
34772,2723103,4.0
8288,2727949,4.0
24849,2726520,4.0
43519,2726331,4.0
13643,2728014,4.0
5650,2710286,4.0
1418,2727516,4.0
3730,2705777,4.0
16269,2710137,4.0
23042,2721595,4.0
17592,2713080,4.0
17787,2699888,4.0
22668,2703669,4.0
39503,2715400,4.0
46307,2733159,4.0
47837,2730235,4.0
2197,2730401,4.0
36685,2723991,4.0
40050,2726168,4.0
18572,2710874,4.0
42191,2697852,4.0
26885,2702605,4.0
21457,2716457,4.0
20692,2723567,4.0
45867,2732239,4.0
1158,2710497,4.0
3455,2717407,4.0
13533,2718149,4.0
33193,2720801,4.0
10664,2699710,4.0
7897,2697883,4.0
62,2730138,4.0
3917,2704807,4.0
1295,2716109,4.0
2197,2717749,4.0
834,2734875,4.0
9019,2698648,4.0
26509,2715534,4.0
7310,2713977,4.0
24849,2723408,4.0
1155,2693482,4.0
28129,2706726,4.0
26509,2722734,4.0
11741,2702810,4.0
10314,2703018,4.0
7316,2704515,4.0
15495,2707685,4.0
10784,2707799,4.0
18376,2718087,4.0
45905,2724146,4.0
7503,2729113,4.0
16822,2701774,4.0
1552,2711797,4.0
17923,2720970,4.0
36011,2723465,4.0
696,2735314,4.0
10333,2714584,4.0
1879,2734846,4.0
35504,2719356,4.0
17499,2726136,4.0
24322,2698317,4.0
7830,2715879,4.0
16279,2727177,4.0
12850,2693860,4.0
696,2723075,4.0
11027,2704440,4.0
7830,2712105,4.0
28805,2720087,4.0
7295,2696693,4.0
6373,2719914,4.0
37803,2724023,4.0
39503,2708972,4.0
11619,2703820,4.0
7830,2720758,4.0
15931,2712289,4.0
696,2711748,4.0
7513,2715736,4.0
12324,2711547,4.0
3107,2696915,4.0
2197,2719100,4.0
22673,2713638,4.0
3463,2719414,4.0
7814,2707212,4.0
2197,2717924,4.0
12484,2711015,4.0
35991,2720127,4.0
15587,2721536,4.0
5541,2725146,4.0
4697,2703853,4.0
39122,2720345,4.0
9495,2718883,4.0
10658,2703508,4.0
7241,2727727,4.0
11302,2720821,4.0
24314,2702533,4.0
16269,2710150,4.0
20135,2721610,4.0
3003,2703669,4.0
12191,2699379,4.0
32899,2719497,4.0
3003,2727123,4.0
8534,2701719,4.0
5241,2722975,4.0
2197,2732961,4.0
8534,2709463,4.0
1295,2713489,4.0
30,2698432,4.0
29400,2709659,4.0
28940,2717400,4.0
33193,2714664,4.0
4424,2726362,4.0
49552,2734835,4.0
9495,2724979,4.0
11943,2693018,4.0
7290,2710591,4.0
1295,2716508,4.0
12645,2710454,4.0
2826,2686616,4.0
2502,2695443,4.0
41693,2726684,4.0
29127,2704975,4.0
35400,2724017,4.0
2940,2702312,4.0
6619,2712964,4.0
7830,2722655,4.0
62,2731289,4.0
9089,2734595,4.0
8211,2710542,4.0
3003,2704711,4.0
1715,2706168,4.0
2197,2736112,4.0
23130,2714691,4.0
39855,2723245,4.0
23823,2714143,4.0
45814,2728042,4.0
12817,2710150,4.0
9541,2720771,4.0
31967,2705370,4.0
48549,2734834,4.0
31860,2720620,4.0
8637,2696624,4.0
19297,2711156,4.0
48826,2732480,4.0
6533,2712911,4.0
8550,2714878,4.0
21025,2713767,4.0
8519,2699876,4.0
39855,2714531,4.0
38322,2717150,4.0
5974,2688924,4.0
889,2705500,4.0
46820,2732872,4.0
28129,2706646,4.0
38671,2712349,4.0
834,2714896,4.0
37460,2723375,4.0
3635,2711918,4.0
1295,2718672,4.0
14375,2699517,4.0
24436,2717858,4.0
17411,2711112,4.0
2799,2691248,4.0
11002,2708752,4.0
18412,2705859,4.0
26888,2704841,4.0
13854,2713170,4.0
696,2719501,4.0
45814,2728026,4.0
12850,2710162,4.0
47685,2719505,4.0
18262,2704934,4.0
12191,2699761,4.0
16243,2713403,4.0
4560,2695824,4.0
17411,2702354,4.0
41233,2721365,4.0
17411,2710943,4.0
193,2718883,4.0
11330,2727623,4.0
49192,2721991,4.0
14375,2732217,4.0
6257,2692927,4.0
3917,2717204,4.0
1383,2732034,4.0
26702,2709485,4.0
8790,2717679,4.0
35796,2719100,4.0
20797,2722603,4.0
49552,2736954,4.0
37663,2718988,4.0
24295,2717842,4.0
10333,2718621,4.0
11808,2701033,4.0
19699,2719125,4.0
16857,2712957,4.0
21,2706630,4.0
7378,2706615,4.0
8538,2697395,4.0
13644,2706594,4.0
18966,2712025,4.0
15474,2729223,4.0
2134,2685722,4.0
11456,2710627,4.0
12642,2720410,4.0
31239,2711134,4.0
3191,2706021,4.0
22877,2711197,4.0
889,2696047,4.0
48549,2722813,4.0
6659,2707567,4.0
18376,2717942,4.0
19300,2715302,4.0
3003,2721517,4.0
43996,2716663,4.0
696,2721340,4.0
2905,2706345,4.0
32758,2721494,4.0
2585,2718190,4.0
1256,2699368,4.0
27356,2718873,4.0
8107,2707401,4.0
18966,2711611,4.0
12742,2718464,4.0
24478,2723213,4.0
20947,2719954,4.0
7897,2717472,4.0
834,2721563,4.0
22432,2711618,4.0
21729,2714062,4.0
10370,2708960,4.0
18966,2717722,4.0
30,2727419,4.0
5879,2700189,4.0
1893,2699604,4.0
10787,2726411,4.0
7719,2732487,4.0
20138,2710319,4.0
15793,2722232,4.0
18997,2724906,4.0
6788,2691672,4.0
11955,2698605,4.0
19632,2727093,4.0
27186,2706228,4.0
46376,2726788,4.0
10197,2699804,4.0
6307,2681685,4.0
186,2705928,4.0
17245,2718855,4.0
6789,2732466,4.0
18214,2707044,4.0
12044,2712315,4.0
15890,2717083,4.0
16450,2720813,4.0
37406,2718058,4.0
11002,2695328,4.0
18697,2711042,4.0
20692,2731992,4.0
62,2726250,4.0
3295,2690276,4.0
62,2706547,4.0
29316,2715007,4.0
6260,2728053,4.0
46481,2732168,4.0
18214,2713239,4.0
15961,2719975,4.0
4865,2702001,4.0
22942,2726739,4.0
25516,2709426,4.0
17816,2693980,4.0
193,2717776,4.0
32758,2720878,4.0
1967,2712776,4.0
2390,2692252,4.0
9100,2704643,4.0
21,2714803,4.0
151,2719236,4.0
37700,2711697,4.0
45905,2723129,4.0
8534,2715306,4.0
1285,2704355,4.0
6307,2703123,4.0
31674,2718508,4.0
25388,2728497,4.0
12280,2702905,4.0
166,2715303,4.0
4966,2686870,4.0
17391,2708636,4.0
22232,2723996,4.0
47338,2727146,4.0
12044,2704755,4.0
45697,2731042,4.0
7241,2720704,4.0
15576,2723236,4.0
13853,2725030,4.0
298,2700584,4.0
2290,2704713,4.0
24613,2718038,4.0
20013,2711562,4.0
2193,2722457,4.0
49281,2723172,4.0
45705,2686871,4.0
1418,2724792,4.0
32488,2713482,4.0
6260,2733772,4.0
11253,2703330,4.0
17567,2734700,4.0
22757,2713953,4.0
24339,2698767,4.0
10430,2706839,4.0
44991,2723203,4.0
17584,2724671,4.0
2197,2709515,4.0
6782,2703701,4.0
21741,2715082,4.0
43825,2728918,4.0
18966,2732578,4.0
1295,2729512,4.0
11387,2705238,4.0
14902,2725657,4.0
22897,2709924,4.0
7897,2705457,4.0
46627,2728027,4.0
211,2721558,4.0
11002,2705870,4.0
1879,2714920,4.0
23862,2721971,4.0
2556,2680935,4.0
11002,2705495,4.0
34051,2714790,4.0
46627,2731120,4.0
915,2705471,4.0
3148,2704940,4.0
26801,2721551,4.0
1418,2702253,4.0
11584,2726659,4.0
22668,2709443,4.0
15737,2712544,4.0
19679,2702803,4.0
5043,2704552,4.0
7241,2716522,4.0
17411,2708248,4.0
26509,2728603,4.0
5970,2693537,4.0
15101,2716082,4.0
24882,2722745,4.0
43825,2728564,4.0
21,2719800,4.0
8063,2707642,4.0
4540,2706624,4.0
22668,2715449,4.0
36913,2725703,4.0
8658,2704992,4.0
25473,2717022,4.0
10995,2705504,4.0
22680,2706659,4.0
16357,2710730,4.0
1399,2719735,4.0
4964,2714925,4.0
23785,2703231,4.0
5759,2693335,4.0
6447,2690981,4.0
7643,2693868,4.0
1960,2722678,4.0
5650,2699872,4.0
21332,2727837,4.0
13464,2705573,4.0
13425,2699846,4.0
756,2705143,4.0
14948,2696296,4.0
4114,2723906,4.0
1418,2714501,4.0
32344,2721004,4.0
29488,2711357,4.0
11002,2706172,4.0
48428,2719127,4.0
30,2700795,4.0
39503,2720754,4.0
3127,2706997,4.0
2992,2727142,4.0
20446,2714909,4.0
2778,2699833,4.0
14840,2711379,4.0
18880,2712387,4.0
7665,2710091,4.0
15926,2705428,4.0
24436,2716361,4.0
3493,2716401,4.0
25473,2716522,4.0
18911,2711453,4.0
13873,2697514,4.0
45409,2720570,4.0
2197,2720715,4.0
696,2702701,4.0
18955,2708354,4.0
8974,2703475,4.0
20013,2704072,4.0
5075,2687775,4.0
16418,2714432,4.0
1967,2710431,4.0
23130,2716572,4.0
37081,2714497,4.0
7910,2721013,4.0
17786,2730597,4.0
9768,2696954,4.0
18171,2715863,4.0
126,2732817,4.0
8538,2704173,4.0
28619,2719681,4.0
15569,2716686,4.0
22799,2702778,4.0
10263,2706420,4.0
6373,2709235,4.0
10264,2704015,4.0
19510,2712082,4.0
7210,2722024,4.0
44530,2724444,4.0
45814,2718301,4.0
8086,2677913,4.0
1634,2723699,4.0
8447,2734594,4.0
46481,2732486,4.0
2197,2714635,4.0
8075,2713575,4.0
8531,2700199,4.0
180,2702381,4.0
27274,2710763,4.0
23130,2715170,4.0
20465,2724807,4.0
3375,2713341,4.0
834,2711891,4.0
2847,2686216,4.0
3428,2705922,4.0
28603,2705916,4.0
17758,2714700,4.0
27111,2717116,4.0
3917,2707356,4.0
4983,2696295,4.0
10314,2724245,4.0
45339,2727826,4.0
5650,2698153,4.0
696,2721608,4.0
5959,2702016,4.0
1295,2712154,4.0
21255,2710384,4.0
7080,2705538,4.0
5409,2718648,4.0
11118,2692386,4.0
15331,2718669,4.0
23857,2708534,4.0
9385,2706186,4.0
23130,2716466,4.0
5409,2731273,4.0
28488,2706452,4.0
186,2702970,4.0
39015,2717008,4.0
17113,2722850,4.0
3428,2704448,4.0
39838,2713082,4.0
14965,2696675,4.0
11002,2702687,4.0
27226,2708546,4.0
43353,2726602,4.0
35253,2723739,4.0
41233,2721041,4.0
46326,2731336,4.0
45516,2713069,4.0
49374,2720942,4.0
8871,2679166,4.0
16009,2701711,4.0
30,2722020,4.0
166,2706558,4.0
31741,2718325,4.0
26095,2711689,4.0
91,2695016,4.0
11741,2701316,4.0
3876,2698718,4.0
7809,2704731,4.0
29371,2710360,4.0
30,2705784,4.0
29503,2726712,4.0
39533,2713548,4.0
36011,2712233,4.0
7934,2723598,4.0
12006,2701333,4.0
39855,2697209,4.0
6012,2712940,4.0
37081,2725265,4.0
38923,2715237,4.0
32899,2712753,4.0
1418,2705087,4.0
45339,2723280,4.0
4964,2700836,4.0
43353,2713445,4.0
3006,2728245,4.0
8637,2693868,4.0
9089,2731198,4.0
46047,2728083,4.0
34364,2719615,4.0
7807,2711265,4.0
6260,2720725,4.0
6394,2719994,4.0
29488,2720620,4.0
9317,2733200,4.0
18050,2702468,4.0
29046,2706527,4.0
186,2698304,4.0
32842,2716657,4.0
37750,2717542,4.0
38973,2716585,4.0
21457,2718125,4.0
10489,2712665,4.0
8288,2721408,4.0
18392,2705170,4.0
7316,2705253,4.0
1835,2717994,4.0
3003,2711375,4.0
13037,2725011,4.0
25194,2715788,4.0
4315,2709618,4.0
1861,2689429,4.0
7310,2716902,4.0
29046,2705626,4.0
17287,2697527,4.0
9205,2722354,4.0
19699,2715787,4.0
18677,2715855,4.0
23042,2715300,4.0
21901,2710582,4.0
8032,2715884,4.0
1418,2715783,4.0
6622,2696031,4.0
11359,2717347,4.0
7347,2691260,4.0
696,2699914,4.0
46118,2719290,4.0
44329,2715090,4.0
10587,2714612,4.0
18308,2713066,4.0
31085,2715503,4.0
23452,2703876,4.0
25773,2715282,4.0
17118,2727980,4.0
16104,2713403,4.0
29756,2707312,4.0
3917,2706666,4.0
20002,2708874,4.0
1418,2727902,4.0
11479,2714974,4.0
2193,2726296,4.0
9714,2693027,4.0
7934,2698264,4.0
1418,2715246,4.0
7851,2708325,4.0
3003,2719236,4.0
3730,2705048,4.0
13848,2699872,4.0
14024,2709692,4.0
3917,2719217,4.0
4400,2705961,4.0
46633,2686107,4.0
3874,2708758,4.0
22783,2710649,4.0
834,2734412,4.0
3191,2706502,4.0
7568,2722857,4.0
2044,2730567,4.0
33488,2730123,4.0
1660,2714642,4.0
7241,2707571,4.0
43407,2727197,4.0
26417,2698231,4.0
2197,2715242,4.0
21741,2702209,4.0
15839,2694584,4.0
22668,2710982,4.0
6330,2725149,4.0
186,2696831,4.0
7241,2716498,4.0
18067,2712046,4.0
2585,2693883,4.0
24478,2708996,4.0
3003,2732371,4.0
16104,2709702,4.0
20692,2732813,4.0
47769,2734692,4.0
22289,2719396,4.0
20053,2709494,4.0
25,2710510,4.0
42938,2723061,4.0
8447,2730482,4.0
5974,2704998,4.0
6330,2717971,4.0
11100,2707212,4.0
11002,2707757,4.0
21535,2705179,4.0
34860,2721536,4.0
11002,2711256,4.0
508,2706484,4.0
7719,2688970,4.0
30,2710895,4.0
7897,2707072,4.0
406,2688144,4.0
18407,2709877,4.0
7093,2709165,4.0
1158,2717313,4.0
9768,2696944,4.0
696,2711720,4.0
2446,2705907,4.0
46376,2732444,4.0
13643,2704136,4.0
42332,2722125,4.0
10264,2710859,4.0
25,2724167,4.0
10264,2698762,4.0
23712,2701068,4.0
1811,2710662,4.0
2120,2694458,4.0
3440,2707733,4.0
1960,2718580,4.0
11127,2733741,4.0
1418,2725888,4.0
24613,2717153,4.0
11027,2705564,4.0
22897,2699779,4.0
8107,2712970,4.0
14928,2700295,4.0
7897,2704915,4.0
40105,2715106,4.0
9714,2719118,4.0
2563,2694690,4.0
7241,2733896,4.0
22668,2706914,4.0
11002,2732892,4.0
29488,2700756,4.0
22668,2701708,4.0
17411,2710035,4.0
37128,2729339,4.0
25518,2712967,4.0
27419,2706647,4.0
11127,2720000,4.0
47759,2726859,4.0
23,2734605,4.0
22269,2714328,4.0
696,2711869,4.0
40050,2714911,4.0
27490,2708067,4.0
32233,2720620,4.0
33297,2717411,4.0
696,2718505,4.0
945,2726192,4.0
20731,2708446,4.0
6250,2721981,4.0
36466,2711909,4.0
32758,2720829,4.0
30092,2718473,4.0
12498,2711694,4.0
49181,2720097,4.0
11002,2695338,4.0
41707,2723386,4.0
48079,2723538,4.0
2878,2702557,4.0
2044,2722895,4.0
45339,2723293,4.0
16424,2706682,4.0
2386,2685927,4.0
36685,2725461,4.0
15737,2727890,4.0
48133,2733767,4.0
2193,2715305,4.0
30,2713909,4.0
37845,2715723,4.0
14126,2719069,4.0
23,2726233,4.0
1158,2712446,4.0
2197,2724114,4.0
6619,2706712,4.0
37595,2722974,4.0
19017,2711891,4.0
7830,2721631,4.0
26195,2708121,4.0
23833,2699800,4.0
12587,2705548,4.0
20053,2712135,4.0
1660,2720595,4.0
7830,2727319,4.0
6012,2718163,4.0
40234,2719559,4.0
19699,2715787,4.0
7830,2722679,4.0
1430,2713067,4.0
4009,2699821,4.0
49374,2733112,4.0
23327,2714575,4.0
23176,2716336,4.0
7331,2735696,4.0
2585,2693968,4.0
2375,2727783,4.0
7026,2706351,4.0
17428,2706140,4.0
13853,2714330,4.0
2986,2704635,4.0
7295,2705895,4.0
959,2726461,4.0
27206,2718539,4.0
41296,2720968,4.0
28793,2724680,4.0
35799,2724340,4.0
6789,2698741,4.0
3003,2707570,4.0
32488,2720954,4.0
40105,2713338,4.0
156,2720186,4.0
21453,2708553,4.0
41782,2714166,4.0
9541,2716477,4.0
21,2704180,4.0
17536,2701957,4.0
7897,2726033,4.0
1418,2724718,4.0
17536,2717566,4.0
1399,2715587,4.0
34596,2711150,4.0
1226,2708920,4.0
21066,2707316,4.0
945,2707313,4.0
41296,2720079,4.0
11002,2708412,4.0
10995,2716407,4.0
43825,2719275,4.0
22997,2702110,4.0
33193,2720616,4.0
696,2707053,4.0
12579,2707990,4.0
21924,2704811,4.0
21,2697383,4.0
10342,2704889,4.0
20013,2725285,4.0
19944,2699859,4.0
4540,2704409,4.0
22230,2724979,4.0
18900,2711401,4.0
1614,2713286,4.0
40105,2727127,4.0
5170,2701521,4.0
4918,2705864,4.0
3917,2707321,4.0
19362,2699546,4.0
25503,2707242,4.0
2044,2731386,4.0
3107,2723726,4.0
17143,2723638,4.0
4394,2697514,4.0
2939,2720657,4.0
1562,2698628,4.0
19699,2698779,4.0
41480,2722994,4.0
26691,2703910,4.0
46141,2728963,4.0
28793,2716815,4.0
17848,2716665,4.0
15427,2726814,4.0
16904,2702124,4.0
36478,2712930,4.0
2882,2719698,4.0
48656,2720974,4.0
28638,2734361,4.0
29510,2708283,4.0
8637,2690981,4.0
7349,2724804,4.0
17734,2717740,4.0
33705,2725449,4.0
6394,2707115,4.0
22680,2695836,4.0
33705,2722417,4.0
39980,2712812,4.0
6689,2715208,4.0
12805,2704832,4.0
27274,2720713,4.0
15975,2697881,4.0
2882,2712149,4.0
1295,2719325,4.0
34699,2710664,4.0
2197,2712768,4.0
285,2696414,4.0
1430,2716104,4.0
2687,2688718,4.0
25354,2725552,4.0
11127,2702049,4.0
1508,2688342,4.0
1430,2715793,4.0
33622,2722938,4.0
19458,2713650,4.0
16632,2713803,4.0
31239,2711785,4.0
1158,2707660,4.0
45336,2732873,4.0
21948,2714219,4.0
1295,2719012,4.0
47220,2732426,4.0
14825,2725915,4.0
