{
    "gini": 0.6431968212127686,
    "mean_ndcg": 0.10018239948412863,
    "proportional_fairness": [
        0.7845472300290574
    ],
    "rbo": 0.9162183293902199,
    "nlip": 0.09087195731910636,
    "coverage": 0.5483451663601551
}